2025-01-14T00:17:13.481+01:00  INFO 66460 --- [competition-management-service] [http-nio-8084-exec-10] org.league.app.filter.JWTFilter          : Extracted email: ylopatkin@gmail.com
2025-01-14T00:17:13.492+01:00  INFO 66460 --- [competition-management-service] [http-nio-8084-exec-10] org.league.app.filter.JWTFilter          : User email: ylopatkin@gmail.com
2025-01-14T00:17:23.590+01:00  INFO 66460 --- [competition-management-service] [http-nio-8084-exec-2] org.league.app.filter.JWTFilter          : Extracted email: ylopatkin@gmail.com
2025-01-14T00:17:23.590+01:00  INFO 66460 --- [competition-management-service] [http-nio-8084-exec-2] org.league.app.filter.JWTFilter          : User email: ylopatkin@gmail.com
2025-01-14T00:17:28.515+01:00  INFO 66460 --- [competition-management-service] [http-nio-8084-exec-3] org.league.app.filter.JWTFilter          : Extracted email: ylopatkin@gmail.com
2025-01-14T00:17:28.515+01:00  INFO 66460 --- [competition-management-service] [http-nio-8084-exec-3] org.league.app.filter.JWTFilter          : User email: ylopatkin@gmail.com
2025-01-14T00:17:30.376+01:00  INFO 66460 --- [competition-management-service] [http-nio-8084-exec-4] org.league.app.filter.JWTFilter          : Extracted email: ylopatkin@gmail.com
2025-01-14T00:17:30.377+01:00  INFO 66460 --- [competition-management-service] [http-nio-8084-exec-4] org.league.app.filter.JWTFilter          : User email: ylopatkin@gmail.com
2025-01-14T00:17:34.553+01:00  INFO 66460 --- [competition-management-service] [http-nio-8084-exec-6] org.league.app.filter.JWTFilter          : Extracted email: ylopatkin@gmail.com
2025-01-14T00:17:34.553+01:00  INFO 66460 --- [competition-management-service] [http-nio-8084-exec-6] org.league.app.filter.JWTFilter          : User email: ylopatkin@gmail.com
2025-01-14T00:17:38.568+01:00  INFO 66460 --- [competition-management-service] [http-nio-8084-exec-7] org.league.app.filter.JWTFilter          : Extracted email: ylopatkin@gmail.com
2025-01-14T00:17:38.568+01:00  INFO 66460 --- [competition-management-service] [http-nio-8084-exec-7] org.league.app.filter.JWTFilter          : User email: ylopatkin@gmail.com
2025-01-14T00:17:40.190+01:00  INFO 66460 --- [competition-management-service] [http-nio-8084-exec-8] org.league.app.filter.JWTFilter          : Extracted email: ylopatkin@gmail.com
2025-01-14T00:17:40.191+01:00  INFO 66460 --- [competition-management-service] [http-nio-8084-exec-8] org.league.app.filter.JWTFilter          : User email: ylopatkin@gmail.com
2025-01-14T00:17:42.984+01:00  INFO 66460 --- [competition-management-service] [http-nio-8084-exec-10] org.league.app.filter.JWTFilter          : Extracted email: ylopatkin@gmail.com
2025-01-14T00:17:42.985+01:00  INFO 66460 --- [competition-management-service] [http-nio-8084-exec-10] org.league.app.filter.JWTFilter          : User email: ylopatkin@gmail.com
2025-01-14T00:17:47.426+01:00  INFO 66460 --- [competition-management-service] [http-nio-8084-exec-1] org.league.app.filter.JWTFilter          : Extracted email: ylopatkin@gmail.com
2025-01-14T00:17:47.426+01:00  INFO 66460 --- [competition-management-service] [http-nio-8084-exec-1] org.league.app.filter.JWTFilter          : User email: ylopatkin@gmail.com
2025-01-14T00:20:15.545+01:00  INFO 66460 --- [competition-management-service] [SpringApplicationShutdownHook] j.LocalContainerEntityManagerFactoryBean : Closing JPA EntityManagerFactory for persistence unit 'default'
2025-01-14T00:20:15.549+01:00  INFO 66460 --- [competition-management-service] [SpringApplicationShutdownHook] com.zaxxer.hikari.HikariDataSource       : HikariPool-1 - Shutdown initiated...
2025-01-14T00:20:15.556+01:00  INFO 66460 --- [competition-management-service] [SpringApplicationShutdownHook] com.zaxxer.hikari.HikariDataSource       : HikariPool-1 - Shutdown completed.
2025-01-14T00:20:15.556+01:00  INFO 66460 --- [competition-management-service] [SpringApplicationShutdownHook] o.s.c.c.s.ConsulServiceRegistry          : Deregistering service with consul: competition-management-service-8084
2025-01-14T00:20:20.544+01:00  INFO 63276 --- [competition-management-service] [main] .CompetitionManagementServiceApplication : Starting CompetitionManagementServiceApplication using Java 21.0.5 with PID 63276 (E:\important\ProLeagueManager\backend\competition-management-service\target\classes started by ylopa in E:\important\ProLeagueManager)
2025-01-14T00:20:20.547+01:00  INFO 63276 --- [competition-management-service] [main] .CompetitionManagementServiceApplication : No active profile set, falling back to 1 default profile: "default"
2025-01-14T00:20:21.561+01:00  INFO 63276 --- [competition-management-service] [main] .s.d.r.c.RepositoryConfigurationDelegate : Bootstrapping Spring Data JPA repositories in DEFAULT mode.
2025-01-14T00:20:21.717+01:00  INFO 63276 --- [competition-management-service] [main] .s.d.r.c.RepositoryConfigurationDelegate : Finished Spring Data repository scanning in 148 ms. Found 4 JPA repository interfaces.
2025-01-14T00:20:22.006+01:00  INFO 63276 --- [competition-management-service] [main] o.s.cloud.context.scope.GenericScope     : BeanFactory id=88b946c5-3fcd-333a-a1a3-cb0e30e0b868
2025-01-14T00:20:22.315+01:00  WARN 63276 --- [competition-management-service] [main] trationDelegate$BeanPostProcessorChecker : Bean 'org.springframework.cloud.client.loadbalancer.LoadBalancerAutoConfiguration$DeferringLoadBalancerInterceptorConfig' of type [org.springframework.cloud.client.loadbalancer.LoadBalancerAutoConfiguration$DeferringLoadBalancerInterceptorConfig] is not eligible for getting processed by all BeanPostProcessors (for example: not eligible for auto-proxying). The currently created BeanPostProcessor [lbRestClientPostProcessor] is declared through a non-static factory method on that class; consider declaring it as static instead.
2025-01-14T00:20:22.319+01:00  WARN 63276 --- [competition-management-service] [main] trationDelegate$BeanPostProcessorChecker : Bean 'deferringLoadBalancerInterceptor' of type [org.springframework.cloud.client.loadbalancer.DeferringLoadBalancerInterceptor] is not eligible for getting processed by all BeanPostProcessors (for example: not eligible for auto-proxying). Is this bean getting eagerly injected into a currently created BeanPostProcessor [lbRestClientPostProcessor]? Check the corresponding BeanPostProcessor declaration and its dependencies.
2025-01-14T00:20:22.624+01:00  INFO 63276 --- [competition-management-service] [main] o.s.b.w.embedded.tomcat.TomcatWebServer  : Tomcat initialized with port 8084 (http)
2025-01-14T00:20:22.638+01:00  INFO 63276 --- [competition-management-service] [main] o.apache.catalina.core.StandardService   : Starting service [Tomcat]
2025-01-14T00:20:22.638+01:00  INFO 63276 --- [competition-management-service] [main] o.apache.catalina.core.StandardEngine    : Starting Servlet engine: [Apache Tomcat/10.1.30]
2025-01-14T00:20:22.711+01:00  INFO 63276 --- [competition-management-service] [main] o.a.c.c.C.[Tomcat].[localhost].[/]       : Initializing Spring embedded WebApplicationContext
2025-01-14T00:20:22.712+01:00  INFO 63276 --- [competition-management-service] [main] w.s.c.ServletWebServerApplicationContext : Root WebApplicationContext: initialization completed in 2122 ms
2025-01-14T00:20:22.968+01:00  INFO 63276 --- [competition-management-service] [main] o.s.c.openfeign.FeignClientFactoryBean   : For 'user-service' URL not provided. Will try picking an instance via load-balancing.
2025-01-14T00:20:23.416+01:00  INFO 63276 --- [competition-management-service] [main] o.hibernate.jpa.internal.util.LogHelper  : HHH000204: Processing PersistenceUnitInfo [name: default]
2025-01-14T00:20:23.467+01:00  INFO 63276 --- [competition-management-service] [main] org.hibernate.Version                    : HHH000412: Hibernate ORM core version 6.5.3.Final
2025-01-14T00:20:23.496+01:00  INFO 63276 --- [competition-management-service] [main] o.h.c.internal.RegionFactoryInitiator    : HHH000026: Second-level cache disabled
2025-01-14T00:20:23.769+01:00  INFO 63276 --- [competition-management-service] [main] o.s.o.j.p.SpringPersistenceUnitInfo      : No LoadTimeWeaver setup: ignoring JPA class transformer
2025-01-14T00:20:23.795+01:00  INFO 63276 --- [competition-management-service] [main] com.zaxxer.hikari.HikariDataSource       : HikariPool-1 - Starting...
2025-01-14T00:20:23.946+01:00  INFO 63276 --- [competition-management-service] [main] com.zaxxer.hikari.pool.HikariPool        : HikariPool-1 - Added connection org.postgresql.jdbc.PgConnection@6792f2c6
2025-01-14T00:20:23.948+01:00  INFO 63276 --- [competition-management-service] [main] com.zaxxer.hikari.HikariDataSource       : HikariPool-1 - Start completed.
2025-01-14T00:20:25.134+01:00  INFO 63276 --- [competition-management-service] [main] o.h.e.t.j.p.i.JtaPlatformInitiator       : HHH000489: No JTA platform available (set 'hibernate.transaction.jta.platform' to enable JTA platform integration)
2025-01-14T00:20:25.337+01:00  INFO 63276 --- [competition-management-service] [main] j.LocalContainerEntityManagerFactoryBean : Initialized JPA EntityManagerFactory for persistence unit 'default'
2025-01-14T00:20:25.398+01:00  INFO 63276 --- [competition-management-service] [main] o.s.c.openfeign.FeignClientFactoryBean   : For 'sport-service' URL not provided. Will try picking an instance via load-balancing.
2025-01-14T00:20:25.830+01:00  WARN 63276 --- [competition-management-service] [main] .s.s.UserDetailsServiceAutoConfiguration : 

Using generated security password: 10a221f8-d1fe-444c-a9d0-172237245282

This generated password is for development use only. Your security configuration must be updated before running your application in production.

2025-01-14T00:20:25.847+01:00  INFO 63276 --- [competition-management-service] [main] r$InitializeUserDetailsManagerConfigurer : Global AuthenticationManager configured with UserDetailsService bean with name inMemoryUserDetailsManager
2025-01-14T00:20:26.404+01:00  INFO 63276 --- [competition-management-service] [main] o.s.b.a.e.web.EndpointLinksResolver      : Exposing 1 endpoint beneath base path '/actuator'
2025-01-14T00:20:27.155+01:00  WARN 63276 --- [competition-management-service] [main] iguration$LoadBalancerCaffeineWarnLogger : Spring Cloud LoadBalancer is currently working with the default cache. While this cache implementation is useful for development and tests, it's recommended to use Caffeine cache in production.You can switch to using Caffeine cache, by adding it and org.springframework.cache.caffeine.CaffeineCacheManager to the classpath.
2025-01-14T00:20:27.290+01:00  INFO 63276 --- [competition-management-service] [main] o.s.b.w.embedded.tomcat.TomcatWebServer  : Tomcat started on port 8084 (http) with context path '/'
2025-01-14T00:20:27.293+01:00  INFO 63276 --- [competition-management-service] [main] o.s.c.c.s.ConsulServiceRegistry          : Registering service with consul: NewService{id='competition-management-service-8084', name='competition-management-service', tags=[], address='100.106.2.30', meta={secure=false}, port=8084, enableTagOverride=null, check=Check{script='null', dockerContainerID='null', shell='null', interval='10s', ttl='null', http='http://100.106.2.30:8084/actuator/health', method='null', header={}, tcp='null', timeout='null', deregisterCriticalServiceAfter='null', tlsSkipVerify=null, status='null', grpc='null', grpcUseTLS=null}, checks=null}
2025-01-14T00:20:27.347+01:00  INFO 63276 --- [competition-management-service] [main] .CompetitionManagementServiceApplication : Started CompetitionManagementServiceApplication in 7.701 seconds (process running for 8.439)
2025-01-14T00:20:27.929+01:00  INFO 63276 --- [competition-management-service] [RMI TCP Connection(2)-172.25.208.1] o.a.c.c.C.[Tomcat].[localhost].[/]       : Initializing Spring DispatcherServlet 'dispatcherServlet'
2025-01-14T00:20:27.930+01:00  INFO 63276 --- [competition-management-service] [RMI TCP Connection(2)-172.25.208.1] o.s.web.servlet.DispatcherServlet        : Initializing Servlet 'dispatcherServlet'
2025-01-14T00:20:27.933+01:00  INFO 63276 --- [competition-management-service] [RMI TCP Connection(2)-172.25.208.1] o.s.web.servlet.DispatcherServlet        : Completed initialization in 3 ms
2025-01-14T00:20:52.105+01:00  INFO 63276 --- [competition-management-service] [http-nio-8084-exec-3] org.league.app.filter.JWTFilter          : Extracted email: ylopatkin@gmail.com
2025-01-14T00:20:52.106+01:00  INFO 63276 --- [competition-management-service] [http-nio-8084-exec-3] org.league.app.filter.JWTFilter          : User email: ylopatkin@gmail.com
2025-01-14T00:20:55.111+01:00  INFO 63276 --- [competition-management-service] [http-nio-8084-exec-5] org.league.app.filter.JWTFilter          : Extracted email: ylopatkin@gmail.com
2025-01-14T00:20:55.111+01:00  INFO 63276 --- [competition-management-service] [http-nio-8084-exec-5] org.league.app.filter.JWTFilter          : User email: ylopatkin@gmail.com
2025-01-14T00:20:58.042+01:00  INFO 63276 --- [competition-management-service] [http-nio-8084-exec-6] org.league.app.filter.JWTFilter          : Extracted email: ylopatkin@gmail.com
2025-01-14T00:20:58.044+01:00  INFO 63276 --- [competition-management-service] [http-nio-8084-exec-6] org.league.app.filter.JWTFilter          : User email: ylopatkin@gmail.com
2025-01-14T00:21:07.504+01:00  INFO 63276 --- [competition-management-service] [http-nio-8084-exec-8] org.league.app.filter.JWTFilter          : Extracted email: ylopatkin@gmail.com
2025-01-14T00:21:07.505+01:00  INFO 63276 --- [competition-management-service] [http-nio-8084-exec-8] org.league.app.filter.JWTFilter          : User email: ylopatkin@gmail.com
2025-01-14T00:21:08.998+01:00  INFO 63276 --- [competition-management-service] [http-nio-8084-exec-9] org.league.app.filter.JWTFilter          : Extracted email: ylopatkin@gmail.com
2025-01-14T00:21:08.998+01:00  INFO 63276 --- [competition-management-service] [http-nio-8084-exec-9] org.league.app.filter.JWTFilter          : User email: ylopatkin@gmail.com
2025-01-14T00:23:46.385+01:00  INFO 63276 --- [competition-management-service] [SpringApplicationShutdownHook] j.LocalContainerEntityManagerFactoryBean : Closing JPA EntityManagerFactory for persistence unit 'default'
2025-01-14T00:23:46.388+01:00  INFO 63276 --- [competition-management-service] [SpringApplicationShutdownHook] com.zaxxer.hikari.HikariDataSource       : HikariPool-1 - Shutdown initiated...
2025-01-14T00:23:46.392+01:00  INFO 63276 --- [competition-management-service] [SpringApplicationShutdownHook] com.zaxxer.hikari.HikariDataSource       : HikariPool-1 - Shutdown completed.
2025-01-14T00:23:46.394+01:00  INFO 63276 --- [competition-management-service] [SpringApplicationShutdownHook] o.s.c.c.s.ConsulServiceRegistry          : Deregistering service with consul: competition-management-service-8084
2025-01-14T00:23:52.565+01:00  INFO 56780 --- [competition-management-service] [main] .CompetitionManagementServiceApplication : Starting CompetitionManagementServiceApplication using Java 21.0.5 with PID 56780 (E:\important\ProLeagueManager\backend\competition-management-service\target\classes started by ylopa in E:\important\ProLeagueManager)
2025-01-14T00:23:52.568+01:00  INFO 56780 --- [competition-management-service] [main] .CompetitionManagementServiceApplication : No active profile set, falling back to 1 default profile: "default"
2025-01-14T00:23:55.561+01:00  INFO 56780 --- [competition-management-service] [main] .s.d.r.c.RepositoryConfigurationDelegate : Bootstrapping Spring Data JPA repositories in DEFAULT mode.
2025-01-14T00:23:56.087+01:00  INFO 56780 --- [competition-management-service] [main] .s.d.r.c.RepositoryConfigurationDelegate : Finished Spring Data repository scanning in 511 ms. Found 4 JPA repository interfaces.
2025-01-14T00:23:56.740+01:00  INFO 56780 --- [competition-management-service] [main] o.s.cloud.context.scope.GenericScope     : BeanFactory id=88b946c5-3fcd-333a-a1a3-cb0e30e0b868
2025-01-14T00:23:57.424+01:00  WARN 56780 --- [competition-management-service] [main] trationDelegate$BeanPostProcessorChecker : Bean 'org.springframework.cloud.client.loadbalancer.LoadBalancerAutoConfiguration$DeferringLoadBalancerInterceptorConfig' of type [org.springframework.cloud.client.loadbalancer.LoadBalancerAutoConfiguration$DeferringLoadBalancerInterceptorConfig] is not eligible for getting processed by all BeanPostProcessors (for example: not eligible for auto-proxying). The currently created BeanPostProcessor [lbRestClientPostProcessor] is declared through a non-static factory method on that class; consider declaring it as static instead.
2025-01-14T00:23:57.430+01:00  WARN 56780 --- [competition-management-service] [main] trationDelegate$BeanPostProcessorChecker : Bean 'deferringLoadBalancerInterceptor' of type [org.springframework.cloud.client.loadbalancer.DeferringLoadBalancerInterceptor] is not eligible for getting processed by all BeanPostProcessors (for example: not eligible for auto-proxying). Is this bean getting eagerly injected into a currently created BeanPostProcessor [lbRestClientPostProcessor]? Check the corresponding BeanPostProcessor declaration and its dependencies.
2025-01-14T00:23:58.224+01:00  INFO 56780 --- [competition-management-service] [main] o.s.b.w.embedded.tomcat.TomcatWebServer  : Tomcat initialized with port 8084 (http)
2025-01-14T00:23:58.257+01:00  INFO 56780 --- [competition-management-service] [main] o.apache.catalina.core.StandardService   : Starting service [Tomcat]
2025-01-14T00:23:58.260+01:00  INFO 56780 --- [competition-management-service] [main] o.apache.catalina.core.StandardEngine    : Starting Servlet engine: [Apache Tomcat/10.1.30]
2025-01-14T00:23:58.383+01:00  INFO 56780 --- [competition-management-service] [main] o.a.c.c.C.[Tomcat].[localhost].[/]       : Initializing Spring embedded WebApplicationContext
2025-01-14T00:23:58.385+01:00  INFO 56780 --- [competition-management-service] [main] w.s.c.ServletWebServerApplicationContext : Root WebApplicationContext: initialization completed in 5631 ms
2025-01-14T00:23:58.894+01:00  INFO 56780 --- [competition-management-service] [main] o.s.c.openfeign.FeignClientFactoryBean   : For 'user-service' URL not provided. Will try picking an instance via load-balancing.
2025-01-14T00:23:59.802+01:00  INFO 56780 --- [competition-management-service] [main] o.hibernate.jpa.internal.util.LogHelper  : HHH000204: Processing PersistenceUnitInfo [name: default]
2025-01-14T00:23:59.876+01:00  INFO 56780 --- [competition-management-service] [main] org.hibernate.Version                    : HHH000412: Hibernate ORM core version 6.5.3.Final
2025-01-14T00:23:59.947+01:00  INFO 56780 --- [competition-management-service] [main] o.h.c.internal.RegionFactoryInitiator    : HHH000026: Second-level cache disabled
2025-01-14T00:24:00.516+01:00  INFO 56780 --- [competition-management-service] [main] o.s.o.j.p.SpringPersistenceUnitInfo      : No LoadTimeWeaver setup: ignoring JPA class transformer
2025-01-14T00:24:00.557+01:00  INFO 56780 --- [competition-management-service] [main] com.zaxxer.hikari.HikariDataSource       : HikariPool-1 - Starting...
2025-01-14T00:24:00.857+01:00  INFO 56780 --- [competition-management-service] [main] com.zaxxer.hikari.pool.HikariPool        : HikariPool-1 - Added connection org.postgresql.jdbc.PgConnection@8d52313
2025-01-14T00:24:00.861+01:00  INFO 56780 --- [competition-management-service] [main] com.zaxxer.hikari.HikariDataSource       : HikariPool-1 - Start completed.
2025-01-14T00:24:03.931+01:00  INFO 56780 --- [competition-management-service] [main] o.h.e.t.j.p.i.JtaPlatformInitiator       : HHH000489: No JTA platform available (set 'hibernate.transaction.jta.platform' to enable JTA platform integration)
2025-01-14T00:24:04.330+01:00  INFO 56780 --- [competition-management-service] [main] j.LocalContainerEntityManagerFactoryBean : Initialized JPA EntityManagerFactory for persistence unit 'default'
2025-01-14T00:24:04.486+01:00  INFO 56780 --- [competition-management-service] [main] o.s.c.openfeign.FeignClientFactoryBean   : For 'sport-service' URL not provided. Will try picking an instance via load-balancing.
2025-01-14T00:24:05.857+01:00  WARN 56780 --- [competition-management-service] [main] .s.s.UserDetailsServiceAutoConfiguration : 

Using generated security password: 1015d1ef-3a8f-4347-addc-310c70e894e3

This generated password is for development use only. Your security configuration must be updated before running your application in production.

2025-01-14T00:24:05.946+01:00  INFO 56780 --- [competition-management-service] [main] r$InitializeUserDetailsManagerConfigurer : Global AuthenticationManager configured with UserDetailsService bean with name inMemoryUserDetailsManager
2025-01-14T00:24:07.103+01:00  INFO 56780 --- [competition-management-service] [main] o.s.b.a.e.web.EndpointLinksResolver      : Exposing 1 endpoint beneath base path '/actuator'
2025-01-14T00:24:08.554+01:00  WARN 56780 --- [competition-management-service] [main] iguration$LoadBalancerCaffeineWarnLogger : Spring Cloud LoadBalancer is currently working with the default cache. While this cache implementation is useful for development and tests, it's recommended to use Caffeine cache in production.You can switch to using Caffeine cache, by adding it and org.springframework.cache.caffeine.CaffeineCacheManager to the classpath.
2025-01-14T00:24:08.807+01:00  INFO 56780 --- [competition-management-service] [main] o.s.b.w.embedded.tomcat.TomcatWebServer  : Tomcat started on port 8084 (http) with context path '/'
2025-01-14T00:24:08.811+01:00  INFO 56780 --- [competition-management-service] [main] o.s.c.c.s.ConsulServiceRegistry          : Registering service with consul: NewService{id='competition-management-service-8084', name='competition-management-service', tags=[], address='100.106.2.30', meta={secure=false}, port=8084, enableTagOverride=null, check=Check{script='null', dockerContainerID='null', shell='null', interval='10s', ttl='null', http='http://100.106.2.30:8084/actuator/health', method='null', header={}, tcp='null', timeout='null', deregisterCriticalServiceAfter='null', tlsSkipVerify=null, status='null', grpc='null', grpcUseTLS=null}, checks=null}
2025-01-14T00:24:08.866+01:00  INFO 56780 --- [competition-management-service] [main] .CompetitionManagementServiceApplication : Started CompetitionManagementServiceApplication in 18.449 seconds (process running for 19.323)
2025-01-14T00:24:09.438+01:00  INFO 56780 --- [competition-management-service] [RMI TCP Connection(2)-172.25.208.1] o.a.c.c.C.[Tomcat].[localhost].[/]       : Initializing Spring DispatcherServlet 'dispatcherServlet'
2025-01-14T00:24:09.438+01:00  INFO 56780 --- [competition-management-service] [RMI TCP Connection(2)-172.25.208.1] o.s.web.servlet.DispatcherServlet        : Initializing Servlet 'dispatcherServlet'
2025-01-14T00:24:09.441+01:00  INFO 56780 --- [competition-management-service] [RMI TCP Connection(2)-172.25.208.1] o.s.web.servlet.DispatcherServlet        : Completed initialization in 2 ms
2025-01-14T00:24:12.084+01:00  INFO 56780 --- [competition-management-service] [http-nio-8084-exec-2] org.league.app.filter.JWTFilter          : Extracted email: ylopatkin@gmail.com
2025-01-14T00:24:12.084+01:00  INFO 56780 --- [competition-management-service] [http-nio-8084-exec-2] org.league.app.filter.JWTFilter          : User email: ylopatkin@gmail.com
2025-01-14T00:24:14.973+01:00  INFO 56780 --- [competition-management-service] [http-nio-8084-exec-6] org.league.app.filter.JWTFilter          : Extracted email: ylopatkin@gmail.com
2025-01-14T00:24:14.973+01:00  INFO 56780 --- [competition-management-service] [http-nio-8084-exec-6] org.league.app.filter.JWTFilter          : User email: ylopatkin@gmail.com
2025-01-14T00:24:17.024+01:00  INFO 56780 --- [competition-management-service] [http-nio-8084-exec-7] org.league.app.filter.JWTFilter          : Extracted email: ylopatkin@gmail.com
2025-01-14T00:24:17.024+01:00  INFO 56780 --- [competition-management-service] [http-nio-8084-exec-7] org.league.app.filter.JWTFilter          : User email: ylopatkin@gmail.com
2025-01-14T00:24:20.279+01:00  INFO 56780 --- [competition-management-service] [http-nio-8084-exec-8] org.league.app.filter.JWTFilter          : Extracted email: ylopatkin@gmail.com
2025-01-14T00:24:20.279+01:00  INFO 56780 --- [competition-management-service] [http-nio-8084-exec-8] org.league.app.filter.JWTFilter          : User email: ylopatkin@gmail.com
2025-01-14T00:25:29.066+01:00  INFO 56780 --- [competition-management-service] [SpringApplicationShutdownHook] j.LocalContainerEntityManagerFactoryBean : Closing JPA EntityManagerFactory for persistence unit 'default'
2025-01-14T00:25:29.094+01:00  INFO 56780 --- [competition-management-service] [SpringApplicationShutdownHook] com.zaxxer.hikari.HikariDataSource       : HikariPool-1 - Shutdown initiated...
2025-01-14T00:25:29.189+01:00  INFO 56780 --- [competition-management-service] [SpringApplicationShutdownHook] com.zaxxer.hikari.HikariDataSource       : HikariPool-1 - Shutdown completed.
2025-01-14T00:25:29.193+01:00  INFO 56780 --- [competition-management-service] [SpringApplicationShutdownHook] o.s.c.c.s.ConsulServiceRegistry          : Deregistering service with consul: competition-management-service-8084
2025-01-14T00:25:33.894+01:00  INFO 66244 --- [competition-management-service] [main] .CompetitionManagementServiceApplication : Starting CompetitionManagementServiceApplication using Java 21.0.5 with PID 66244 (E:\important\ProLeagueManager\backend\competition-management-service\target\classes started by ylopa in E:\important\ProLeagueManager)
2025-01-14T00:25:33.898+01:00  INFO 66244 --- [competition-management-service] [main] .CompetitionManagementServiceApplication : No active profile set, falling back to 1 default profile: "default"
2025-01-14T00:25:35.287+01:00  INFO 66244 --- [competition-management-service] [main] .s.d.r.c.RepositoryConfigurationDelegate : Bootstrapping Spring Data JPA repositories in DEFAULT mode.
2025-01-14T00:25:35.521+01:00  INFO 66244 --- [competition-management-service] [main] .s.d.r.c.RepositoryConfigurationDelegate : Finished Spring Data repository scanning in 224 ms. Found 4 JPA repository interfaces.
2025-01-14T00:25:35.916+01:00  INFO 66244 --- [competition-management-service] [main] o.s.cloud.context.scope.GenericScope     : BeanFactory id=88b946c5-3fcd-333a-a1a3-cb0e30e0b868
2025-01-14T00:25:36.350+01:00  WARN 66244 --- [competition-management-service] [main] trationDelegate$BeanPostProcessorChecker : Bean 'org.springframework.cloud.client.loadbalancer.LoadBalancerAutoConfiguration$DeferringLoadBalancerInterceptorConfig' of type [org.springframework.cloud.client.loadbalancer.LoadBalancerAutoConfiguration$DeferringLoadBalancerInterceptorConfig] is not eligible for getting processed by all BeanPostProcessors (for example: not eligible for auto-proxying). The currently created BeanPostProcessor [lbRestClientPostProcessor] is declared through a non-static factory method on that class; consider declaring it as static instead.
2025-01-14T00:25:36.355+01:00  WARN 66244 --- [competition-management-service] [main] trationDelegate$BeanPostProcessorChecker : Bean 'deferringLoadBalancerInterceptor' of type [org.springframework.cloud.client.loadbalancer.DeferringLoadBalancerInterceptor] is not eligible for getting processed by all BeanPostProcessors (for example: not eligible for auto-proxying). Is this bean getting eagerly injected into a currently created BeanPostProcessor [lbRestClientPostProcessor]? Check the corresponding BeanPostProcessor declaration and its dependencies.
2025-01-14T00:25:36.744+01:00  INFO 66244 --- [competition-management-service] [main] o.s.b.w.embedded.tomcat.TomcatWebServer  : Tomcat initialized with port 8084 (http)
2025-01-14T00:25:36.764+01:00  INFO 66244 --- [competition-management-service] [main] o.apache.catalina.core.StandardService   : Starting service [Tomcat]
2025-01-14T00:25:36.764+01:00  INFO 66244 --- [competition-management-service] [main] o.apache.catalina.core.StandardEngine    : Starting Servlet engine: [Apache Tomcat/10.1.30]
2025-01-14T00:25:36.868+01:00  INFO 66244 --- [competition-management-service] [main] o.a.c.c.C.[Tomcat].[localhost].[/]       : Initializing Spring embedded WebApplicationContext
2025-01-14T00:25:36.869+01:00  INFO 66244 --- [competition-management-service] [main] w.s.c.ServletWebServerApplicationContext : Root WebApplicationContext: initialization completed in 2912 ms
2025-01-14T00:25:37.218+01:00  INFO 66244 --- [competition-management-service] [main] o.s.c.openfeign.FeignClientFactoryBean   : For 'user-service' URL not provided. Will try picking an instance via load-balancing.
2025-01-14T00:25:37.878+01:00  INFO 66244 --- [competition-management-service] [main] o.hibernate.jpa.internal.util.LogHelper  : HHH000204: Processing PersistenceUnitInfo [name: default]
2025-01-14T00:25:37.955+01:00  INFO 66244 --- [competition-management-service] [main] org.hibernate.Version                    : HHH000412: Hibernate ORM core version 6.5.3.Final
2025-01-14T00:25:37.997+01:00  INFO 66244 --- [competition-management-service] [main] o.h.c.internal.RegionFactoryInitiator    : HHH000026: Second-level cache disabled
2025-01-14T00:25:38.385+01:00  INFO 66244 --- [competition-management-service] [main] o.s.o.j.p.SpringPersistenceUnitInfo      : No LoadTimeWeaver setup: ignoring JPA class transformer
2025-01-14T00:25:38.425+01:00  INFO 66244 --- [competition-management-service] [main] com.zaxxer.hikari.HikariDataSource       : HikariPool-1 - Starting...
2025-01-14T00:25:38.629+01:00  INFO 66244 --- [competition-management-service] [main] com.zaxxer.hikari.pool.HikariPool        : HikariPool-1 - Added connection org.postgresql.jdbc.PgConnection@1f27f354
2025-01-14T00:25:38.630+01:00  INFO 66244 --- [competition-management-service] [main] com.zaxxer.hikari.HikariDataSource       : HikariPool-1 - Start completed.
2025-01-14T00:25:40.003+01:00  INFO 66244 --- [competition-management-service] [main] o.h.e.t.j.p.i.JtaPlatformInitiator       : HHH000489: No JTA platform available (set 'hibernate.transaction.jta.platform' to enable JTA platform integration)
2025-01-14T00:25:40.241+01:00  INFO 66244 --- [competition-management-service] [main] j.LocalContainerEntityManagerFactoryBean : Initialized JPA EntityManagerFactory for persistence unit 'default'
2025-01-14T00:25:40.322+01:00  INFO 66244 --- [competition-management-service] [main] o.s.c.openfeign.FeignClientFactoryBean   : For 'sport-service' URL not provided. Will try picking an instance via load-balancing.
2025-01-14T00:25:40.954+01:00  WARN 66244 --- [competition-management-service] [main] .s.s.UserDetailsServiceAutoConfiguration : 

Using generated security password: 9a0e1465-13b6-48c5-b72d-83a106f49692

This generated password is for development use only. Your security configuration must be updated before running your application in production.

2025-01-14T00:25:40.963+01:00  INFO 66244 --- [competition-management-service] [main] r$InitializeUserDetailsManagerConfigurer : Global AuthenticationManager configured with UserDetailsService bean with name inMemoryUserDetailsManager
2025-01-14T00:25:41.815+01:00  INFO 66244 --- [competition-management-service] [main] o.s.b.a.e.web.EndpointLinksResolver      : Exposing 1 endpoint beneath base path '/actuator'
2025-01-14T00:25:42.813+01:00  WARN 66244 --- [competition-management-service] [main] iguration$LoadBalancerCaffeineWarnLogger : Spring Cloud LoadBalancer is currently working with the default cache. While this cache implementation is useful for development and tests, it's recommended to use Caffeine cache in production.You can switch to using Caffeine cache, by adding it and org.springframework.cache.caffeine.CaffeineCacheManager to the classpath.
2025-01-14T00:25:42.996+01:00  INFO 66244 --- [competition-management-service] [main] o.s.b.w.embedded.tomcat.TomcatWebServer  : Tomcat started on port 8084 (http) with context path '/'
2025-01-14T00:25:42.999+01:00  INFO 66244 --- [competition-management-service] [main] o.s.c.c.s.ConsulServiceRegistry          : Registering service with consul: NewService{id='competition-management-service-8084', name='competition-management-service', tags=[], address='100.106.2.30', meta={secure=false}, port=8084, enableTagOverride=null, check=Check{script='null', dockerContainerID='null', shell='null', interval='10s', ttl='null', http='http://100.106.2.30:8084/actuator/health', method='null', header={}, tcp='null', timeout='null', deregisterCriticalServiceAfter='null', tlsSkipVerify=null, status='null', grpc='null', grpcUseTLS=null}, checks=null}
2025-01-14T00:25:43.046+01:00  INFO 66244 --- [competition-management-service] [main] .CompetitionManagementServiceApplication : Started CompetitionManagementServiceApplication in 10.154 seconds (process running for 11.086)
2025-01-14T00:25:43.470+01:00  INFO 66244 --- [competition-management-service] [RMI TCP Connection(2)-172.25.208.1] o.a.c.c.C.[Tomcat].[localhost].[/]       : Initializing Spring DispatcherServlet 'dispatcherServlet'
2025-01-14T00:25:43.471+01:00  INFO 66244 --- [competition-management-service] [RMI TCP Connection(2)-172.25.208.1] o.s.web.servlet.DispatcherServlet        : Initializing Servlet 'dispatcherServlet'
2025-01-14T00:25:43.476+01:00  INFO 66244 --- [competition-management-service] [RMI TCP Connection(2)-172.25.208.1] o.s.web.servlet.DispatcherServlet        : Completed initialization in 4 ms
2025-01-14T00:25:48.893+01:00  INFO 66244 --- [competition-management-service] [http-nio-8084-exec-1] org.league.app.filter.JWTFilter          : Extracted email: ylopatkin@gmail.com
2025-01-14T00:25:48.893+01:00  INFO 66244 --- [competition-management-service] [http-nio-8084-exec-1] org.league.app.filter.JWTFilter          : User email: ylopatkin@gmail.com
2025-01-14T00:25:52.768+01:00  INFO 66244 --- [competition-management-service] [http-nio-8084-exec-3] org.league.app.filter.JWTFilter          : Extracted email: ylopatkin@gmail.com
2025-01-14T00:25:52.768+01:00  INFO 66244 --- [competition-management-service] [http-nio-8084-exec-3] org.league.app.filter.JWTFilter          : User email: ylopatkin@gmail.com
2025-01-14T00:25:54.690+01:00  INFO 66244 --- [competition-management-service] [http-nio-8084-exec-4] org.league.app.filter.JWTFilter          : Extracted email: ylopatkin@gmail.com
2025-01-14T00:25:54.691+01:00  INFO 66244 --- [competition-management-service] [http-nio-8084-exec-4] org.league.app.filter.JWTFilter          : User email: ylopatkin@gmail.com
2025-01-14T00:28:51.404+01:00  INFO 66244 --- [competition-management-service] [SpringApplicationShutdownHook] j.LocalContainerEntityManagerFactoryBean : Closing JPA EntityManagerFactory for persistence unit 'default'
2025-01-14T00:28:51.418+01:00  INFO 66244 --- [competition-management-service] [SpringApplicationShutdownHook] com.zaxxer.hikari.HikariDataSource       : HikariPool-1 - Shutdown initiated...
2025-01-14T00:28:51.428+01:00  INFO 66244 --- [competition-management-service] [SpringApplicationShutdownHook] com.zaxxer.hikari.HikariDataSource       : HikariPool-1 - Shutdown completed.
2025-01-14T00:28:51.431+01:00  INFO 66244 --- [competition-management-service] [SpringApplicationShutdownHook] o.s.c.c.s.ConsulServiceRegistry          : Deregistering service with consul: competition-management-service-8084
2025-01-14T00:29:01.638+01:00  INFO 59544 --- [competition-management-service] [main] .CompetitionManagementServiceApplication : Starting CompetitionManagementServiceApplication using Java 21.0.5 with PID 59544 (E:\important\ProLeagueManager\backend\competition-management-service\target\classes started by ylopa in E:\important\ProLeagueManager)
2025-01-14T00:29:01.642+01:00  INFO 59544 --- [competition-management-service] [main] .CompetitionManagementServiceApplication : No active profile set, falling back to 1 default profile: "default"
2025-01-14T00:29:03.562+01:00  INFO 59544 --- [competition-management-service] [main] .s.d.r.c.RepositoryConfigurationDelegate : Bootstrapping Spring Data JPA repositories in DEFAULT mode.
2025-01-14T00:29:03.829+01:00  INFO 59544 --- [competition-management-service] [main] .s.d.r.c.RepositoryConfigurationDelegate : Finished Spring Data repository scanning in 260 ms. Found 4 JPA repository interfaces.
2025-01-14T00:29:04.297+01:00  INFO 59544 --- [competition-management-service] [main] o.s.cloud.context.scope.GenericScope     : BeanFactory id=88b946c5-3fcd-333a-a1a3-cb0e30e0b868
2025-01-14T00:29:04.755+01:00  WARN 59544 --- [competition-management-service] [main] trationDelegate$BeanPostProcessorChecker : Bean 'org.springframework.cloud.client.loadbalancer.LoadBalancerAutoConfiguration$DeferringLoadBalancerInterceptorConfig' of type [org.springframework.cloud.client.loadbalancer.LoadBalancerAutoConfiguration$DeferringLoadBalancerInterceptorConfig] is not eligible for getting processed by all BeanPostProcessors (for example: not eligible for auto-proxying). The currently created BeanPostProcessor [lbRestClientPostProcessor] is declared through a non-static factory method on that class; consider declaring it as static instead.
2025-01-14T00:29:04.760+01:00  WARN 59544 --- [competition-management-service] [main] trationDelegate$BeanPostProcessorChecker : Bean 'deferringLoadBalancerInterceptor' of type [org.springframework.cloud.client.loadbalancer.DeferringLoadBalancerInterceptor] is not eligible for getting processed by all BeanPostProcessors (for example: not eligible for auto-proxying). Is this bean getting eagerly injected into a currently created BeanPostProcessor [lbRestClientPostProcessor]? Check the corresponding BeanPostProcessor declaration and its dependencies.
2025-01-14T00:29:05.212+01:00  INFO 59544 --- [competition-management-service] [main] o.s.b.w.embedded.tomcat.TomcatWebServer  : Tomcat initialized with port 8084 (http)
2025-01-14T00:29:05.235+01:00  INFO 59544 --- [competition-management-service] [main] o.apache.catalina.core.StandardService   : Starting service [Tomcat]
2025-01-14T00:29:05.236+01:00  INFO 59544 --- [competition-management-service] [main] o.apache.catalina.core.StandardEngine    : Starting Servlet engine: [Apache Tomcat/10.1.30]
2025-01-14T00:29:05.391+01:00  INFO 59544 --- [competition-management-service] [main] o.a.c.c.C.[Tomcat].[localhost].[/]       : Initializing Spring embedded WebApplicationContext
2025-01-14T00:29:05.392+01:00  INFO 59544 --- [competition-management-service] [main] w.s.c.ServletWebServerApplicationContext : Root WebApplicationContext: initialization completed in 3620 ms
2025-01-14T00:29:05.829+01:00  INFO 59544 --- [competition-management-service] [main] o.s.c.openfeign.FeignClientFactoryBean   : For 'user-service' URL not provided. Will try picking an instance via load-balancing.
2025-01-14T00:29:06.517+01:00  INFO 59544 --- [competition-management-service] [main] o.hibernate.jpa.internal.util.LogHelper  : HHH000204: Processing PersistenceUnitInfo [name: default]
2025-01-14T00:29:06.590+01:00  INFO 59544 --- [competition-management-service] [main] org.hibernate.Version                    : HHH000412: Hibernate ORM core version 6.5.3.Final
2025-01-14T00:29:06.630+01:00  INFO 59544 --- [competition-management-service] [main] o.h.c.internal.RegionFactoryInitiator    : HHH000026: Second-level cache disabled
2025-01-14T00:29:06.976+01:00  INFO 59544 --- [competition-management-service] [main] o.s.o.j.p.SpringPersistenceUnitInfo      : No LoadTimeWeaver setup: ignoring JPA class transformer
2025-01-14T00:29:07.009+01:00  INFO 59544 --- [competition-management-service] [main] com.zaxxer.hikari.HikariDataSource       : HikariPool-1 - Starting...
2025-01-14T00:29:07.201+01:00  INFO 59544 --- [competition-management-service] [main] com.zaxxer.hikari.pool.HikariPool        : HikariPool-1 - Added connection org.postgresql.jdbc.PgConnection@663e1144
2025-01-14T00:29:07.205+01:00  INFO 59544 --- [competition-management-service] [main] com.zaxxer.hikari.HikariDataSource       : HikariPool-1 - Start completed.
2025-01-14T00:29:08.641+01:00  INFO 59544 --- [competition-management-service] [main] o.h.e.t.j.p.i.JtaPlatformInitiator       : HHH000489: No JTA platform available (set 'hibernate.transaction.jta.platform' to enable JTA platform integration)
2025-01-14T00:29:08.855+01:00  INFO 59544 --- [competition-management-service] [main] j.LocalContainerEntityManagerFactoryBean : Initialized JPA EntityManagerFactory for persistence unit 'default'
2025-01-14T00:29:08.922+01:00  INFO 59544 --- [competition-management-service] [main] o.s.c.openfeign.FeignClientFactoryBean   : For 'sport-service' URL not provided. Will try picking an instance via load-balancing.
2025-01-14T00:29:09.279+01:00  WARN 59544 --- [competition-management-service] [main] ConfigServletWebServerApplicationContext : Exception encountered during context initialization - cancelling refresh attempt: org.springframework.beans.factory.UnsatisfiedDependencyException: Error creating bean with name 'gameSystemController' defined in file [E:\important\ProLeagueManager\backend\competition-management-service\target\classes\org\league\app\controller\GameSystemController.class]: Unsatisfied dependency expressed through constructor parameter 0: Error creating bean with name 'gameSystemService' defined in file [E:\important\ProLeagueManager\backend\competition-management-service\target\classes\org\league\app\service\GameSystemService.class]: Unsatisfied dependency expressed through constructor parameter 2: Error creating bean with name 'gameSystemRepository' defined in org.league.app.database.repository.GameSystemRepository defined in @EnableJpaRepositories declared on JpaRepositoriesRegistrar.EnableJpaRepositoriesConfiguration: Could not create query for public abstract java.util.List org.league.app.database.repository.GameSystemRepository.findAll(java.util.List); Reason: Failed to create query for method public abstract java.util.List org.league.app.database.repository.GameSystemRepository.findAll(java.util.List); No property 'findAll' found for type 'GameSystem'
2025-01-14T00:29:09.279+01:00  INFO 59544 --- [competition-management-service] [main] j.LocalContainerEntityManagerFactoryBean : Closing JPA EntityManagerFactory for persistence unit 'default'
2025-01-14T00:29:09.281+01:00  INFO 59544 --- [competition-management-service] [main] com.zaxxer.hikari.HikariDataSource       : HikariPool-1 - Shutdown initiated...
2025-01-14T00:29:09.287+01:00  INFO 59544 --- [competition-management-service] [main] com.zaxxer.hikari.HikariDataSource       : HikariPool-1 - Shutdown completed.
2025-01-14T00:29:09.290+01:00  WARN 59544 --- [competition-management-service] [main] s.c.a.AnnotationConfigApplicationContext : Exception thrown from ApplicationListener handling ContextClosedEvent

org.springframework.beans.factory.BeanCreationNotAllowedException: Error creating bean with name 'applicationTaskExecutor': Singleton bean creation not allowed while singletons of this factory are in destruction (Do not request a bean from a BeanFactory in a destroy method implementation!)
	at org.springframework.beans.factory.support.DefaultSingletonBeanRegistry.getSingleton(DefaultSingletonBeanRegistry.java:220) ~[spring-beans-6.1.13.jar:6.1.13]
	at org.springframework.beans.factory.support.AbstractBeanFactory.doGetBean(AbstractBeanFactory.java:335) ~[spring-beans-6.1.13.jar:6.1.13]
	at org.springframework.beans.factory.support.AbstractBeanFactory.getBean(AbstractBeanFactory.java:205) ~[spring-beans-6.1.13.jar:6.1.13]
	at org.springframework.context.event.AbstractApplicationEventMulticaster.retrieveApplicationListeners(AbstractApplicationEventMulticaster.java:265) ~[spring-context-6.1.13.jar:6.1.13]
	at org.springframework.context.event.AbstractApplicationEventMulticaster.getApplicationListeners(AbstractApplicationEventMulticaster.java:222) ~[spring-context-6.1.13.jar:6.1.13]
	at org.springframework.context.event.SimpleApplicationEventMulticaster.multicastEvent(SimpleApplicationEventMulticaster.java:145) ~[spring-context-6.1.13.jar:6.1.13]
	at org.springframework.context.support.AbstractApplicationContext.publishEvent(AbstractApplicationContext.java:452) ~[spring-context-6.1.13.jar:6.1.13]
	at org.springframework.context.support.AbstractApplicationContext.publishEvent(AbstractApplicationContext.java:458) ~[spring-context-6.1.13.jar:6.1.13]
	at org.springframework.context.support.AbstractApplicationContext.publishEvent(AbstractApplicationContext.java:385) ~[spring-context-6.1.13.jar:6.1.13]
	at org.springframework.context.support.AbstractApplicationContext.doClose(AbstractApplicationContext.java:1139) ~[spring-context-6.1.13.jar:6.1.13]
	at org.springframework.context.support.AbstractApplicationContext.close(AbstractApplicationContext.java:1102) ~[spring-context-6.1.13.jar:6.1.13]
	at org.springframework.cloud.context.named.NamedContextFactory.destroy(NamedContextFactory.java:114) ~[spring-cloud-context-4.1.4.jar:4.1.4]
	at org.springframework.beans.factory.support.DisposableBeanAdapter.destroy(DisposableBeanAdapter.java:211) ~[spring-beans-6.1.13.jar:6.1.13]
	at org.springframework.beans.factory.support.DefaultSingletonBeanRegistry.destroyBean(DefaultSingletonBeanRegistry.java:587) ~[spring-beans-6.1.13.jar:6.1.13]
	at org.springframework.beans.factory.support.DefaultSingletonBeanRegistry.destroySingleton(DefaultSingletonBeanRegistry.java:559) ~[spring-beans-6.1.13.jar:6.1.13]
	at org.springframework.beans.factory.support.DefaultListableBeanFactory.destroySingleton(DefaultListableBeanFactory.java:1202) ~[spring-beans-6.1.13.jar:6.1.13]
	at org.springframework.beans.factory.support.DefaultSingletonBeanRegistry.destroySingletons(DefaultSingletonBeanRegistry.java:520) ~[spring-beans-6.1.13.jar:6.1.13]
	at org.springframework.beans.factory.support.DefaultListableBeanFactory.destroySingletons(DefaultListableBeanFactory.java:1195) ~[spring-beans-6.1.13.jar:6.1.13]
	at org.springframework.context.support.AbstractApplicationContext.destroyBeans(AbstractApplicationContext.java:1195) ~[spring-context-6.1.13.jar:6.1.13]
	at org.springframework.context.support.AbstractApplicationContext.refresh(AbstractApplicationContext.java:638) ~[spring-context-6.1.13.jar:6.1.13]
	at org.springframework.boot.web.servlet.context.ServletWebServerApplicationContext.refresh(ServletWebServerApplicationContext.java:146) ~[spring-boot-3.3.4.jar:3.3.4]
	at org.springframework.boot.SpringApplication.refresh(SpringApplication.java:754) ~[spring-boot-3.3.4.jar:3.3.4]
	at org.springframework.boot.SpringApplication.refreshContext(SpringApplication.java:456) ~[spring-boot-3.3.4.jar:3.3.4]
	at org.springframework.boot.SpringApplication.run(SpringApplication.java:335) ~[spring-boot-3.3.4.jar:3.3.4]
	at org.springframework.boot.SpringApplication.run(SpringApplication.java:1363) ~[spring-boot-3.3.4.jar:3.3.4]
	at org.springframework.boot.SpringApplication.run(SpringApplication.java:1352) ~[spring-boot-3.3.4.jar:3.3.4]
	at org.league.app.CompetitionManagementServiceApplication.main(CompetitionManagementServiceApplication.java:13) ~[classes/:na]

2025-01-14T00:29:09.296+01:00  WARN 59544 --- [competition-management-service] [main] s.c.a.AnnotationConfigApplicationContext : Exception thrown from ApplicationListener handling ContextClosedEvent

org.springframework.beans.factory.BeanCreationNotAllowedException: Error creating bean with name 'applicationTaskExecutor': Singleton bean creation not allowed while singletons of this factory are in destruction (Do not request a bean from a BeanFactory in a destroy method implementation!)
	at org.springframework.beans.factory.support.DefaultSingletonBeanRegistry.getSingleton(DefaultSingletonBeanRegistry.java:220) ~[spring-beans-6.1.13.jar:6.1.13]
	at org.springframework.beans.factory.support.AbstractBeanFactory.doGetBean(AbstractBeanFactory.java:335) ~[spring-beans-6.1.13.jar:6.1.13]
	at org.springframework.beans.factory.support.AbstractBeanFactory.getBean(AbstractBeanFactory.java:205) ~[spring-beans-6.1.13.jar:6.1.13]
	at org.springframework.context.event.AbstractApplicationEventMulticaster.retrieveApplicationListeners(AbstractApplicationEventMulticaster.java:265) ~[spring-context-6.1.13.jar:6.1.13]
	at org.springframework.context.event.AbstractApplicationEventMulticaster.getApplicationListeners(AbstractApplicationEventMulticaster.java:222) ~[spring-context-6.1.13.jar:6.1.13]
	at org.springframework.context.event.SimpleApplicationEventMulticaster.multicastEvent(SimpleApplicationEventMulticaster.java:145) ~[spring-context-6.1.13.jar:6.1.13]
	at org.springframework.context.support.AbstractApplicationContext.publishEvent(AbstractApplicationContext.java:452) ~[spring-context-6.1.13.jar:6.1.13]
	at org.springframework.context.support.AbstractApplicationContext.publishEvent(AbstractApplicationContext.java:458) ~[spring-context-6.1.13.jar:6.1.13]
	at org.springframework.context.support.AbstractApplicationContext.publishEvent(AbstractApplicationContext.java:385) ~[spring-context-6.1.13.jar:6.1.13]
	at org.springframework.context.support.AbstractApplicationContext.doClose(AbstractApplicationContext.java:1139) ~[spring-context-6.1.13.jar:6.1.13]
	at org.springframework.context.support.AbstractApplicationContext.close(AbstractApplicationContext.java:1102) ~[spring-context-6.1.13.jar:6.1.13]
	at org.springframework.cloud.context.named.NamedContextFactory.destroy(NamedContextFactory.java:114) ~[spring-cloud-context-4.1.4.jar:4.1.4]
	at org.springframework.beans.factory.support.DisposableBeanAdapter.destroy(DisposableBeanAdapter.java:211) ~[spring-beans-6.1.13.jar:6.1.13]
	at org.springframework.beans.factory.support.DefaultSingletonBeanRegistry.destroyBean(DefaultSingletonBeanRegistry.java:587) ~[spring-beans-6.1.13.jar:6.1.13]
	at org.springframework.beans.factory.support.DefaultSingletonBeanRegistry.destroySingleton(DefaultSingletonBeanRegistry.java:559) ~[spring-beans-6.1.13.jar:6.1.13]
	at org.springframework.beans.factory.support.DefaultListableBeanFactory.destroySingleton(DefaultListableBeanFactory.java:1202) ~[spring-beans-6.1.13.jar:6.1.13]
	at org.springframework.beans.factory.support.DefaultSingletonBeanRegistry.destroySingletons(DefaultSingletonBeanRegistry.java:520) ~[spring-beans-6.1.13.jar:6.1.13]
	at org.springframework.beans.factory.support.DefaultListableBeanFactory.destroySingletons(DefaultListableBeanFactory.java:1195) ~[spring-beans-6.1.13.jar:6.1.13]
	at org.springframework.context.support.AbstractApplicationContext.destroyBeans(AbstractApplicationContext.java:1195) ~[spring-context-6.1.13.jar:6.1.13]
	at org.springframework.context.support.AbstractApplicationContext.refresh(AbstractApplicationContext.java:638) ~[spring-context-6.1.13.jar:6.1.13]
	at org.springframework.boot.web.servlet.context.ServletWebServerApplicationContext.refresh(ServletWebServerApplicationContext.java:146) ~[spring-boot-3.3.4.jar:3.3.4]
	at org.springframework.boot.SpringApplication.refresh(SpringApplication.java:754) ~[spring-boot-3.3.4.jar:3.3.4]
	at org.springframework.boot.SpringApplication.refreshContext(SpringApplication.java:456) ~[spring-boot-3.3.4.jar:3.3.4]
	at org.springframework.boot.SpringApplication.run(SpringApplication.java:335) ~[spring-boot-3.3.4.jar:3.3.4]
	at org.springframework.boot.SpringApplication.run(SpringApplication.java:1363) ~[spring-boot-3.3.4.jar:3.3.4]
	at org.springframework.boot.SpringApplication.run(SpringApplication.java:1352) ~[spring-boot-3.3.4.jar:3.3.4]
	at org.league.app.CompetitionManagementServiceApplication.main(CompetitionManagementServiceApplication.java:13) ~[classes/:na]

2025-01-14T00:29:09.298+01:00  INFO 59544 --- [competition-management-service] [main] o.apache.catalina.core.StandardService   : Stopping service [Tomcat]
2025-01-14T00:29:09.326+01:00  INFO 59544 --- [competition-management-service] [main] .s.b.a.l.ConditionEvaluationReportLogger : 

Error starting ApplicationContext. To display the condition evaluation report re-run your application with 'debug' enabled.
2025-01-14T00:29:09.362+01:00 ERROR 59544 --- [competition-management-service] [main] o.s.boot.SpringApplication               : Application run failed

org.springframework.beans.factory.UnsatisfiedDependencyException: Error creating bean with name 'gameSystemController' defined in file [E:\important\ProLeagueManager\backend\competition-management-service\target\classes\org\league\app\controller\GameSystemController.class]: Unsatisfied dependency expressed through constructor parameter 0: Error creating bean with name 'gameSystemService' defined in file [E:\important\ProLeagueManager\backend\competition-management-service\target\classes\org\league\app\service\GameSystemService.class]: Unsatisfied dependency expressed through constructor parameter 2: Error creating bean with name 'gameSystemRepository' defined in org.league.app.database.repository.GameSystemRepository defined in @EnableJpaRepositories declared on JpaRepositoriesRegistrar.EnableJpaRepositoriesConfiguration: Could not create query for public abstract java.util.List org.league.app.database.repository.GameSystemRepository.findAll(java.util.List); Reason: Failed to create query for method public abstract java.util.List org.league.app.database.repository.GameSystemRepository.findAll(java.util.List); No property 'findAll' found for type 'GameSystem'
	at org.springframework.beans.factory.support.ConstructorResolver.createArgumentArray(ConstructorResolver.java:795) ~[spring-beans-6.1.13.jar:6.1.13]
	at org.springframework.beans.factory.support.ConstructorResolver.autowireConstructor(ConstructorResolver.java:237) ~[spring-beans-6.1.13.jar:6.1.13]
	at org.springframework.beans.factory.support.AbstractAutowireCapableBeanFactory.autowireConstructor(AbstractAutowireCapableBeanFactory.java:1375) ~[spring-beans-6.1.13.jar:6.1.13]
	at org.springframework.beans.factory.support.AbstractAutowireCapableBeanFactory.createBeanInstance(AbstractAutowireCapableBeanFactory.java:1212) ~[spring-beans-6.1.13.jar:6.1.13]
	at org.springframework.beans.factory.support.AbstractAutowireCapableBeanFactory.doCreateBean(AbstractAutowireCapableBeanFactory.java:562) ~[spring-beans-6.1.13.jar:6.1.13]
	at org.springframework.beans.factory.support.AbstractAutowireCapableBeanFactory.createBean(AbstractAutowireCapableBeanFactory.java:522) ~[spring-beans-6.1.13.jar:6.1.13]
	at org.springframework.beans.factory.support.AbstractBeanFactory.lambda$doGetBean$0(AbstractBeanFactory.java:337) ~[spring-beans-6.1.13.jar:6.1.13]
	at org.springframework.beans.factory.support.DefaultSingletonBeanRegistry.getSingleton(DefaultSingletonBeanRegistry.java:234) ~[spring-beans-6.1.13.jar:6.1.13]
	at org.springframework.beans.factory.support.AbstractBeanFactory.doGetBean(AbstractBeanFactory.java:335) ~[spring-beans-6.1.13.jar:6.1.13]
	at org.springframework.beans.factory.support.AbstractBeanFactory.getBean(AbstractBeanFactory.java:200) ~[spring-beans-6.1.13.jar:6.1.13]
	at org.springframework.beans.factory.support.DefaultListableBeanFactory.preInstantiateSingletons(DefaultListableBeanFactory.java:975) ~[spring-beans-6.1.13.jar:6.1.13]
	at org.springframework.context.support.AbstractApplicationContext.finishBeanFactoryInitialization(AbstractApplicationContext.java:971) ~[spring-context-6.1.13.jar:6.1.13]
	at org.springframework.context.support.AbstractApplicationContext.refresh(AbstractApplicationContext.java:625) ~[spring-context-6.1.13.jar:6.1.13]
	at org.springframework.boot.web.servlet.context.ServletWebServerApplicationContext.refresh(ServletWebServerApplicationContext.java:146) ~[spring-boot-3.3.4.jar:3.3.4]
	at org.springframework.boot.SpringApplication.refresh(SpringApplication.java:754) ~[spring-boot-3.3.4.jar:3.3.4]
	at org.springframework.boot.SpringApplication.refreshContext(SpringApplication.java:456) ~[spring-boot-3.3.4.jar:3.3.4]
	at org.springframework.boot.SpringApplication.run(SpringApplication.java:335) ~[spring-boot-3.3.4.jar:3.3.4]
	at org.springframework.boot.SpringApplication.run(SpringApplication.java:1363) ~[spring-boot-3.3.4.jar:3.3.4]
	at org.springframework.boot.SpringApplication.run(SpringApplication.java:1352) ~[spring-boot-3.3.4.jar:3.3.4]
	at org.league.app.CompetitionManagementServiceApplication.main(CompetitionManagementServiceApplication.java:13) ~[classes/:na]
Caused by: org.springframework.beans.factory.UnsatisfiedDependencyException: Error creating bean with name 'gameSystemService' defined in file [E:\important\ProLeagueManager\backend\competition-management-service\target\classes\org\league\app\service\GameSystemService.class]: Unsatisfied dependency expressed through constructor parameter 2: Error creating bean with name 'gameSystemRepository' defined in org.league.app.database.repository.GameSystemRepository defined in @EnableJpaRepositories declared on JpaRepositoriesRegistrar.EnableJpaRepositoriesConfiguration: Could not create query for public abstract java.util.List org.league.app.database.repository.GameSystemRepository.findAll(java.util.List); Reason: Failed to create query for method public abstract java.util.List org.league.app.database.repository.GameSystemRepository.findAll(java.util.List); No property 'findAll' found for type 'GameSystem'
	at org.springframework.beans.factory.support.ConstructorResolver.createArgumentArray(ConstructorResolver.java:795) ~[spring-beans-6.1.13.jar:6.1.13]
	at org.springframework.beans.factory.support.ConstructorResolver.autowireConstructor(ConstructorResolver.java:237) ~[spring-beans-6.1.13.jar:6.1.13]
	at org.springframework.beans.factory.support.AbstractAutowireCapableBeanFactory.autowireConstructor(AbstractAutowireCapableBeanFactory.java:1375) ~[spring-beans-6.1.13.jar:6.1.13]
	at org.springframework.beans.factory.support.AbstractAutowireCapableBeanFactory.createBeanInstance(AbstractAutowireCapableBeanFactory.java:1212) ~[spring-beans-6.1.13.jar:6.1.13]
	at org.springframework.beans.factory.support.AbstractAutowireCapableBeanFactory.doCreateBean(AbstractAutowireCapableBeanFactory.java:562) ~[spring-beans-6.1.13.jar:6.1.13]
	at org.springframework.beans.factory.support.AbstractAutowireCapableBeanFactory.createBean(AbstractAutowireCapableBeanFactory.java:522) ~[spring-beans-6.1.13.jar:6.1.13]
	at org.springframework.beans.factory.support.AbstractBeanFactory.lambda$doGetBean$0(AbstractBeanFactory.java:337) ~[spring-beans-6.1.13.jar:6.1.13]
	at org.springframework.beans.factory.support.DefaultSingletonBeanRegistry.getSingleton(DefaultSingletonBeanRegistry.java:234) ~[spring-beans-6.1.13.jar:6.1.13]
	at org.springframework.beans.factory.support.AbstractBeanFactory.doGetBean(AbstractBeanFactory.java:335) ~[spring-beans-6.1.13.jar:6.1.13]
	at org.springframework.beans.factory.support.AbstractBeanFactory.getBean(AbstractBeanFactory.java:200) ~[spring-beans-6.1.13.jar:6.1.13]
	at org.springframework.beans.factory.config.DependencyDescriptor.resolveCandidate(DependencyDescriptor.java:254) ~[spring-beans-6.1.13.jar:6.1.13]
	at org.springframework.beans.factory.support.DefaultListableBeanFactory.doResolveDependency(DefaultListableBeanFactory.java:1443) ~[spring-beans-6.1.13.jar:6.1.13]
	at org.springframework.beans.factory.support.DefaultListableBeanFactory.resolveDependency(DefaultListableBeanFactory.java:1353) ~[spring-beans-6.1.13.jar:6.1.13]
	at org.springframework.beans.factory.support.ConstructorResolver.resolveAutowiredArgument(ConstructorResolver.java:904) ~[spring-beans-6.1.13.jar:6.1.13]
	at org.springframework.beans.factory.support.ConstructorResolver.createArgumentArray(ConstructorResolver.java:782) ~[spring-beans-6.1.13.jar:6.1.13]
	... 19 common frames omitted
Caused by: org.springframework.beans.factory.BeanCreationException: Error creating bean with name 'gameSystemRepository' defined in org.league.app.database.repository.GameSystemRepository defined in @EnableJpaRepositories declared on JpaRepositoriesRegistrar.EnableJpaRepositoriesConfiguration: Could not create query for public abstract java.util.List org.league.app.database.repository.GameSystemRepository.findAll(java.util.List); Reason: Failed to create query for method public abstract java.util.List org.league.app.database.repository.GameSystemRepository.findAll(java.util.List); No property 'findAll' found for type 'GameSystem'
	at org.springframework.beans.factory.support.AbstractAutowireCapableBeanFactory.initializeBean(AbstractAutowireCapableBeanFactory.java:1806) ~[spring-beans-6.1.13.jar:6.1.13]
	at org.springframework.beans.factory.support.AbstractAutowireCapableBeanFactory.doCreateBean(AbstractAutowireCapableBeanFactory.java:600) ~[spring-beans-6.1.13.jar:6.1.13]
	at org.springframework.beans.factory.support.AbstractAutowireCapableBeanFactory.createBean(AbstractAutowireCapableBeanFactory.java:522) ~[spring-beans-6.1.13.jar:6.1.13]
	at org.springframework.beans.factory.support.AbstractBeanFactory.lambda$doGetBean$0(AbstractBeanFactory.java:337) ~[spring-beans-6.1.13.jar:6.1.13]
	at org.springframework.beans.factory.support.DefaultSingletonBeanRegistry.getSingleton(DefaultSingletonBeanRegistry.java:234) ~[spring-beans-6.1.13.jar:6.1.13]
	at org.springframework.beans.factory.support.AbstractBeanFactory.doGetBean(AbstractBeanFactory.java:335) ~[spring-beans-6.1.13.jar:6.1.13]
	at org.springframework.beans.factory.support.AbstractBeanFactory.getBean(AbstractBeanFactory.java:200) ~[spring-beans-6.1.13.jar:6.1.13]
	at org.springframework.beans.factory.config.DependencyDescriptor.resolveCandidate(DependencyDescriptor.java:254) ~[spring-beans-6.1.13.jar:6.1.13]
	at org.springframework.beans.factory.support.DefaultListableBeanFactory.doResolveDependency(DefaultListableBeanFactory.java:1443) ~[spring-beans-6.1.13.jar:6.1.13]
	at org.springframework.beans.factory.support.DefaultListableBeanFactory.resolveDependency(DefaultListableBeanFactory.java:1353) ~[spring-beans-6.1.13.jar:6.1.13]
	at org.springframework.beans.factory.support.ConstructorResolver.resolveAutowiredArgument(ConstructorResolver.java:904) ~[spring-beans-6.1.13.jar:6.1.13]
	at org.springframework.beans.factory.support.ConstructorResolver.createArgumentArray(ConstructorResolver.java:782) ~[spring-beans-6.1.13.jar:6.1.13]
	... 33 common frames omitted
Caused by: org.springframework.data.repository.query.QueryCreationException: Could not create query for public abstract java.util.List org.league.app.database.repository.GameSystemRepository.findAll(java.util.List); Reason: Failed to create query for method public abstract java.util.List org.league.app.database.repository.GameSystemRepository.findAll(java.util.List); No property 'findAll' found for type 'GameSystem'
	at org.springframework.data.repository.query.QueryCreationException.create(QueryCreationException.java:101) ~[spring-data-commons-3.3.4.jar:3.3.4]
	at org.springframework.data.repository.core.support.QueryExecutorMethodInterceptor.lookupQuery(QueryExecutorMethodInterceptor.java:119) ~[spring-data-commons-3.3.4.jar:3.3.4]
	at org.springframework.data.repository.core.support.QueryExecutorMethodInterceptor.mapMethodsToQuery(QueryExecutorMethodInterceptor.java:103) ~[spring-data-commons-3.3.4.jar:3.3.4]
	at org.springframework.data.repository.core.support.QueryExecutorMethodInterceptor.lambda$new$0(QueryExecutorMethodInterceptor.java:92) ~[spring-data-commons-3.3.4.jar:3.3.4]
	at java.base/java.util.Optional.map(Optional.java:260) ~[na:na]
	at org.springframework.data.repository.core.support.QueryExecutorMethodInterceptor.<init>(QueryExecutorMethodInterceptor.java:92) ~[spring-data-commons-3.3.4.jar:3.3.4]
	at org.springframework.data.repository.core.support.RepositoryFactorySupport.getRepository(RepositoryFactorySupport.java:357) ~[spring-data-commons-3.3.4.jar:3.3.4]
	at org.springframework.data.repository.core.support.RepositoryFactoryBeanSupport.lambda$afterPropertiesSet$5(RepositoryFactoryBeanSupport.java:286) ~[spring-data-commons-3.3.4.jar:3.3.4]
	at org.springframework.data.util.Lazy.getNullable(Lazy.java:135) ~[spring-data-commons-3.3.4.jar:3.3.4]
	at org.springframework.data.util.Lazy.get(Lazy.java:113) ~[spring-data-commons-3.3.4.jar:3.3.4]
	at org.springframework.data.repository.core.support.RepositoryFactoryBeanSupport.afterPropertiesSet(RepositoryFactoryBeanSupport.java:292) ~[spring-data-commons-3.3.4.jar:3.3.4]
	at org.springframework.data.jpa.repository.support.JpaRepositoryFactoryBean.afterPropertiesSet(JpaRepositoryFactoryBean.java:132) ~[spring-data-jpa-3.3.4.jar:3.3.4]
	at org.springframework.beans.factory.support.AbstractAutowireCapableBeanFactory.invokeInitMethods(AbstractAutowireCapableBeanFactory.java:1853) ~[spring-beans-6.1.13.jar:6.1.13]
	at org.springframework.beans.factory.support.AbstractAutowireCapableBeanFactory.initializeBean(AbstractAutowireCapableBeanFactory.java:1802) ~[spring-beans-6.1.13.jar:6.1.13]
	... 44 common frames omitted
Caused by: java.lang.IllegalArgumentException: Failed to create query for method public abstract java.util.List org.league.app.database.repository.GameSystemRepository.findAll(java.util.List); No property 'findAll' found for type 'GameSystem'
	at org.springframework.data.jpa.repository.query.PartTreeJpaQuery.<init>(PartTreeJpaQuery.java:107) ~[spring-data-jpa-3.3.4.jar:3.3.4]
	at org.springframework.data.jpa.repository.query.JpaQueryLookupStrategy$CreateQueryLookupStrategy.resolveQuery(JpaQueryLookupStrategy.java:124) ~[spring-data-jpa-3.3.4.jar:3.3.4]
	at org.springframework.data.jpa.repository.query.JpaQueryLookupStrategy$CreateIfNotFoundQueryLookupStrategy.resolveQuery(JpaQueryLookupStrategy.java:258) ~[spring-data-jpa-3.3.4.jar:3.3.4]
	at org.springframework.data.jpa.repository.query.JpaQueryLookupStrategy$AbstractQueryLookupStrategy.resolveQuery(JpaQueryLookupStrategy.java:95) ~[spring-data-jpa-3.3.4.jar:3.3.4]
	at org.springframework.data.repository.core.support.QueryExecutorMethodInterceptor.lookupQuery(QueryExecutorMethodInterceptor.java:115) ~[spring-data-commons-3.3.4.jar:3.3.4]
	... 56 common frames omitted
Caused by: org.springframework.data.mapping.PropertyReferenceException: No property 'findAll' found for type 'GameSystem'
	at org.springframework.data.mapping.PropertyPath.<init>(PropertyPath.java:94) ~[spring-data-commons-3.3.4.jar:3.3.4]
	at org.springframework.data.mapping.PropertyPath.create(PropertyPath.java:455) ~[spring-data-commons-3.3.4.jar:3.3.4]
	at org.springframework.data.mapping.PropertyPath.create(PropertyPath.java:431) ~[spring-data-commons-3.3.4.jar:3.3.4]
	at org.springframework.data.mapping.PropertyPath.lambda$from$0(PropertyPath.java:384) ~[spring-data-commons-3.3.4.jar:3.3.4]
	at java.base/java.util.concurrent.ConcurrentMap.computeIfAbsent(ConcurrentMap.java:330) ~[na:na]
	at org.springframework.data.mapping.PropertyPath.from(PropertyPath.java:366) ~[spring-data-commons-3.3.4.jar:3.3.4]
	at org.springframework.data.mapping.PropertyPath.from(PropertyPath.java:344) ~[spring-data-commons-3.3.4.jar:3.3.4]
	at org.springframework.data.repository.query.parser.Part.<init>(Part.java:81) ~[spring-data-commons-3.3.4.jar:3.3.4]
	at org.springframework.data.repository.query.parser.PartTree$OrPart.lambda$new$0(PartTree.java:259) ~[spring-data-commons-3.3.4.jar:3.3.4]
	at java.base/java.util.stream.ReferencePipeline$3$1.accept(ReferencePipeline.java:197) ~[na:na]
	at java.base/java.util.stream.ReferencePipeline$2$1.accept(ReferencePipeline.java:179) ~[na:na]
	at java.base/java.util.Spliterators$ArraySpliterator.forEachRemaining(Spliterators.java:1024) ~[na:na]
	at java.base/java.util.stream.AbstractPipeline.copyInto(AbstractPipeline.java:509) ~[na:na]
	at java.base/java.util.stream.AbstractPipeline.wrapAndCopyInto(AbstractPipeline.java:499) ~[na:na]
	at java.base/java.util.stream.ReduceOps$ReduceOp.evaluateSequential(ReduceOps.java:921) ~[na:na]
	at java.base/java.util.stream.AbstractPipeline.evaluate(AbstractPipeline.java:234) ~[na:na]
	at java.base/java.util.stream.ReferencePipeline.collect(ReferencePipeline.java:682) ~[na:na]
	at org.springframework.data.repository.query.parser.PartTree$OrPart.<init>(PartTree.java:260) ~[spring-data-commons-3.3.4.jar:3.3.4]
	at org.springframework.data.repository.query.parser.PartTree$Predicate.lambda$new$0(PartTree.java:389) ~[spring-data-commons-3.3.4.jar:3.3.4]
	at java.base/java.util.stream.ReferencePipeline$3$1.accept(ReferencePipeline.java:197) ~[na:na]
	at java.base/java.util.stream.ReferencePipeline$2$1.accept(ReferencePipeline.java:179) ~[na:na]
	at java.base/java.util.Spliterators$ArraySpliterator.forEachRemaining(Spliterators.java:1024) ~[na:na]
	at java.base/java.util.stream.AbstractPipeline.copyInto(AbstractPipeline.java:509) ~[na:na]
	at java.base/java.util.stream.AbstractPipeline.wrapAndCopyInto(AbstractPipeline.java:499) ~[na:na]
	at java.base/java.util.stream.ReduceOps$ReduceOp.evaluateSequential(ReduceOps.java:921) ~[na:na]
	at java.base/java.util.stream.AbstractPipeline.evaluate(AbstractPipeline.java:234) ~[na:na]
	at java.base/java.util.stream.ReferencePipeline.collect(ReferencePipeline.java:682) ~[na:na]
	at org.springframework.data.repository.query.parser.PartTree$Predicate.<init>(PartTree.java:390) ~[spring-data-commons-3.3.4.jar:3.3.4]
	at org.springframework.data.repository.query.parser.PartTree.<init>(PartTree.java:100) ~[spring-data-commons-3.3.4.jar:3.3.4]
	at org.springframework.data.jpa.repository.query.PartTreeJpaQuery.<init>(PartTreeJpaQuery.java:101) ~[spring-data-jpa-3.3.4.jar:3.3.4]
	... 60 common frames omitted

2025-01-14T00:30:07.219+01:00  INFO 51068 --- [competition-management-service] [main] .CompetitionManagementServiceApplication : Starting CompetitionManagementServiceApplication using Java 21.0.5 with PID 51068 (E:\important\ProLeagueManager\backend\competition-management-service\target\classes started by ylopa in E:\important\ProLeagueManager)
2025-01-14T00:30:07.222+01:00  INFO 51068 --- [competition-management-service] [main] .CompetitionManagementServiceApplication : No active profile set, falling back to 1 default profile: "default"
2025-01-14T00:30:08.690+01:00  INFO 51068 --- [competition-management-service] [main] .s.d.r.c.RepositoryConfigurationDelegate : Bootstrapping Spring Data JPA repositories in DEFAULT mode.
2025-01-14T00:30:08.905+01:00  INFO 51068 --- [competition-management-service] [main] .s.d.r.c.RepositoryConfigurationDelegate : Finished Spring Data repository scanning in 206 ms. Found 4 JPA repository interfaces.
2025-01-14T00:30:09.297+01:00  INFO 51068 --- [competition-management-service] [main] o.s.cloud.context.scope.GenericScope     : BeanFactory id=88b946c5-3fcd-333a-a1a3-cb0e30e0b868
2025-01-14T00:30:09.718+01:00  WARN 51068 --- [competition-management-service] [main] trationDelegate$BeanPostProcessorChecker : Bean 'org.springframework.cloud.client.loadbalancer.LoadBalancerAutoConfiguration$DeferringLoadBalancerInterceptorConfig' of type [org.springframework.cloud.client.loadbalancer.LoadBalancerAutoConfiguration$DeferringLoadBalancerInterceptorConfig] is not eligible for getting processed by all BeanPostProcessors (for example: not eligible for auto-proxying). The currently created BeanPostProcessor [lbRestClientPostProcessor] is declared through a non-static factory method on that class; consider declaring it as static instead.
2025-01-14T00:30:09.722+01:00  WARN 51068 --- [competition-management-service] [main] trationDelegate$BeanPostProcessorChecker : Bean 'deferringLoadBalancerInterceptor' of type [org.springframework.cloud.client.loadbalancer.DeferringLoadBalancerInterceptor] is not eligible for getting processed by all BeanPostProcessors (for example: not eligible for auto-proxying). Is this bean getting eagerly injected into a currently created BeanPostProcessor [lbRestClientPostProcessor]? Check the corresponding BeanPostProcessor declaration and its dependencies.
2025-01-14T00:30:10.131+01:00  INFO 51068 --- [competition-management-service] [main] o.s.b.w.embedded.tomcat.TomcatWebServer  : Tomcat initialized with port 8084 (http)
2025-01-14T00:30:10.155+01:00  INFO 51068 --- [competition-management-service] [main] o.apache.catalina.core.StandardService   : Starting service [Tomcat]
2025-01-14T00:30:10.156+01:00  INFO 51068 --- [competition-management-service] [main] o.apache.catalina.core.StandardEngine    : Starting Servlet engine: [Apache Tomcat/10.1.30]
2025-01-14T00:30:10.255+01:00  INFO 51068 --- [competition-management-service] [main] o.a.c.c.C.[Tomcat].[localhost].[/]       : Initializing Spring embedded WebApplicationContext
2025-01-14T00:30:10.255+01:00  INFO 51068 --- [competition-management-service] [main] w.s.c.ServletWebServerApplicationContext : Root WebApplicationContext: initialization completed in 2979 ms
2025-01-14T00:30:10.587+01:00  INFO 51068 --- [competition-management-service] [main] o.s.c.openfeign.FeignClientFactoryBean   : For 'user-service' URL not provided. Will try picking an instance via load-balancing.
2025-01-14T00:30:11.231+01:00  INFO 51068 --- [competition-management-service] [main] o.hibernate.jpa.internal.util.LogHelper  : HHH000204: Processing PersistenceUnitInfo [name: default]
2025-01-14T00:30:11.308+01:00  INFO 51068 --- [competition-management-service] [main] org.hibernate.Version                    : HHH000412: Hibernate ORM core version 6.5.3.Final
2025-01-14T00:30:11.346+01:00  INFO 51068 --- [competition-management-service] [main] o.h.c.internal.RegionFactoryInitiator    : HHH000026: Second-level cache disabled
2025-01-14T00:30:11.727+01:00  INFO 51068 --- [competition-management-service] [main] o.s.o.j.p.SpringPersistenceUnitInfo      : No LoadTimeWeaver setup: ignoring JPA class transformer
2025-01-14T00:30:11.766+01:00  INFO 51068 --- [competition-management-service] [main] com.zaxxer.hikari.HikariDataSource       : HikariPool-1 - Starting...
2025-01-14T00:30:12.001+01:00  INFO 51068 --- [competition-management-service] [main] com.zaxxer.hikari.pool.HikariPool        : HikariPool-1 - Added connection org.postgresql.jdbc.PgConnection@32eb38e5
2025-01-14T00:30:12.003+01:00  INFO 51068 --- [competition-management-service] [main] com.zaxxer.hikari.HikariDataSource       : HikariPool-1 - Start completed.
2025-01-14T00:30:13.502+01:00  INFO 51068 --- [competition-management-service] [main] o.h.e.t.j.p.i.JtaPlatformInitiator       : HHH000489: No JTA platform available (set 'hibernate.transaction.jta.platform' to enable JTA platform integration)
2025-01-14T00:30:13.739+01:00  INFO 51068 --- [competition-management-service] [main] j.LocalContainerEntityManagerFactoryBean : Initialized JPA EntityManagerFactory for persistence unit 'default'
2025-01-14T00:30:13.806+01:00  INFO 51068 --- [competition-management-service] [main] o.s.c.openfeign.FeignClientFactoryBean   : For 'sport-service' URL not provided. Will try picking an instance via load-balancing.
2025-01-14T00:30:14.259+01:00  WARN 51068 --- [competition-management-service] [main] ConfigServletWebServerApplicationContext : Exception encountered during context initialization - cancelling refresh attempt: org.springframework.beans.factory.UnsatisfiedDependencyException: Error creating bean with name 'gameSystemController' defined in file [E:\important\ProLeagueManager\backend\competition-management-service\target\classes\org\league\app\controller\GameSystemController.class]: Unsatisfied dependency expressed through constructor parameter 0: Error creating bean with name 'gameSystemService' defined in file [E:\important\ProLeagueManager\backend\competition-management-service\target\classes\org\league\app\service\GameSystemService.class]: Unsatisfied dependency expressed through constructor parameter 2: Error creating bean with name 'gameSystemRepository' defined in org.league.app.database.repository.GameSystemRepository defined in @EnableJpaRepositories declared on JpaRepositoriesRegistrar.EnableJpaRepositoriesConfiguration: Could not create query for public abstract java.util.List org.league.app.database.repository.GameSystemRepository.findAll(java.util.List); Reason: Failed to create query for method public abstract java.util.List org.league.app.database.repository.GameSystemRepository.findAll(java.util.List); No property 'findAll' found for type 'GameSystem'
2025-01-14T00:30:14.259+01:00  INFO 51068 --- [competition-management-service] [main] j.LocalContainerEntityManagerFactoryBean : Closing JPA EntityManagerFactory for persistence unit 'default'
2025-01-14T00:30:14.263+01:00  INFO 51068 --- [competition-management-service] [main] com.zaxxer.hikari.HikariDataSource       : HikariPool-1 - Shutdown initiated...
2025-01-14T00:30:14.268+01:00  INFO 51068 --- [competition-management-service] [main] com.zaxxer.hikari.HikariDataSource       : HikariPool-1 - Shutdown completed.
2025-01-14T00:30:14.270+01:00  WARN 51068 --- [competition-management-service] [main] s.c.a.AnnotationConfigApplicationContext : Exception thrown from ApplicationListener handling ContextClosedEvent

org.springframework.beans.factory.BeanCreationNotAllowedException: Error creating bean with name 'applicationTaskExecutor': Singleton bean creation not allowed while singletons of this factory are in destruction (Do not request a bean from a BeanFactory in a destroy method implementation!)
	at org.springframework.beans.factory.support.DefaultSingletonBeanRegistry.getSingleton(DefaultSingletonBeanRegistry.java:220) ~[spring-beans-6.1.13.jar:6.1.13]
	at org.springframework.beans.factory.support.AbstractBeanFactory.doGetBean(AbstractBeanFactory.java:335) ~[spring-beans-6.1.13.jar:6.1.13]
	at org.springframework.beans.factory.support.AbstractBeanFactory.getBean(AbstractBeanFactory.java:205) ~[spring-beans-6.1.13.jar:6.1.13]
	at org.springframework.context.event.AbstractApplicationEventMulticaster.retrieveApplicationListeners(AbstractApplicationEventMulticaster.java:265) ~[spring-context-6.1.13.jar:6.1.13]
	at org.springframework.context.event.AbstractApplicationEventMulticaster.getApplicationListeners(AbstractApplicationEventMulticaster.java:222) ~[spring-context-6.1.13.jar:6.1.13]
	at org.springframework.context.event.SimpleApplicationEventMulticaster.multicastEvent(SimpleApplicationEventMulticaster.java:145) ~[spring-context-6.1.13.jar:6.1.13]
	at org.springframework.context.support.AbstractApplicationContext.publishEvent(AbstractApplicationContext.java:452) ~[spring-context-6.1.13.jar:6.1.13]
	at org.springframework.context.support.AbstractApplicationContext.publishEvent(AbstractApplicationContext.java:458) ~[spring-context-6.1.13.jar:6.1.13]
	at org.springframework.context.support.AbstractApplicationContext.publishEvent(AbstractApplicationContext.java:385) ~[spring-context-6.1.13.jar:6.1.13]
	at org.springframework.context.support.AbstractApplicationContext.doClose(AbstractApplicationContext.java:1139) ~[spring-context-6.1.13.jar:6.1.13]
	at org.springframework.context.support.AbstractApplicationContext.close(AbstractApplicationContext.java:1102) ~[spring-context-6.1.13.jar:6.1.13]
	at org.springframework.cloud.context.named.NamedContextFactory.destroy(NamedContextFactory.java:114) ~[spring-cloud-context-4.1.4.jar:4.1.4]
	at org.springframework.beans.factory.support.DisposableBeanAdapter.destroy(DisposableBeanAdapter.java:211) ~[spring-beans-6.1.13.jar:6.1.13]
	at org.springframework.beans.factory.support.DefaultSingletonBeanRegistry.destroyBean(DefaultSingletonBeanRegistry.java:587) ~[spring-beans-6.1.13.jar:6.1.13]
	at org.springframework.beans.factory.support.DefaultSingletonBeanRegistry.destroySingleton(DefaultSingletonBeanRegistry.java:559) ~[spring-beans-6.1.13.jar:6.1.13]
	at org.springframework.beans.factory.support.DefaultListableBeanFactory.destroySingleton(DefaultListableBeanFactory.java:1202) ~[spring-beans-6.1.13.jar:6.1.13]
	at org.springframework.beans.factory.support.DefaultSingletonBeanRegistry.destroySingletons(DefaultSingletonBeanRegistry.java:520) ~[spring-beans-6.1.13.jar:6.1.13]
	at org.springframework.beans.factory.support.DefaultListableBeanFactory.destroySingletons(DefaultListableBeanFactory.java:1195) ~[spring-beans-6.1.13.jar:6.1.13]
	at org.springframework.context.support.AbstractApplicationContext.destroyBeans(AbstractApplicationContext.java:1195) ~[spring-context-6.1.13.jar:6.1.13]
	at org.springframework.context.support.AbstractApplicationContext.refresh(AbstractApplicationContext.java:638) ~[spring-context-6.1.13.jar:6.1.13]
	at org.springframework.boot.web.servlet.context.ServletWebServerApplicationContext.refresh(ServletWebServerApplicationContext.java:146) ~[spring-boot-3.3.4.jar:3.3.4]
	at org.springframework.boot.SpringApplication.refresh(SpringApplication.java:754) ~[spring-boot-3.3.4.jar:3.3.4]
	at org.springframework.boot.SpringApplication.refreshContext(SpringApplication.java:456) ~[spring-boot-3.3.4.jar:3.3.4]
	at org.springframework.boot.SpringApplication.run(SpringApplication.java:335) ~[spring-boot-3.3.4.jar:3.3.4]
	at org.springframework.boot.SpringApplication.run(SpringApplication.java:1363) ~[spring-boot-3.3.4.jar:3.3.4]
	at org.springframework.boot.SpringApplication.run(SpringApplication.java:1352) ~[spring-boot-3.3.4.jar:3.3.4]
	at org.league.app.CompetitionManagementServiceApplication.main(CompetitionManagementServiceApplication.java:13) ~[classes/:na]

2025-01-14T00:30:14.277+01:00  WARN 51068 --- [competition-management-service] [main] s.c.a.AnnotationConfigApplicationContext : Exception thrown from ApplicationListener handling ContextClosedEvent

org.springframework.beans.factory.BeanCreationNotAllowedException: Error creating bean with name 'applicationTaskExecutor': Singleton bean creation not allowed while singletons of this factory are in destruction (Do not request a bean from a BeanFactory in a destroy method implementation!)
	at org.springframework.beans.factory.support.DefaultSingletonBeanRegistry.getSingleton(DefaultSingletonBeanRegistry.java:220) ~[spring-beans-6.1.13.jar:6.1.13]
	at org.springframework.beans.factory.support.AbstractBeanFactory.doGetBean(AbstractBeanFactory.java:335) ~[spring-beans-6.1.13.jar:6.1.13]
	at org.springframework.beans.factory.support.AbstractBeanFactory.getBean(AbstractBeanFactory.java:205) ~[spring-beans-6.1.13.jar:6.1.13]
	at org.springframework.context.event.AbstractApplicationEventMulticaster.retrieveApplicationListeners(AbstractApplicationEventMulticaster.java:265) ~[spring-context-6.1.13.jar:6.1.13]
	at org.springframework.context.event.AbstractApplicationEventMulticaster.getApplicationListeners(AbstractApplicationEventMulticaster.java:222) ~[spring-context-6.1.13.jar:6.1.13]
	at org.springframework.context.event.SimpleApplicationEventMulticaster.multicastEvent(SimpleApplicationEventMulticaster.java:145) ~[spring-context-6.1.13.jar:6.1.13]
	at org.springframework.context.support.AbstractApplicationContext.publishEvent(AbstractApplicationContext.java:452) ~[spring-context-6.1.13.jar:6.1.13]
	at org.springframework.context.support.AbstractApplicationContext.publishEvent(AbstractApplicationContext.java:458) ~[spring-context-6.1.13.jar:6.1.13]
	at org.springframework.context.support.AbstractApplicationContext.publishEvent(AbstractApplicationContext.java:385) ~[spring-context-6.1.13.jar:6.1.13]
	at org.springframework.context.support.AbstractApplicationContext.doClose(AbstractApplicationContext.java:1139) ~[spring-context-6.1.13.jar:6.1.13]
	at org.springframework.context.support.AbstractApplicationContext.close(AbstractApplicationContext.java:1102) ~[spring-context-6.1.13.jar:6.1.13]
	at org.springframework.cloud.context.named.NamedContextFactory.destroy(NamedContextFactory.java:114) ~[spring-cloud-context-4.1.4.jar:4.1.4]
	at org.springframework.beans.factory.support.DisposableBeanAdapter.destroy(DisposableBeanAdapter.java:211) ~[spring-beans-6.1.13.jar:6.1.13]
	at org.springframework.beans.factory.support.DefaultSingletonBeanRegistry.destroyBean(DefaultSingletonBeanRegistry.java:587) ~[spring-beans-6.1.13.jar:6.1.13]
	at org.springframework.beans.factory.support.DefaultSingletonBeanRegistry.destroySingleton(DefaultSingletonBeanRegistry.java:559) ~[spring-beans-6.1.13.jar:6.1.13]
	at org.springframework.beans.factory.support.DefaultListableBeanFactory.destroySingleton(DefaultListableBeanFactory.java:1202) ~[spring-beans-6.1.13.jar:6.1.13]
	at org.springframework.beans.factory.support.DefaultSingletonBeanRegistry.destroySingletons(DefaultSingletonBeanRegistry.java:520) ~[spring-beans-6.1.13.jar:6.1.13]
	at org.springframework.beans.factory.support.DefaultListableBeanFactory.destroySingletons(DefaultListableBeanFactory.java:1195) ~[spring-beans-6.1.13.jar:6.1.13]
	at org.springframework.context.support.AbstractApplicationContext.destroyBeans(AbstractApplicationContext.java:1195) ~[spring-context-6.1.13.jar:6.1.13]
	at org.springframework.context.support.AbstractApplicationContext.refresh(AbstractApplicationContext.java:638) ~[spring-context-6.1.13.jar:6.1.13]
	at org.springframework.boot.web.servlet.context.ServletWebServerApplicationContext.refresh(ServletWebServerApplicationContext.java:146) ~[spring-boot-3.3.4.jar:3.3.4]
	at org.springframework.boot.SpringApplication.refresh(SpringApplication.java:754) ~[spring-boot-3.3.4.jar:3.3.4]
	at org.springframework.boot.SpringApplication.refreshContext(SpringApplication.java:456) ~[spring-boot-3.3.4.jar:3.3.4]
	at org.springframework.boot.SpringApplication.run(SpringApplication.java:335) ~[spring-boot-3.3.4.jar:3.3.4]
	at org.springframework.boot.SpringApplication.run(SpringApplication.java:1363) ~[spring-boot-3.3.4.jar:3.3.4]
	at org.springframework.boot.SpringApplication.run(SpringApplication.java:1352) ~[spring-boot-3.3.4.jar:3.3.4]
	at org.league.app.CompetitionManagementServiceApplication.main(CompetitionManagementServiceApplication.java:13) ~[classes/:na]

2025-01-14T00:30:14.277+01:00  INFO 51068 --- [competition-management-service] [main] o.apache.catalina.core.StandardService   : Stopping service [Tomcat]
2025-01-14T00:30:14.300+01:00  INFO 51068 --- [competition-management-service] [main] .s.b.a.l.ConditionEvaluationReportLogger : 

Error starting ApplicationContext. To display the condition evaluation report re-run your application with 'debug' enabled.
2025-01-14T00:30:14.324+01:00 ERROR 51068 --- [competition-management-service] [main] o.s.boot.SpringApplication               : Application run failed

org.springframework.beans.factory.UnsatisfiedDependencyException: Error creating bean with name 'gameSystemController' defined in file [E:\important\ProLeagueManager\backend\competition-management-service\target\classes\org\league\app\controller\GameSystemController.class]: Unsatisfied dependency expressed through constructor parameter 0: Error creating bean with name 'gameSystemService' defined in file [E:\important\ProLeagueManager\backend\competition-management-service\target\classes\org\league\app\service\GameSystemService.class]: Unsatisfied dependency expressed through constructor parameter 2: Error creating bean with name 'gameSystemRepository' defined in org.league.app.database.repository.GameSystemRepository defined in @EnableJpaRepositories declared on JpaRepositoriesRegistrar.EnableJpaRepositoriesConfiguration: Could not create query for public abstract java.util.List org.league.app.database.repository.GameSystemRepository.findAll(java.util.List); Reason: Failed to create query for method public abstract java.util.List org.league.app.database.repository.GameSystemRepository.findAll(java.util.List); No property 'findAll' found for type 'GameSystem'
	at org.springframework.beans.factory.support.ConstructorResolver.createArgumentArray(ConstructorResolver.java:795) ~[spring-beans-6.1.13.jar:6.1.13]
	at org.springframework.beans.factory.support.ConstructorResolver.autowireConstructor(ConstructorResolver.java:237) ~[spring-beans-6.1.13.jar:6.1.13]
	at org.springframework.beans.factory.support.AbstractAutowireCapableBeanFactory.autowireConstructor(AbstractAutowireCapableBeanFactory.java:1375) ~[spring-beans-6.1.13.jar:6.1.13]
	at org.springframework.beans.factory.support.AbstractAutowireCapableBeanFactory.createBeanInstance(AbstractAutowireCapableBeanFactory.java:1212) ~[spring-beans-6.1.13.jar:6.1.13]
	at org.springframework.beans.factory.support.AbstractAutowireCapableBeanFactory.doCreateBean(AbstractAutowireCapableBeanFactory.java:562) ~[spring-beans-6.1.13.jar:6.1.13]
	at org.springframework.beans.factory.support.AbstractAutowireCapableBeanFactory.createBean(AbstractAutowireCapableBeanFactory.java:522) ~[spring-beans-6.1.13.jar:6.1.13]
	at org.springframework.beans.factory.support.AbstractBeanFactory.lambda$doGetBean$0(AbstractBeanFactory.java:337) ~[spring-beans-6.1.13.jar:6.1.13]
	at org.springframework.beans.factory.support.DefaultSingletonBeanRegistry.getSingleton(DefaultSingletonBeanRegistry.java:234) ~[spring-beans-6.1.13.jar:6.1.13]
	at org.springframework.beans.factory.support.AbstractBeanFactory.doGetBean(AbstractBeanFactory.java:335) ~[spring-beans-6.1.13.jar:6.1.13]
	at org.springframework.beans.factory.support.AbstractBeanFactory.getBean(AbstractBeanFactory.java:200) ~[spring-beans-6.1.13.jar:6.1.13]
	at org.springframework.beans.factory.support.DefaultListableBeanFactory.preInstantiateSingletons(DefaultListableBeanFactory.java:975) ~[spring-beans-6.1.13.jar:6.1.13]
	at org.springframework.context.support.AbstractApplicationContext.finishBeanFactoryInitialization(AbstractApplicationContext.java:971) ~[spring-context-6.1.13.jar:6.1.13]
	at org.springframework.context.support.AbstractApplicationContext.refresh(AbstractApplicationContext.java:625) ~[spring-context-6.1.13.jar:6.1.13]
	at org.springframework.boot.web.servlet.context.ServletWebServerApplicationContext.refresh(ServletWebServerApplicationContext.java:146) ~[spring-boot-3.3.4.jar:3.3.4]
	at org.springframework.boot.SpringApplication.refresh(SpringApplication.java:754) ~[spring-boot-3.3.4.jar:3.3.4]
	at org.springframework.boot.SpringApplication.refreshContext(SpringApplication.java:456) ~[spring-boot-3.3.4.jar:3.3.4]
	at org.springframework.boot.SpringApplication.run(SpringApplication.java:335) ~[spring-boot-3.3.4.jar:3.3.4]
	at org.springframework.boot.SpringApplication.run(SpringApplication.java:1363) ~[spring-boot-3.3.4.jar:3.3.4]
	at org.springframework.boot.SpringApplication.run(SpringApplication.java:1352) ~[spring-boot-3.3.4.jar:3.3.4]
	at org.league.app.CompetitionManagementServiceApplication.main(CompetitionManagementServiceApplication.java:13) ~[classes/:na]
Caused by: org.springframework.beans.factory.UnsatisfiedDependencyException: Error creating bean with name 'gameSystemService' defined in file [E:\important\ProLeagueManager\backend\competition-management-service\target\classes\org\league\app\service\GameSystemService.class]: Unsatisfied dependency expressed through constructor parameter 2: Error creating bean with name 'gameSystemRepository' defined in org.league.app.database.repository.GameSystemRepository defined in @EnableJpaRepositories declared on JpaRepositoriesRegistrar.EnableJpaRepositoriesConfiguration: Could not create query for public abstract java.util.List org.league.app.database.repository.GameSystemRepository.findAll(java.util.List); Reason: Failed to create query for method public abstract java.util.List org.league.app.database.repository.GameSystemRepository.findAll(java.util.List); No property 'findAll' found for type 'GameSystem'
	at org.springframework.beans.factory.support.ConstructorResolver.createArgumentArray(ConstructorResolver.java:795) ~[spring-beans-6.1.13.jar:6.1.13]
	at org.springframework.beans.factory.support.ConstructorResolver.autowireConstructor(ConstructorResolver.java:237) ~[spring-beans-6.1.13.jar:6.1.13]
	at org.springframework.beans.factory.support.AbstractAutowireCapableBeanFactory.autowireConstructor(AbstractAutowireCapableBeanFactory.java:1375) ~[spring-beans-6.1.13.jar:6.1.13]
	at org.springframework.beans.factory.support.AbstractAutowireCapableBeanFactory.createBeanInstance(AbstractAutowireCapableBeanFactory.java:1212) ~[spring-beans-6.1.13.jar:6.1.13]
	at org.springframework.beans.factory.support.AbstractAutowireCapableBeanFactory.doCreateBean(AbstractAutowireCapableBeanFactory.java:562) ~[spring-beans-6.1.13.jar:6.1.13]
	at org.springframework.beans.factory.support.AbstractAutowireCapableBeanFactory.createBean(AbstractAutowireCapableBeanFactory.java:522) ~[spring-beans-6.1.13.jar:6.1.13]
	at org.springframework.beans.factory.support.AbstractBeanFactory.lambda$doGetBean$0(AbstractBeanFactory.java:337) ~[spring-beans-6.1.13.jar:6.1.13]
	at org.springframework.beans.factory.support.DefaultSingletonBeanRegistry.getSingleton(DefaultSingletonBeanRegistry.java:234) ~[spring-beans-6.1.13.jar:6.1.13]
	at org.springframework.beans.factory.support.AbstractBeanFactory.doGetBean(AbstractBeanFactory.java:335) ~[spring-beans-6.1.13.jar:6.1.13]
	at org.springframework.beans.factory.support.AbstractBeanFactory.getBean(AbstractBeanFactory.java:200) ~[spring-beans-6.1.13.jar:6.1.13]
	at org.springframework.beans.factory.config.DependencyDescriptor.resolveCandidate(DependencyDescriptor.java:254) ~[spring-beans-6.1.13.jar:6.1.13]
	at org.springframework.beans.factory.support.DefaultListableBeanFactory.doResolveDependency(DefaultListableBeanFactory.java:1443) ~[spring-beans-6.1.13.jar:6.1.13]
	at org.springframework.beans.factory.support.DefaultListableBeanFactory.resolveDependency(DefaultListableBeanFactory.java:1353) ~[spring-beans-6.1.13.jar:6.1.13]
	at org.springframework.beans.factory.support.ConstructorResolver.resolveAutowiredArgument(ConstructorResolver.java:904) ~[spring-beans-6.1.13.jar:6.1.13]
	at org.springframework.beans.factory.support.ConstructorResolver.createArgumentArray(ConstructorResolver.java:782) ~[spring-beans-6.1.13.jar:6.1.13]
	... 19 common frames omitted
Caused by: org.springframework.beans.factory.BeanCreationException: Error creating bean with name 'gameSystemRepository' defined in org.league.app.database.repository.GameSystemRepository defined in @EnableJpaRepositories declared on JpaRepositoriesRegistrar.EnableJpaRepositoriesConfiguration: Could not create query for public abstract java.util.List org.league.app.database.repository.GameSystemRepository.findAll(java.util.List); Reason: Failed to create query for method public abstract java.util.List org.league.app.database.repository.GameSystemRepository.findAll(java.util.List); No property 'findAll' found for type 'GameSystem'
	at org.springframework.beans.factory.support.AbstractAutowireCapableBeanFactory.initializeBean(AbstractAutowireCapableBeanFactory.java:1806) ~[spring-beans-6.1.13.jar:6.1.13]
	at org.springframework.beans.factory.support.AbstractAutowireCapableBeanFactory.doCreateBean(AbstractAutowireCapableBeanFactory.java:600) ~[spring-beans-6.1.13.jar:6.1.13]
	at org.springframework.beans.factory.support.AbstractAutowireCapableBeanFactory.createBean(AbstractAutowireCapableBeanFactory.java:522) ~[spring-beans-6.1.13.jar:6.1.13]
	at org.springframework.beans.factory.support.AbstractBeanFactory.lambda$doGetBean$0(AbstractBeanFactory.java:337) ~[spring-beans-6.1.13.jar:6.1.13]
	at org.springframework.beans.factory.support.DefaultSingletonBeanRegistry.getSingleton(DefaultSingletonBeanRegistry.java:234) ~[spring-beans-6.1.13.jar:6.1.13]
	at org.springframework.beans.factory.support.AbstractBeanFactory.doGetBean(AbstractBeanFactory.java:335) ~[spring-beans-6.1.13.jar:6.1.13]
	at org.springframework.beans.factory.support.AbstractBeanFactory.getBean(AbstractBeanFactory.java:200) ~[spring-beans-6.1.13.jar:6.1.13]
	at org.springframework.beans.factory.config.DependencyDescriptor.resolveCandidate(DependencyDescriptor.java:254) ~[spring-beans-6.1.13.jar:6.1.13]
	at org.springframework.beans.factory.support.DefaultListableBeanFactory.doResolveDependency(DefaultListableBeanFactory.java:1443) ~[spring-beans-6.1.13.jar:6.1.13]
	at org.springframework.beans.factory.support.DefaultListableBeanFactory.resolveDependency(DefaultListableBeanFactory.java:1353) ~[spring-beans-6.1.13.jar:6.1.13]
	at org.springframework.beans.factory.support.ConstructorResolver.resolveAutowiredArgument(ConstructorResolver.java:904) ~[spring-beans-6.1.13.jar:6.1.13]
	at org.springframework.beans.factory.support.ConstructorResolver.createArgumentArray(ConstructorResolver.java:782) ~[spring-beans-6.1.13.jar:6.1.13]
	... 33 common frames omitted
Caused by: org.springframework.data.repository.query.QueryCreationException: Could not create query for public abstract java.util.List org.league.app.database.repository.GameSystemRepository.findAll(java.util.List); Reason: Failed to create query for method public abstract java.util.List org.league.app.database.repository.GameSystemRepository.findAll(java.util.List); No property 'findAll' found for type 'GameSystem'
	at org.springframework.data.repository.query.QueryCreationException.create(QueryCreationException.java:101) ~[spring-data-commons-3.3.4.jar:3.3.4]
	at org.springframework.data.repository.core.support.QueryExecutorMethodInterceptor.lookupQuery(QueryExecutorMethodInterceptor.java:119) ~[spring-data-commons-3.3.4.jar:3.3.4]
	at org.springframework.data.repository.core.support.QueryExecutorMethodInterceptor.mapMethodsToQuery(QueryExecutorMethodInterceptor.java:103) ~[spring-data-commons-3.3.4.jar:3.3.4]
	at org.springframework.data.repository.core.support.QueryExecutorMethodInterceptor.lambda$new$0(QueryExecutorMethodInterceptor.java:92) ~[spring-data-commons-3.3.4.jar:3.3.4]
	at java.base/java.util.Optional.map(Optional.java:260) ~[na:na]
	at org.springframework.data.repository.core.support.QueryExecutorMethodInterceptor.<init>(QueryExecutorMethodInterceptor.java:92) ~[spring-data-commons-3.3.4.jar:3.3.4]
	at org.springframework.data.repository.core.support.RepositoryFactorySupport.getRepository(RepositoryFactorySupport.java:357) ~[spring-data-commons-3.3.4.jar:3.3.4]
	at org.springframework.data.repository.core.support.RepositoryFactoryBeanSupport.lambda$afterPropertiesSet$5(RepositoryFactoryBeanSupport.java:286) ~[spring-data-commons-3.3.4.jar:3.3.4]
	at org.springframework.data.util.Lazy.getNullable(Lazy.java:135) ~[spring-data-commons-3.3.4.jar:3.3.4]
	at org.springframework.data.util.Lazy.get(Lazy.java:113) ~[spring-data-commons-3.3.4.jar:3.3.4]
	at org.springframework.data.repository.core.support.RepositoryFactoryBeanSupport.afterPropertiesSet(RepositoryFactoryBeanSupport.java:292) ~[spring-data-commons-3.3.4.jar:3.3.4]
	at org.springframework.data.jpa.repository.support.JpaRepositoryFactoryBean.afterPropertiesSet(JpaRepositoryFactoryBean.java:132) ~[spring-data-jpa-3.3.4.jar:3.3.4]
	at org.springframework.beans.factory.support.AbstractAutowireCapableBeanFactory.invokeInitMethods(AbstractAutowireCapableBeanFactory.java:1853) ~[spring-beans-6.1.13.jar:6.1.13]
	at org.springframework.beans.factory.support.AbstractAutowireCapableBeanFactory.initializeBean(AbstractAutowireCapableBeanFactory.java:1802) ~[spring-beans-6.1.13.jar:6.1.13]
	... 44 common frames omitted
Caused by: java.lang.IllegalArgumentException: Failed to create query for method public abstract java.util.List org.league.app.database.repository.GameSystemRepository.findAll(java.util.List); No property 'findAll' found for type 'GameSystem'
	at org.springframework.data.jpa.repository.query.PartTreeJpaQuery.<init>(PartTreeJpaQuery.java:107) ~[spring-data-jpa-3.3.4.jar:3.3.4]
	at org.springframework.data.jpa.repository.query.JpaQueryLookupStrategy$CreateQueryLookupStrategy.resolveQuery(JpaQueryLookupStrategy.java:124) ~[spring-data-jpa-3.3.4.jar:3.3.4]
	at org.springframework.data.jpa.repository.query.JpaQueryLookupStrategy$CreateIfNotFoundQueryLookupStrategy.resolveQuery(JpaQueryLookupStrategy.java:258) ~[spring-data-jpa-3.3.4.jar:3.3.4]
	at org.springframework.data.jpa.repository.query.JpaQueryLookupStrategy$AbstractQueryLookupStrategy.resolveQuery(JpaQueryLookupStrategy.java:95) ~[spring-data-jpa-3.3.4.jar:3.3.4]
	at org.springframework.data.repository.core.support.QueryExecutorMethodInterceptor.lookupQuery(QueryExecutorMethodInterceptor.java:115) ~[spring-data-commons-3.3.4.jar:3.3.4]
	... 56 common frames omitted
Caused by: org.springframework.data.mapping.PropertyReferenceException: No property 'findAll' found for type 'GameSystem'
	at org.springframework.data.mapping.PropertyPath.<init>(PropertyPath.java:94) ~[spring-data-commons-3.3.4.jar:3.3.4]
	at org.springframework.data.mapping.PropertyPath.create(PropertyPath.java:455) ~[spring-data-commons-3.3.4.jar:3.3.4]
	at org.springframework.data.mapping.PropertyPath.create(PropertyPath.java:431) ~[spring-data-commons-3.3.4.jar:3.3.4]
	at org.springframework.data.mapping.PropertyPath.lambda$from$0(PropertyPath.java:384) ~[spring-data-commons-3.3.4.jar:3.3.4]
	at java.base/java.util.concurrent.ConcurrentMap.computeIfAbsent(ConcurrentMap.java:330) ~[na:na]
	at org.springframework.data.mapping.PropertyPath.from(PropertyPath.java:366) ~[spring-data-commons-3.3.4.jar:3.3.4]
	at org.springframework.data.mapping.PropertyPath.from(PropertyPath.java:344) ~[spring-data-commons-3.3.4.jar:3.3.4]
	at org.springframework.data.repository.query.parser.Part.<init>(Part.java:81) ~[spring-data-commons-3.3.4.jar:3.3.4]
	at org.springframework.data.repository.query.parser.PartTree$OrPart.lambda$new$0(PartTree.java:259) ~[spring-data-commons-3.3.4.jar:3.3.4]
	at java.base/java.util.stream.ReferencePipeline$3$1.accept(ReferencePipeline.java:197) ~[na:na]
	at java.base/java.util.stream.ReferencePipeline$2$1.accept(ReferencePipeline.java:179) ~[na:na]
	at java.base/java.util.Spliterators$ArraySpliterator.forEachRemaining(Spliterators.java:1024) ~[na:na]
	at java.base/java.util.stream.AbstractPipeline.copyInto(AbstractPipeline.java:509) ~[na:na]
	at java.base/java.util.stream.AbstractPipeline.wrapAndCopyInto(AbstractPipeline.java:499) ~[na:na]
	at java.base/java.util.stream.ReduceOps$ReduceOp.evaluateSequential(ReduceOps.java:921) ~[na:na]
	at java.base/java.util.stream.AbstractPipeline.evaluate(AbstractPipeline.java:234) ~[na:na]
	at java.base/java.util.stream.ReferencePipeline.collect(ReferencePipeline.java:682) ~[na:na]
	at org.springframework.data.repository.query.parser.PartTree$OrPart.<init>(PartTree.java:260) ~[spring-data-commons-3.3.4.jar:3.3.4]
	at org.springframework.data.repository.query.parser.PartTree$Predicate.lambda$new$0(PartTree.java:389) ~[spring-data-commons-3.3.4.jar:3.3.4]
	at java.base/java.util.stream.ReferencePipeline$3$1.accept(ReferencePipeline.java:197) ~[na:na]
	at java.base/java.util.stream.ReferencePipeline$2$1.accept(ReferencePipeline.java:179) ~[na:na]
	at java.base/java.util.Spliterators$ArraySpliterator.forEachRemaining(Spliterators.java:1024) ~[na:na]
	at java.base/java.util.stream.AbstractPipeline.copyInto(AbstractPipeline.java:509) ~[na:na]
	at java.base/java.util.stream.AbstractPipeline.wrapAndCopyInto(AbstractPipeline.java:499) ~[na:na]
	at java.base/java.util.stream.ReduceOps$ReduceOp.evaluateSequential(ReduceOps.java:921) ~[na:na]
	at java.base/java.util.stream.AbstractPipeline.evaluate(AbstractPipeline.java:234) ~[na:na]
	at java.base/java.util.stream.ReferencePipeline.collect(ReferencePipeline.java:682) ~[na:na]
	at org.springframework.data.repository.query.parser.PartTree$Predicate.<init>(PartTree.java:390) ~[spring-data-commons-3.3.4.jar:3.3.4]
	at org.springframework.data.repository.query.parser.PartTree.<init>(PartTree.java:100) ~[spring-data-commons-3.3.4.jar:3.3.4]
	at org.springframework.data.jpa.repository.query.PartTreeJpaQuery.<init>(PartTreeJpaQuery.java:101) ~[spring-data-jpa-3.3.4.jar:3.3.4]
	... 60 common frames omitted

2025-01-14T00:32:22.322+01:00  INFO 7532 --- [competition-management-service] [main] .CompetitionManagementServiceApplication : Starting CompetitionManagementServiceApplication using Java 21.0.5 with PID 7532 (E:\important\ProLeagueManager\backend\competition-management-service\target\classes started by ylopa in E:\important\ProLeagueManager)
2025-01-14T00:32:22.324+01:00  INFO 7532 --- [competition-management-service] [main] .CompetitionManagementServiceApplication : No active profile set, falling back to 1 default profile: "default"
2025-01-14T00:32:23.661+01:00  INFO 7532 --- [competition-management-service] [main] .s.d.r.c.RepositoryConfigurationDelegate : Bootstrapping Spring Data JPA repositories in DEFAULT mode.
2025-01-14T00:32:23.848+01:00  INFO 7532 --- [competition-management-service] [main] .s.d.r.c.RepositoryConfigurationDelegate : Finished Spring Data repository scanning in 180 ms. Found 4 JPA repository interfaces.
2025-01-14T00:32:24.167+01:00  INFO 7532 --- [competition-management-service] [main] o.s.cloud.context.scope.GenericScope     : BeanFactory id=43e92a26-a0c8-341a-8e34-7d02ead5589e
2025-01-14T00:32:24.510+01:00  WARN 7532 --- [competition-management-service] [main] trationDelegate$BeanPostProcessorChecker : Bean 'org.springframework.cloud.client.loadbalancer.LoadBalancerAutoConfiguration$DeferringLoadBalancerInterceptorConfig' of type [org.springframework.cloud.client.loadbalancer.LoadBalancerAutoConfiguration$DeferringLoadBalancerInterceptorConfig] is not eligible for getting processed by all BeanPostProcessors (for example: not eligible for auto-proxying). The currently created BeanPostProcessor [lbRestClientPostProcessor] is declared through a non-static factory method on that class; consider declaring it as static instead.
2025-01-14T00:32:24.513+01:00  WARN 7532 --- [competition-management-service] [main] trationDelegate$BeanPostProcessorChecker : Bean 'deferringLoadBalancerInterceptor' of type [org.springframework.cloud.client.loadbalancer.DeferringLoadBalancerInterceptor] is not eligible for getting processed by all BeanPostProcessors (for example: not eligible for auto-proxying). Is this bean getting eagerly injected into a currently created BeanPostProcessor [lbRestClientPostProcessor]? Check the corresponding BeanPostProcessor declaration and its dependencies.
2025-01-14T00:32:24.851+01:00  INFO 7532 --- [competition-management-service] [main] o.s.b.w.embedded.tomcat.TomcatWebServer  : Tomcat initialized with port 8084 (http)
2025-01-14T00:32:24.871+01:00  INFO 7532 --- [competition-management-service] [main] o.apache.catalina.core.StandardService   : Starting service [Tomcat]
2025-01-14T00:32:24.872+01:00  INFO 7532 --- [competition-management-service] [main] o.apache.catalina.core.StandardEngine    : Starting Servlet engine: [Apache Tomcat/10.1.30]
2025-01-14T00:32:24.963+01:00  INFO 7532 --- [competition-management-service] [main] o.a.c.c.C.[Tomcat].[localhost].[/]       : Initializing Spring embedded WebApplicationContext
2025-01-14T00:32:24.963+01:00  INFO 7532 --- [competition-management-service] [main] w.s.c.ServletWebServerApplicationContext : Root WebApplicationContext: initialization completed in 2588 ms
2025-01-14T00:32:25.248+01:00  INFO 7532 --- [competition-management-service] [main] o.s.c.openfeign.FeignClientFactoryBean   : For 'user-service' URL not provided. Will try picking an instance via load-balancing.
2025-01-14T00:32:25.810+01:00  INFO 7532 --- [competition-management-service] [main] o.hibernate.jpa.internal.util.LogHelper  : HHH000204: Processing PersistenceUnitInfo [name: default]
2025-01-14T00:32:25.864+01:00  INFO 7532 --- [competition-management-service] [main] org.hibernate.Version                    : HHH000412: Hibernate ORM core version 6.5.3.Final
2025-01-14T00:32:25.893+01:00  INFO 7532 --- [competition-management-service] [main] o.h.c.internal.RegionFactoryInitiator    : HHH000026: Second-level cache disabled
2025-01-14T00:32:26.194+01:00  INFO 7532 --- [competition-management-service] [main] o.s.o.j.p.SpringPersistenceUnitInfo      : No LoadTimeWeaver setup: ignoring JPA class transformer
2025-01-14T00:32:26.229+01:00  INFO 7532 --- [competition-management-service] [main] com.zaxxer.hikari.HikariDataSource       : HikariPool-1 - Starting...
2025-01-14T00:32:26.427+01:00  INFO 7532 --- [competition-management-service] [main] com.zaxxer.hikari.pool.HikariPool        : HikariPool-1 - Added connection org.postgresql.jdbc.PgConnection@39921410
2025-01-14T00:32:26.429+01:00  INFO 7532 --- [competition-management-service] [main] com.zaxxer.hikari.HikariDataSource       : HikariPool-1 - Start completed.
2025-01-14T00:32:27.660+01:00  INFO 7532 --- [competition-management-service] [main] o.h.e.t.j.p.i.JtaPlatformInitiator       : HHH000489: No JTA platform available (set 'hibernate.transaction.jta.platform' to enable JTA platform integration)
2025-01-14T00:32:27.843+01:00  INFO 7532 --- [competition-management-service] [main] j.LocalContainerEntityManagerFactoryBean : Initialized JPA EntityManagerFactory for persistence unit 'default'
2025-01-14T00:32:27.901+01:00  INFO 7532 --- [competition-management-service] [main] o.s.c.openfeign.FeignClientFactoryBean   : For 'sport-service' URL not provided. Will try picking an instance via load-balancing.
2025-01-14T00:32:28.359+01:00  WARN 7532 --- [competition-management-service] [main] .s.s.UserDetailsServiceAutoConfiguration : 

Using generated security password: 567a33e0-9bce-4fff-9711-6bc7afc00294

This generated password is for development use only. Your security configuration must be updated before running your application in production.

2025-01-14T00:32:28.377+01:00  INFO 7532 --- [competition-management-service] [main] r$InitializeUserDetailsManagerConfigurer : Global AuthenticationManager configured with UserDetailsService bean with name inMemoryUserDetailsManager
2025-01-14T00:32:28.944+01:00  INFO 7532 --- [competition-management-service] [main] o.s.b.a.e.web.EndpointLinksResolver      : Exposing 1 endpoint beneath base path '/actuator'
2025-01-14T00:32:29.602+01:00  WARN 7532 --- [competition-management-service] [main] iguration$LoadBalancerCaffeineWarnLogger : Spring Cloud LoadBalancer is currently working with the default cache. While this cache implementation is useful for development and tests, it's recommended to use Caffeine cache in production.You can switch to using Caffeine cache, by adding it and org.springframework.cache.caffeine.CaffeineCacheManager to the classpath.
2025-01-14T00:32:29.724+01:00  INFO 7532 --- [competition-management-service] [main] o.s.b.w.embedded.tomcat.TomcatWebServer  : Tomcat started on port 8084 (http) with context path '/'
2025-01-14T00:32:29.726+01:00  INFO 7532 --- [competition-management-service] [main] o.s.c.c.s.ConsulServiceRegistry          : Registering service with consul: NewService{id='competition-management-service-8084', name='competition-management-service', tags=[], address='100.106.2.30', meta={secure=false}, port=8084, enableTagOverride=null, check=Check{script='null', dockerContainerID='null', shell='null', interval='10s', ttl='null', http='http://100.106.2.30:8084/actuator/health', method='null', header={}, tcp='null', timeout='null', deregisterCriticalServiceAfter='null', tlsSkipVerify=null, status='null', grpc='null', grpcUseTLS=null}, checks=null}
2025-01-14T00:32:29.774+01:00  INFO 7532 --- [competition-management-service] [main] .CompetitionManagementServiceApplication : Started CompetitionManagementServiceApplication in 8.548 seconds (process running for 9.396)
2025-01-14T00:32:30.395+01:00  INFO 7532 --- [competition-management-service] [RMI TCP Connection(1)-172.25.208.1] o.a.c.c.C.[Tomcat].[localhost].[/]       : Initializing Spring DispatcherServlet 'dispatcherServlet'
2025-01-14T00:32:30.395+01:00  INFO 7532 --- [competition-management-service] [RMI TCP Connection(1)-172.25.208.1] o.s.web.servlet.DispatcherServlet        : Initializing Servlet 'dispatcherServlet'
2025-01-14T00:32:30.398+01:00  INFO 7532 --- [competition-management-service] [RMI TCP Connection(1)-172.25.208.1] o.s.web.servlet.DispatcherServlet        : Completed initialization in 2 ms
2025-01-14T00:32:42.247+01:00  INFO 7532 --- [competition-management-service] [http-nio-8084-exec-2] org.league.app.filter.JWTFilter          : Extracted email: ylopatkin@gmail.com
2025-01-14T00:32:42.247+01:00  INFO 7532 --- [competition-management-service] [http-nio-8084-exec-2] org.league.app.filter.JWTFilter          : User email: ylopatkin@gmail.com
2025-01-14T00:32:46.491+01:00  INFO 7532 --- [competition-management-service] [http-nio-8084-exec-4] org.league.app.filter.JWTFilter          : Extracted email: ylopatkin@gmail.com
2025-01-14T00:32:46.491+01:00  INFO 7532 --- [competition-management-service] [http-nio-8084-exec-4] org.league.app.filter.JWTFilter          : User email: ylopatkin@gmail.com
2025-01-14T00:32:49.453+01:00  INFO 7532 --- [competition-management-service] [http-nio-8084-exec-5] org.league.app.filter.JWTFilter          : Extracted email: ylopatkin@gmail.com
2025-01-14T00:32:49.454+01:00  INFO 7532 --- [competition-management-service] [http-nio-8084-exec-5] org.league.app.filter.JWTFilter          : User email: ylopatkin@gmail.com
2025-01-14T00:32:53.742+01:00  INFO 7532 --- [competition-management-service] [http-nio-8084-exec-6] org.league.app.filter.JWTFilter          : Extracted email: ylopatkin@gmail.com
2025-01-14T00:32:53.742+01:00  INFO 7532 --- [competition-management-service] [http-nio-8084-exec-6] org.league.app.filter.JWTFilter          : User email: ylopatkin@gmail.com
2025-01-14T00:33:43.311+01:00  INFO 7532 --- [competition-management-service] [http-nio-8084-exec-2] org.league.app.filter.JWTFilter          : Extracted email: ylopatkin@gmail.com
2025-01-14T00:33:43.312+01:00  INFO 7532 --- [competition-management-service] [http-nio-8084-exec-2] org.league.app.filter.JWTFilter          : User email: ylopatkin@gmail.com
2025-01-14T00:33:46.923+01:00  INFO 7532 --- [competition-management-service] [http-nio-8084-exec-4] org.league.app.filter.JWTFilter          : Extracted email: ylopatkin@gmail.com
2025-01-14T00:33:46.923+01:00  INFO 7532 --- [competition-management-service] [http-nio-8084-exec-4] org.league.app.filter.JWTFilter          : User email: ylopatkin@gmail.com
2025-01-14T00:33:59.779+01:00  INFO 7532 --- [competition-management-service] [http-nio-8084-exec-6] org.league.app.filter.JWTFilter          : Extracted email: ylopatkin@gmail.com
2025-01-14T00:33:59.779+01:00  INFO 7532 --- [competition-management-service] [http-nio-8084-exec-6] org.league.app.filter.JWTFilter          : User email: ylopatkin@gmail.com
2025-01-14T00:34:03.135+01:00  INFO 7532 --- [competition-management-service] [http-nio-8084-exec-7] org.league.app.filter.JWTFilter          : Extracted email: ylopatkin@gmail.com
2025-01-14T00:34:03.135+01:00  INFO 7532 --- [competition-management-service] [http-nio-8084-exec-7] org.league.app.filter.JWTFilter          : User email: ylopatkin@gmail.com
2025-01-14T00:34:07.181+01:00  INFO 7532 --- [competition-management-service] [http-nio-8084-exec-9] org.league.app.filter.JWTFilter          : Extracted email: ylopatkin@gmail.com
2025-01-14T00:34:07.181+01:00  INFO 7532 --- [competition-management-service] [http-nio-8084-exec-9] org.league.app.filter.JWTFilter          : User email: ylopatkin@gmail.com
2025-01-14T00:34:08.355+01:00  INFO 7532 --- [competition-management-service] [http-nio-8084-exec-10] org.league.app.filter.JWTFilter          : Extracted email: ylopatkin@gmail.com
2025-01-14T00:34:08.355+01:00  INFO 7532 --- [competition-management-service] [http-nio-8084-exec-10] org.league.app.filter.JWTFilter          : User email: ylopatkin@gmail.com
2025-01-14T00:34:11.805+01:00  INFO 7532 --- [competition-management-service] [http-nio-8084-exec-1] org.league.app.filter.JWTFilter          : Extracted email: ylopatkin@gmail.com
2025-01-14T00:34:11.806+01:00  INFO 7532 --- [competition-management-service] [http-nio-8084-exec-1] org.league.app.filter.JWTFilter          : User email: ylopatkin@gmail.com
2025-01-14T00:34:14.838+01:00  INFO 7532 --- [competition-management-service] [http-nio-8084-exec-2] org.league.app.filter.JWTFilter          : Extracted email: ylopatkin@gmail.com
2025-01-14T00:34:14.838+01:00  INFO 7532 --- [competition-management-service] [http-nio-8084-exec-2] org.league.app.filter.JWTFilter          : User email: ylopatkin@gmail.com
2025-01-14T00:34:22.240+01:00  INFO 7532 --- [competition-management-service] [http-nio-8084-exec-4] org.league.app.filter.JWTFilter          : Extracted email: ylopatkin@gmail.com
2025-01-14T00:34:22.240+01:00  INFO 7532 --- [competition-management-service] [http-nio-8084-exec-4] org.league.app.filter.JWTFilter          : User email: ylopatkin@gmail.com
2025-01-14T00:34:24.012+01:00  INFO 7532 --- [competition-management-service] [http-nio-8084-exec-5] org.league.app.filter.JWTFilter          : Extracted email: ylopatkin@gmail.com
2025-01-14T00:34:24.013+01:00  INFO 7532 --- [competition-management-service] [http-nio-8084-exec-5] org.league.app.filter.JWTFilter          : User email: ylopatkin@gmail.com
2025-01-14T00:34:33.304+01:00  INFO 7532 --- [competition-management-service] [http-nio-8084-exec-7] org.league.app.filter.JWTFilter          : Extracted email: ylopatkin@gmail.com
2025-01-14T00:34:33.305+01:00  INFO 7532 --- [competition-management-service] [http-nio-8084-exec-7] org.league.app.filter.JWTFilter          : User email: ylopatkin@gmail.com
2025-01-14T00:34:34.782+01:00  INFO 7532 --- [competition-management-service] [http-nio-8084-exec-8] org.league.app.filter.JWTFilter          : Extracted email: ylopatkin@gmail.com
2025-01-14T00:34:34.783+01:00  INFO 7532 --- [competition-management-service] [http-nio-8084-exec-8] org.league.app.filter.JWTFilter          : User email: ylopatkin@gmail.com
2025-01-14T00:34:36.967+01:00  INFO 7532 --- [competition-management-service] [http-nio-8084-exec-10] org.league.app.filter.JWTFilter          : Extracted email: ylopatkin@gmail.com
2025-01-14T00:34:36.968+01:00  INFO 7532 --- [competition-management-service] [http-nio-8084-exec-10] org.league.app.filter.JWTFilter          : User email: ylopatkin@gmail.com
2025-01-14T00:34:39.764+01:00  INFO 7532 --- [competition-management-service] [http-nio-8084-exec-1] org.league.app.filter.JWTFilter          : Extracted email: ylopatkin@gmail.com
2025-01-14T00:34:39.764+01:00  INFO 7532 --- [competition-management-service] [http-nio-8084-exec-1] org.league.app.filter.JWTFilter          : User email: ylopatkin@gmail.com
2025-01-14T00:34:41.409+01:00  INFO 7532 --- [competition-management-service] [http-nio-8084-exec-2] org.league.app.filter.JWTFilter          : Extracted email: ylopatkin@gmail.com
2025-01-14T00:34:41.409+01:00  INFO 7532 --- [competition-management-service] [http-nio-8084-exec-2] org.league.app.filter.JWTFilter          : User email: ylopatkin@gmail.com
2025-01-14T00:34:52.876+01:00  INFO 7532 --- [competition-management-service] [SpringApplicationShutdownHook] j.LocalContainerEntityManagerFactoryBean : Closing JPA EntityManagerFactory for persistence unit 'default'
2025-01-14T00:34:52.882+01:00  INFO 7532 --- [competition-management-service] [SpringApplicationShutdownHook] com.zaxxer.hikari.HikariDataSource       : HikariPool-1 - Shutdown initiated...
2025-01-14T00:34:52.971+01:00  INFO 7532 --- [competition-management-service] [SpringApplicationShutdownHook] com.zaxxer.hikari.HikariDataSource       : HikariPool-1 - Shutdown completed.
2025-01-14T00:34:52.973+01:00  INFO 7532 --- [competition-management-service] [SpringApplicationShutdownHook] o.s.c.c.s.ConsulServiceRegistry          : Deregistering service with consul: competition-management-service-8084
2025-01-14T00:34:59.136+01:00  INFO 18640 --- [competition-management-service] [main] .CompetitionManagementServiceApplication : Starting CompetitionManagementServiceApplication using Java 21.0.5 with PID 18640 (E:\important\ProLeagueManager\backend\competition-management-service\target\classes started by ylopa in E:\important\ProLeagueManager)
2025-01-14T00:34:59.141+01:00  INFO 18640 --- [competition-management-service] [main] .CompetitionManagementServiceApplication : No active profile set, falling back to 1 default profile: "default"
2025-01-14T00:35:00.812+01:00  INFO 18640 --- [competition-management-service] [main] .s.d.r.c.RepositoryConfigurationDelegate : Bootstrapping Spring Data JPA repositories in DEFAULT mode.
2025-01-14T00:35:01.026+01:00  INFO 18640 --- [competition-management-service] [main] .s.d.r.c.RepositoryConfigurationDelegate : Finished Spring Data repository scanning in 205 ms. Found 4 JPA repository interfaces.
2025-01-14T00:35:01.395+01:00  INFO 18640 --- [competition-management-service] [main] o.s.cloud.context.scope.GenericScope     : BeanFactory id=43e92a26-a0c8-341a-8e34-7d02ead5589e
2025-01-14T00:35:01.817+01:00  WARN 18640 --- [competition-management-service] [main] trationDelegate$BeanPostProcessorChecker : Bean 'org.springframework.cloud.client.loadbalancer.LoadBalancerAutoConfiguration$DeferringLoadBalancerInterceptorConfig' of type [org.springframework.cloud.client.loadbalancer.LoadBalancerAutoConfiguration$DeferringLoadBalancerInterceptorConfig] is not eligible for getting processed by all BeanPostProcessors (for example: not eligible for auto-proxying). The currently created BeanPostProcessor [lbRestClientPostProcessor] is declared through a non-static factory method on that class; consider declaring it as static instead.
2025-01-14T00:35:01.823+01:00  WARN 18640 --- [competition-management-service] [main] trationDelegate$BeanPostProcessorChecker : Bean 'deferringLoadBalancerInterceptor' of type [org.springframework.cloud.client.loadbalancer.DeferringLoadBalancerInterceptor] is not eligible for getting processed by all BeanPostProcessors (for example: not eligible for auto-proxying). Is this bean getting eagerly injected into a currently created BeanPostProcessor [lbRestClientPostProcessor]? Check the corresponding BeanPostProcessor declaration and its dependencies.
2025-01-14T00:35:02.176+01:00  INFO 18640 --- [competition-management-service] [main] o.s.b.w.embedded.tomcat.TomcatWebServer  : Tomcat initialized with port 8084 (http)
2025-01-14T00:35:02.194+01:00  INFO 18640 --- [competition-management-service] [main] o.apache.catalina.core.StandardService   : Starting service [Tomcat]
2025-01-14T00:35:02.194+01:00  INFO 18640 --- [competition-management-service] [main] o.apache.catalina.core.StandardEngine    : Starting Servlet engine: [Apache Tomcat/10.1.30]
2025-01-14T00:35:02.295+01:00  INFO 18640 --- [competition-management-service] [main] o.a.c.c.C.[Tomcat].[localhost].[/]       : Initializing Spring embedded WebApplicationContext
2025-01-14T00:35:02.296+01:00  INFO 18640 --- [competition-management-service] [main] w.s.c.ServletWebServerApplicationContext : Root WebApplicationContext: initialization completed in 3093 ms
2025-01-14T00:35:02.618+01:00  INFO 18640 --- [competition-management-service] [main] o.s.c.openfeign.FeignClientFactoryBean   : For 'user-service' URL not provided. Will try picking an instance via load-balancing.
2025-01-14T00:35:03.271+01:00  INFO 18640 --- [competition-management-service] [main] o.hibernate.jpa.internal.util.LogHelper  : HHH000204: Processing PersistenceUnitInfo [name: default]
2025-01-14T00:35:03.357+01:00  INFO 18640 --- [competition-management-service] [main] org.hibernate.Version                    : HHH000412: Hibernate ORM core version 6.5.3.Final
2025-01-14T00:35:03.399+01:00  INFO 18640 --- [competition-management-service] [main] o.h.c.internal.RegionFactoryInitiator    : HHH000026: Second-level cache disabled
2025-01-14T00:35:03.792+01:00  INFO 18640 --- [competition-management-service] [main] o.s.o.j.p.SpringPersistenceUnitInfo      : No LoadTimeWeaver setup: ignoring JPA class transformer
2025-01-14T00:35:03.849+01:00  INFO 18640 --- [competition-management-service] [main] com.zaxxer.hikari.HikariDataSource       : HikariPool-1 - Starting...
2025-01-14T00:35:04.178+01:00  INFO 18640 --- [competition-management-service] [main] com.zaxxer.hikari.pool.HikariPool        : HikariPool-1 - Added connection org.postgresql.jdbc.PgConnection@702432cc
2025-01-14T00:35:04.181+01:00  INFO 18640 --- [competition-management-service] [main] com.zaxxer.hikari.HikariDataSource       : HikariPool-1 - Start completed.
2025-01-14T00:35:06.028+01:00  INFO 18640 --- [competition-management-service] [main] o.h.e.t.j.p.i.JtaPlatformInitiator       : HHH000489: No JTA platform available (set 'hibernate.transaction.jta.platform' to enable JTA platform integration)
2025-01-14T00:35:06.372+01:00  INFO 18640 --- [competition-management-service] [main] j.LocalContainerEntityManagerFactoryBean : Initialized JPA EntityManagerFactory for persistence unit 'default'
2025-01-14T00:35:06.460+01:00  INFO 18640 --- [competition-management-service] [main] o.s.c.openfeign.FeignClientFactoryBean   : For 'sport-service' URL not provided. Will try picking an instance via load-balancing.
2025-01-14T00:35:07.118+01:00  WARN 18640 --- [competition-management-service] [main] .s.s.UserDetailsServiceAutoConfiguration : 

Using generated security password: 3694bf25-4254-419a-af21-bebfc6d87e04

This generated password is for development use only. Your security configuration must be updated before running your application in production.

2025-01-14T00:35:07.145+01:00  INFO 18640 --- [competition-management-service] [main] r$InitializeUserDetailsManagerConfigurer : Global AuthenticationManager configured with UserDetailsService bean with name inMemoryUserDetailsManager
2025-01-14T00:35:07.843+01:00  INFO 18640 --- [competition-management-service] [main] o.s.b.a.e.web.EndpointLinksResolver      : Exposing 1 endpoint beneath base path '/actuator'
2025-01-14T00:35:08.643+01:00  WARN 18640 --- [competition-management-service] [main] iguration$LoadBalancerCaffeineWarnLogger : Spring Cloud LoadBalancer is currently working with the default cache. While this cache implementation is useful for development and tests, it's recommended to use Caffeine cache in production.You can switch to using Caffeine cache, by adding it and org.springframework.cache.caffeine.CaffeineCacheManager to the classpath.
2025-01-14T00:35:08.765+01:00  INFO 18640 --- [competition-management-service] [main] o.s.b.w.embedded.tomcat.TomcatWebServer  : Tomcat started on port 8084 (http) with context path '/'
2025-01-14T00:35:08.768+01:00  INFO 18640 --- [competition-management-service] [main] o.s.c.c.s.ConsulServiceRegistry          : Registering service with consul: NewService{id='competition-management-service-8084', name='competition-management-service', tags=[], address='100.106.2.30', meta={secure=false}, port=8084, enableTagOverride=null, check=Check{script='null', dockerContainerID='null', shell='null', interval='10s', ttl='null', http='http://100.106.2.30:8084/actuator/health', method='null', header={}, tcp='null', timeout='null', deregisterCriticalServiceAfter='null', tlsSkipVerify=null, status='null', grpc='null', grpcUseTLS=null}, checks=null}
2025-01-14T00:35:08.812+01:00  INFO 18640 --- [competition-management-service] [main] .CompetitionManagementServiceApplication : Started CompetitionManagementServiceApplication in 10.926 seconds (process running for 12.378)
2025-01-14T00:35:09.147+01:00  INFO 18640 --- [competition-management-service] [RMI TCP Connection(4)-172.25.208.1] o.a.c.c.C.[Tomcat].[localhost].[/]       : Initializing Spring DispatcherServlet 'dispatcherServlet'
2025-01-14T00:35:09.148+01:00  INFO 18640 --- [competition-management-service] [RMI TCP Connection(4)-172.25.208.1] o.s.web.servlet.DispatcherServlet        : Initializing Servlet 'dispatcherServlet'
2025-01-14T00:35:09.151+01:00  INFO 18640 --- [competition-management-service] [RMI TCP Connection(4)-172.25.208.1] o.s.web.servlet.DispatcherServlet        : Completed initialization in 3 ms
2025-01-14T00:35:13.828+01:00  INFO 18640 --- [competition-management-service] [http-nio-8084-exec-1] org.league.app.filter.JWTFilter          : Extracted email: ylopatkin@gmail.com
2025-01-14T00:35:13.829+01:00  INFO 18640 --- [competition-management-service] [http-nio-8084-exec-1] org.league.app.filter.JWTFilter          : User email: ylopatkin@gmail.com
2025-01-14T00:38:01.135+01:00  INFO 18640 --- [competition-management-service] [SpringApplicationShutdownHook] j.LocalContainerEntityManagerFactoryBean : Closing JPA EntityManagerFactory for persistence unit 'default'
2025-01-14T00:38:01.137+01:00  INFO 18640 --- [competition-management-service] [SpringApplicationShutdownHook] com.zaxxer.hikari.HikariDataSource       : HikariPool-1 - Shutdown initiated...
2025-01-14T00:38:01.142+01:00  INFO 18640 --- [competition-management-service] [SpringApplicationShutdownHook] com.zaxxer.hikari.HikariDataSource       : HikariPool-1 - Shutdown completed.
2025-01-14T00:38:01.144+01:00  INFO 18640 --- [competition-management-service] [SpringApplicationShutdownHook] o.s.c.c.s.ConsulServiceRegistry          : Deregistering service with consul: competition-management-service-8084
2025-01-14T00:38:04.575+01:00  INFO 6900 --- [competition-management-service] [main] .CompetitionManagementServiceApplication : Starting CompetitionManagementServiceApplication using Java 21.0.5 with PID 6900 (E:\important\ProLeagueManager\backend\competition-management-service\target\classes started by ylopa in E:\important\ProLeagueManager)
2025-01-14T00:38:04.577+01:00  INFO 6900 --- [competition-management-service] [main] .CompetitionManagementServiceApplication : No active profile set, falling back to 1 default profile: "default"
2025-01-14T00:38:05.701+01:00  INFO 6900 --- [competition-management-service] [main] .s.d.r.c.RepositoryConfigurationDelegate : Bootstrapping Spring Data JPA repositories in DEFAULT mode.
2025-01-14T00:38:05.909+01:00  INFO 6900 --- [competition-management-service] [main] .s.d.r.c.RepositoryConfigurationDelegate : Finished Spring Data repository scanning in 200 ms. Found 4 JPA repository interfaces.
2025-01-14T00:38:06.342+01:00  INFO 6900 --- [competition-management-service] [main] o.s.cloud.context.scope.GenericScope     : BeanFactory id=43e92a26-a0c8-341a-8e34-7d02ead5589e
2025-01-14T00:38:06.733+01:00  WARN 6900 --- [competition-management-service] [main] trationDelegate$BeanPostProcessorChecker : Bean 'org.springframework.cloud.client.loadbalancer.LoadBalancerAutoConfiguration$DeferringLoadBalancerInterceptorConfig' of type [org.springframework.cloud.client.loadbalancer.LoadBalancerAutoConfiguration$DeferringLoadBalancerInterceptorConfig] is not eligible for getting processed by all BeanPostProcessors (for example: not eligible for auto-proxying). The currently created BeanPostProcessor [lbRestClientPostProcessor] is declared through a non-static factory method on that class; consider declaring it as static instead.
2025-01-14T00:38:06.737+01:00  WARN 6900 --- [competition-management-service] [main] trationDelegate$BeanPostProcessorChecker : Bean 'deferringLoadBalancerInterceptor' of type [org.springframework.cloud.client.loadbalancer.DeferringLoadBalancerInterceptor] is not eligible for getting processed by all BeanPostProcessors (for example: not eligible for auto-proxying). Is this bean getting eagerly injected into a currently created BeanPostProcessor [lbRestClientPostProcessor]? Check the corresponding BeanPostProcessor declaration and its dependencies.
2025-01-14T00:38:07.067+01:00  INFO 6900 --- [competition-management-service] [main] o.s.b.w.embedded.tomcat.TomcatWebServer  : Tomcat initialized with port 8084 (http)
2025-01-14T00:38:07.084+01:00  INFO 6900 --- [competition-management-service] [main] o.apache.catalina.core.StandardService   : Starting service [Tomcat]
2025-01-14T00:38:07.084+01:00  INFO 6900 --- [competition-management-service] [main] o.apache.catalina.core.StandardEngine    : Starting Servlet engine: [Apache Tomcat/10.1.30]
2025-01-14T00:38:07.173+01:00  INFO 6900 --- [competition-management-service] [main] o.a.c.c.C.[Tomcat].[localhost].[/]       : Initializing Spring embedded WebApplicationContext
2025-01-14T00:38:07.174+01:00  INFO 6900 --- [competition-management-service] [main] w.s.c.ServletWebServerApplicationContext : Root WebApplicationContext: initialization completed in 2536 ms
2025-01-14T00:38:07.463+01:00  INFO 6900 --- [competition-management-service] [main] o.s.c.openfeign.FeignClientFactoryBean   : For 'user-service' URL not provided. Will try picking an instance via load-balancing.
2025-01-14T00:38:08.082+01:00  INFO 6900 --- [competition-management-service] [main] o.hibernate.jpa.internal.util.LogHelper  : HHH000204: Processing PersistenceUnitInfo [name: default]
2025-01-14T00:38:08.148+01:00  INFO 6900 --- [competition-management-service] [main] org.hibernate.Version                    : HHH000412: Hibernate ORM core version 6.5.3.Final
2025-01-14T00:38:08.183+01:00  INFO 6900 --- [competition-management-service] [main] o.h.c.internal.RegionFactoryInitiator    : HHH000026: Second-level cache disabled
2025-01-14T00:38:08.550+01:00  INFO 6900 --- [competition-management-service] [main] o.s.o.j.p.SpringPersistenceUnitInfo      : No LoadTimeWeaver setup: ignoring JPA class transformer
2025-01-14T00:38:08.587+01:00  INFO 6900 --- [competition-management-service] [main] com.zaxxer.hikari.HikariDataSource       : HikariPool-1 - Starting...
2025-01-14T00:38:08.800+01:00  INFO 6900 --- [competition-management-service] [main] com.zaxxer.hikari.pool.HikariPool        : HikariPool-1 - Added connection org.postgresql.jdbc.PgConnection@90c01ab
2025-01-14T00:38:08.802+01:00  INFO 6900 --- [competition-management-service] [main] com.zaxxer.hikari.HikariDataSource       : HikariPool-1 - Start completed.
2025-01-14T00:38:10.134+01:00  INFO 6900 --- [competition-management-service] [main] o.h.e.t.j.p.i.JtaPlatformInitiator       : HHH000489: No JTA platform available (set 'hibernate.transaction.jta.platform' to enable JTA platform integration)
2025-01-14T00:38:10.315+01:00  INFO 6900 --- [competition-management-service] [main] j.LocalContainerEntityManagerFactoryBean : Initialized JPA EntityManagerFactory for persistence unit 'default'
2025-01-14T00:38:10.379+01:00  INFO 6900 --- [competition-management-service] [main] o.s.c.openfeign.FeignClientFactoryBean   : For 'sport-service' URL not provided. Will try picking an instance via load-balancing.
2025-01-14T00:38:10.910+01:00  WARN 6900 --- [competition-management-service] [main] .s.s.UserDetailsServiceAutoConfiguration : 

Using generated security password: e92cb66c-546b-4269-8a9b-cf1adc238a7c

This generated password is for development use only. Your security configuration must be updated before running your application in production.

2025-01-14T00:38:10.936+01:00  INFO 6900 --- [competition-management-service] [main] r$InitializeUserDetailsManagerConfigurer : Global AuthenticationManager configured with UserDetailsService bean with name inMemoryUserDetailsManager
2025-01-14T00:38:11.638+01:00  INFO 6900 --- [competition-management-service] [main] o.s.b.a.e.web.EndpointLinksResolver      : Exposing 1 endpoint beneath base path '/actuator'
2025-01-14T00:38:12.442+01:00  WARN 6900 --- [competition-management-service] [main] iguration$LoadBalancerCaffeineWarnLogger : Spring Cloud LoadBalancer is currently working with the default cache. While this cache implementation is useful for development and tests, it's recommended to use Caffeine cache in production.You can switch to using Caffeine cache, by adding it and org.springframework.cache.caffeine.CaffeineCacheManager to the classpath.
2025-01-14T00:38:12.591+01:00  INFO 6900 --- [competition-management-service] [main] o.s.b.w.embedded.tomcat.TomcatWebServer  : Tomcat started on port 8084 (http) with context path '/'
2025-01-14T00:38:12.594+01:00  INFO 6900 --- [competition-management-service] [main] o.s.c.c.s.ConsulServiceRegistry          : Registering service with consul: NewService{id='competition-management-service-8084', name='competition-management-service', tags=[], address='100.106.2.30', meta={secure=false}, port=8084, enableTagOverride=null, check=Check{script='null', dockerContainerID='null', shell='null', interval='10s', ttl='null', http='http://100.106.2.30:8084/actuator/health', method='null', header={}, tcp='null', timeout='null', deregisterCriticalServiceAfter='null', tlsSkipVerify=null, status='null', grpc='null', grpcUseTLS=null}, checks=null}
2025-01-14T00:38:12.646+01:00  INFO 6900 --- [competition-management-service] [main] .CompetitionManagementServiceApplication : Started CompetitionManagementServiceApplication in 9.196 seconds (process running for 10.172)
2025-01-14T00:38:13.173+01:00  INFO 6900 --- [competition-management-service] [RMI TCP Connection(2)-172.25.208.1] o.a.c.c.C.[Tomcat].[localhost].[/]       : Initializing Spring DispatcherServlet 'dispatcherServlet'
2025-01-14T00:38:13.173+01:00  INFO 6900 --- [competition-management-service] [RMI TCP Connection(2)-172.25.208.1] o.s.web.servlet.DispatcherServlet        : Initializing Servlet 'dispatcherServlet'
2025-01-14T00:38:13.177+01:00  INFO 6900 --- [competition-management-service] [RMI TCP Connection(2)-172.25.208.1] o.s.web.servlet.DispatcherServlet        : Completed initialization in 3 ms
2025-01-14T00:38:45.278+01:00  INFO 6900 --- [competition-management-service] [http-nio-8084-exec-3] org.league.app.filter.JWTFilter          : Extracted email: ylopatkin@gmail.com
2025-01-14T00:38:45.278+01:00  INFO 6900 --- [competition-management-service] [http-nio-8084-exec-3] org.league.app.filter.JWTFilter          : User email: ylopatkin@gmail.com
2025-01-14T00:38:50.280+01:00  INFO 6900 --- [competition-management-service] [http-nio-8084-exec-6] org.league.app.filter.JWTFilter          : Extracted email: ylopatkin@gmail.com
2025-01-14T00:38:50.280+01:00  INFO 6900 --- [competition-management-service] [http-nio-8084-exec-6] org.league.app.filter.JWTFilter          : User email: ylopatkin@gmail.com
2025-01-14T00:38:55.019+01:00  INFO 6900 --- [competition-management-service] [http-nio-8084-exec-7] org.league.app.filter.JWTFilter          : Extracted email: ylopatkin@gmail.com
2025-01-14T00:38:55.019+01:00  INFO 6900 --- [competition-management-service] [http-nio-8084-exec-7] org.league.app.filter.JWTFilter          : User email: ylopatkin@gmail.com
2025-01-14T00:38:58.352+01:00  INFO 6900 --- [competition-management-service] [http-nio-8084-exec-9] org.league.app.filter.JWTFilter          : Extracted email: ylopatkin@gmail.com
2025-01-14T00:38:58.352+01:00  INFO 6900 --- [competition-management-service] [http-nio-8084-exec-9] org.league.app.filter.JWTFilter          : User email: ylopatkin@gmail.com
2025-01-14T00:52:52.078+01:00  INFO 6900 --- [competition-management-service] [SpringApplicationShutdownHook] j.LocalContainerEntityManagerFactoryBean : Closing JPA EntityManagerFactory for persistence unit 'default'
2025-01-14T00:52:52.091+01:00  INFO 6900 --- [competition-management-service] [SpringApplicationShutdownHook] com.zaxxer.hikari.HikariDataSource       : HikariPool-1 - Shutdown initiated...
2025-01-14T00:52:52.104+01:00  INFO 6900 --- [competition-management-service] [SpringApplicationShutdownHook] com.zaxxer.hikari.HikariDataSource       : HikariPool-1 - Shutdown completed.
2025-01-14T00:52:52.107+01:00  INFO 6900 --- [competition-management-service] [SpringApplicationShutdownHook] o.s.c.c.s.ConsulServiceRegistry          : Deregistering service with consul: competition-management-service-8084
2025-01-14T00:52:58.907+01:00  INFO 67096 --- [competition-management-service] [main] .CompetitionManagementServiceApplication : Starting CompetitionManagementServiceApplication using Java 21.0.5 with PID 67096 (E:\important\ProLeagueManager\backend\competition-management-service\target\classes started by ylopa in E:\important\ProLeagueManager)
2025-01-14T00:52:58.909+01:00  INFO 67096 --- [competition-management-service] [main] .CompetitionManagementServiceApplication : No active profile set, falling back to 1 default profile: "default"
2025-01-14T00:53:00.467+01:00  INFO 67096 --- [competition-management-service] [main] .s.d.r.c.RepositoryConfigurationDelegate : Bootstrapping Spring Data JPA repositories in DEFAULT mode.
2025-01-14T00:53:00.745+01:00  INFO 67096 --- [competition-management-service] [main] .s.d.r.c.RepositoryConfigurationDelegate : Finished Spring Data repository scanning in 268 ms. Found 4 JPA repository interfaces.
2025-01-14T00:53:01.155+01:00  INFO 67096 --- [competition-management-service] [main] o.s.cloud.context.scope.GenericScope     : BeanFactory id=43e92a26-a0c8-341a-8e34-7d02ead5589e
2025-01-14T00:53:01.676+01:00  WARN 67096 --- [competition-management-service] [main] trationDelegate$BeanPostProcessorChecker : Bean 'org.springframework.cloud.client.loadbalancer.LoadBalancerAutoConfiguration$DeferringLoadBalancerInterceptorConfig' of type [org.springframework.cloud.client.loadbalancer.LoadBalancerAutoConfiguration$DeferringLoadBalancerInterceptorConfig] is not eligible for getting processed by all BeanPostProcessors (for example: not eligible for auto-proxying). The currently created BeanPostProcessor [lbRestClientPostProcessor] is declared through a non-static factory method on that class; consider declaring it as static instead.
2025-01-14T00:53:01.682+01:00  WARN 67096 --- [competition-management-service] [main] trationDelegate$BeanPostProcessorChecker : Bean 'deferringLoadBalancerInterceptor' of type [org.springframework.cloud.client.loadbalancer.DeferringLoadBalancerInterceptor] is not eligible for getting processed by all BeanPostProcessors (for example: not eligible for auto-proxying). Is this bean getting eagerly injected into a currently created BeanPostProcessor [lbRestClientPostProcessor]? Check the corresponding BeanPostProcessor declaration and its dependencies.
2025-01-14T00:53:02.115+01:00  INFO 67096 --- [competition-management-service] [main] o.s.b.w.embedded.tomcat.TomcatWebServer  : Tomcat initialized with port 8084 (http)
2025-01-14T00:53:02.139+01:00  INFO 67096 --- [competition-management-service] [main] o.apache.catalina.core.StandardService   : Starting service [Tomcat]
2025-01-14T00:53:02.140+01:00  INFO 67096 --- [competition-management-service] [main] o.apache.catalina.core.StandardEngine    : Starting Servlet engine: [Apache Tomcat/10.1.30]
2025-01-14T00:53:02.273+01:00  INFO 67096 --- [competition-management-service] [main] o.a.c.c.C.[Tomcat].[localhost].[/]       : Initializing Spring embedded WebApplicationContext
2025-01-14T00:53:02.273+01:00  INFO 67096 --- [competition-management-service] [main] w.s.c.ServletWebServerApplicationContext : Root WebApplicationContext: initialization completed in 3301 ms
2025-01-14T00:53:02.645+01:00  INFO 67096 --- [competition-management-service] [main] o.s.c.openfeign.FeignClientFactoryBean   : For 'user-service' URL not provided. Will try picking an instance via load-balancing.
2025-01-14T00:53:03.299+01:00  INFO 67096 --- [competition-management-service] [main] o.hibernate.jpa.internal.util.LogHelper  : HHH000204: Processing PersistenceUnitInfo [name: default]
2025-01-14T00:53:03.391+01:00  INFO 67096 --- [competition-management-service] [main] org.hibernate.Version                    : HHH000412: Hibernate ORM core version 6.5.3.Final
2025-01-14T00:53:03.442+01:00  INFO 67096 --- [competition-management-service] [main] o.h.c.internal.RegionFactoryInitiator    : HHH000026: Second-level cache disabled
2025-01-14T00:53:03.893+01:00  INFO 67096 --- [competition-management-service] [main] o.s.o.j.p.SpringPersistenceUnitInfo      : No LoadTimeWeaver setup: ignoring JPA class transformer
2025-01-14T00:53:03.949+01:00  INFO 67096 --- [competition-management-service] [main] com.zaxxer.hikari.HikariDataSource       : HikariPool-1 - Starting...
2025-01-14T00:53:04.256+01:00  INFO 67096 --- [competition-management-service] [main] com.zaxxer.hikari.pool.HikariPool        : HikariPool-1 - Added connection org.postgresql.jdbc.PgConnection@7c0035dd
2025-01-14T00:53:04.259+01:00  INFO 67096 --- [competition-management-service] [main] com.zaxxer.hikari.HikariDataSource       : HikariPool-1 - Start completed.
2025-01-14T00:53:06.288+01:00  INFO 67096 --- [competition-management-service] [main] o.h.e.t.j.p.i.JtaPlatformInitiator       : HHH000489: No JTA platform available (set 'hibernate.transaction.jta.platform' to enable JTA platform integration)
2025-01-14T00:53:06.533+01:00  INFO 67096 --- [competition-management-service] [main] j.LocalContainerEntityManagerFactoryBean : Initialized JPA EntityManagerFactory for persistence unit 'default'
2025-01-14T00:53:06.653+01:00  INFO 67096 --- [competition-management-service] [main] o.s.c.openfeign.FeignClientFactoryBean   : For 'sport-service' URL not provided. Will try picking an instance via load-balancing.
2025-01-14T00:53:07.596+01:00  WARN 67096 --- [competition-management-service] [main] .s.s.UserDetailsServiceAutoConfiguration : 

Using generated security password: 2727c3f5-457f-4d27-a9fd-c923c160d38e

This generated password is for development use only. Your security configuration must be updated before running your application in production.

2025-01-14T00:53:07.629+01:00  INFO 67096 --- [competition-management-service] [main] r$InitializeUserDetailsManagerConfigurer : Global AuthenticationManager configured with UserDetailsService bean with name inMemoryUserDetailsManager
2025-01-14T00:53:08.670+01:00  INFO 67096 --- [competition-management-service] [main] o.s.b.a.e.web.EndpointLinksResolver      : Exposing 1 endpoint beneath base path '/actuator'
2025-01-14T00:53:09.858+01:00  WARN 67096 --- [competition-management-service] [main] iguration$LoadBalancerCaffeineWarnLogger : Spring Cloud LoadBalancer is currently working with the default cache. While this cache implementation is useful for development and tests, it's recommended to use Caffeine cache in production.You can switch to using Caffeine cache, by adding it and org.springframework.cache.caffeine.CaffeineCacheManager to the classpath.
2025-01-14T00:53:10.037+01:00  INFO 67096 --- [competition-management-service] [main] o.s.b.w.embedded.tomcat.TomcatWebServer  : Tomcat started on port 8084 (http) with context path '/'
2025-01-14T00:53:10.041+01:00  INFO 67096 --- [competition-management-service] [main] o.s.c.c.s.ConsulServiceRegistry          : Registering service with consul: NewService{id='competition-management-service-8084', name='competition-management-service', tags=[], address='100.106.2.30', meta={secure=false}, port=8084, enableTagOverride=null, check=Check{script='null', dockerContainerID='null', shell='null', interval='10s', ttl='null', http='http://100.106.2.30:8084/actuator/health', method='null', header={}, tcp='null', timeout='null', deregisterCriticalServiceAfter='null', tlsSkipVerify=null, status='null', grpc='null', grpcUseTLS=null}, checks=null}
2025-01-14T00:53:10.475+01:00  INFO 67096 --- [competition-management-service] [main] .CompetitionManagementServiceApplication : Started CompetitionManagementServiceApplication in 12.817 seconds (process running for 13.936)
2025-01-14T00:53:12.360+01:00  INFO 67096 --- [competition-management-service] [http-nio-8084-exec-1] o.a.c.c.C.[Tomcat].[localhost].[/]       : Initializing Spring DispatcherServlet 'dispatcherServlet'
2025-01-14T00:53:12.361+01:00  INFO 67096 --- [competition-management-service] [http-nio-8084-exec-1] o.s.web.servlet.DispatcherServlet        : Initializing Servlet 'dispatcherServlet'
2025-01-14T00:53:12.365+01:00  INFO 67096 --- [competition-management-service] [http-nio-8084-exec-1] o.s.web.servlet.DispatcherServlet        : Completed initialization in 4 ms
2025-01-14T00:53:26.315+01:00  INFO 67096 --- [competition-management-service] [http-nio-8084-exec-3] org.league.app.filter.JWTFilter          : Extracted email: ylopatkin@gmail.com
2025-01-14T00:53:26.316+01:00  INFO 67096 --- [competition-management-service] [http-nio-8084-exec-3] org.league.app.filter.JWTFilter          : User email: ylopatkin@gmail.com
2025-01-14T00:53:28.286+01:00  INFO 67096 --- [competition-management-service] [http-nio-8084-exec-4] org.league.app.filter.JWTFilter          : Extracted email: ylopatkin@gmail.com
2025-01-14T00:53:28.286+01:00  INFO 67096 --- [competition-management-service] [http-nio-8084-exec-4] org.league.app.filter.JWTFilter          : User email: ylopatkin@gmail.com
2025-01-14T00:53:32.176+01:00  INFO 67096 --- [competition-management-service] [http-nio-8084-exec-5] org.league.app.filter.JWTFilter          : Extracted email: ylopatkin@gmail.com
2025-01-14T00:53:32.177+01:00  INFO 67096 --- [competition-management-service] [http-nio-8084-exec-5] org.league.app.filter.JWTFilter          : User email: ylopatkin@gmail.com
2025-01-14T00:53:33.628+01:00  INFO 67096 --- [competition-management-service] [http-nio-8084-exec-7] org.league.app.filter.JWTFilter          : Extracted email: ylopatkin@gmail.com
2025-01-14T00:53:33.628+01:00  INFO 67096 --- [competition-management-service] [http-nio-8084-exec-7] org.league.app.filter.JWTFilter          : User email: ylopatkin@gmail.com
2025-01-14T00:53:43.076+01:00  INFO 67096 --- [competition-management-service] [http-nio-8084-exec-9] org.league.app.filter.JWTFilter          : Extracted email: ylopatkin@gmail.com
2025-01-14T00:53:43.076+01:00  INFO 67096 --- [competition-management-service] [http-nio-8084-exec-9] org.league.app.filter.JWTFilter          : User email: ylopatkin@gmail.com
2025-01-14T00:53:46.189+01:00  INFO 67096 --- [competition-management-service] [http-nio-8084-exec-10] org.league.app.filter.JWTFilter          : Extracted email: ylopatkin@gmail.com
2025-01-14T00:53:46.189+01:00  INFO 67096 --- [competition-management-service] [http-nio-8084-exec-10] org.league.app.filter.JWTFilter          : User email: ylopatkin@gmail.com
2025-01-14T00:53:59.388+01:00  INFO 67096 --- [competition-management-service] [SpringApplicationShutdownHook] j.LocalContainerEntityManagerFactoryBean : Closing JPA EntityManagerFactory for persistence unit 'default'
2025-01-14T00:53:59.392+01:00  INFO 67096 --- [competition-management-service] [SpringApplicationShutdownHook] com.zaxxer.hikari.HikariDataSource       : HikariPool-1 - Shutdown initiated...
2025-01-14T00:53:59.400+01:00  INFO 67096 --- [competition-management-service] [SpringApplicationShutdownHook] com.zaxxer.hikari.HikariDataSource       : HikariPool-1 - Shutdown completed.
2025-01-14T00:53:59.402+01:00  INFO 67096 --- [competition-management-service] [SpringApplicationShutdownHook] o.s.c.c.s.ConsulServiceRegistry          : Deregistering service with consul: competition-management-service-8084
2025-01-14T19:34:20.813+01:00  INFO 49436 --- [competition-management-service] [main] .CompetitionManagementServiceApplication : Starting CompetitionManagementServiceApplication using Java 21.0.5 with PID 49436 (E:\important\ProLeagueManager\backend\competition-management-service\target\classes started by ylopa in E:\important\ProLeagueManager)
2025-01-14T19:34:20.816+01:00  INFO 49436 --- [competition-management-service] [main] .CompetitionManagementServiceApplication : No active profile set, falling back to 1 default profile: "default"
2025-01-14T19:34:22.245+01:00  INFO 49436 --- [competition-management-service] [main] .s.d.r.c.RepositoryConfigurationDelegate : Bootstrapping Spring Data JPA repositories in DEFAULT mode.
2025-01-14T19:34:22.509+01:00  INFO 49436 --- [competition-management-service] [main] .s.d.r.c.RepositoryConfigurationDelegate : Finished Spring Data repository scanning in 252 ms. Found 4 JPA repository interfaces.
2025-01-14T19:34:22.930+01:00  INFO 49436 --- [competition-management-service] [main] o.s.cloud.context.scope.GenericScope     : BeanFactory id=43e92a26-a0c8-341a-8e34-7d02ead5589e
2025-01-14T19:34:23.392+01:00  WARN 49436 --- [competition-management-service] [main] trationDelegate$BeanPostProcessorChecker : Bean 'org.springframework.cloud.client.loadbalancer.LoadBalancerAutoConfiguration$DeferringLoadBalancerInterceptorConfig' of type [org.springframework.cloud.client.loadbalancer.LoadBalancerAutoConfiguration$DeferringLoadBalancerInterceptorConfig] is not eligible for getting processed by all BeanPostProcessors (for example: not eligible for auto-proxying). The currently created BeanPostProcessor [lbRestClientPostProcessor] is declared through a non-static factory method on that class; consider declaring it as static instead.
2025-01-14T19:34:23.401+01:00  WARN 49436 --- [competition-management-service] [main] trationDelegate$BeanPostProcessorChecker : Bean 'deferringLoadBalancerInterceptor' of type [org.springframework.cloud.client.loadbalancer.DeferringLoadBalancerInterceptor] is not eligible for getting processed by all BeanPostProcessors (for example: not eligible for auto-proxying). Is this bean getting eagerly injected into a currently created BeanPostProcessor [lbRestClientPostProcessor]? Check the corresponding BeanPostProcessor declaration and its dependencies.
2025-01-14T19:34:23.873+01:00  INFO 49436 --- [competition-management-service] [main] o.s.b.w.embedded.tomcat.TomcatWebServer  : Tomcat initialized with port 8084 (http)
2025-01-14T19:34:23.906+01:00  INFO 49436 --- [competition-management-service] [main] o.apache.catalina.core.StandardService   : Starting service [Tomcat]
2025-01-14T19:34:23.906+01:00  INFO 49436 --- [competition-management-service] [main] o.apache.catalina.core.StandardEngine    : Starting Servlet engine: [Apache Tomcat/10.1.30]
2025-01-14T19:34:24.042+01:00  INFO 49436 --- [competition-management-service] [main] o.a.c.c.C.[Tomcat].[localhost].[/]       : Initializing Spring embedded WebApplicationContext
2025-01-14T19:34:24.043+01:00  INFO 49436 --- [competition-management-service] [main] w.s.c.ServletWebServerApplicationContext : Root WebApplicationContext: initialization completed in 3178 ms
2025-01-14T19:34:24.389+01:00  INFO 49436 --- [competition-management-service] [main] o.s.c.openfeign.FeignClientFactoryBean   : For 'user-service' URL not provided. Will try picking an instance via load-balancing.
2025-01-14T19:34:25.073+01:00  INFO 49436 --- [competition-management-service] [main] o.hibernate.jpa.internal.util.LogHelper  : HHH000204: Processing PersistenceUnitInfo [name: default]
2025-01-14T19:34:25.163+01:00  INFO 49436 --- [competition-management-service] [main] org.hibernate.Version                    : HHH000412: Hibernate ORM core version 6.5.3.Final
2025-01-14T19:34:25.207+01:00  INFO 49436 --- [competition-management-service] [main] o.h.c.internal.RegionFactoryInitiator    : HHH000026: Second-level cache disabled
2025-01-14T19:34:25.619+01:00  INFO 49436 --- [competition-management-service] [main] o.s.o.j.p.SpringPersistenceUnitInfo      : No LoadTimeWeaver setup: ignoring JPA class transformer
2025-01-14T19:34:25.663+01:00  INFO 49436 --- [competition-management-service] [main] com.zaxxer.hikari.HikariDataSource       : HikariPool-1 - Starting...
2025-01-14T19:34:25.987+01:00  INFO 49436 --- [competition-management-service] [main] com.zaxxer.hikari.pool.HikariPool        : HikariPool-1 - Added connection org.postgresql.jdbc.PgConnection@5f01361e
2025-01-14T19:34:25.990+01:00  INFO 49436 --- [competition-management-service] [main] com.zaxxer.hikari.HikariDataSource       : HikariPool-1 - Start completed.
2025-01-14T19:34:27.558+01:00  INFO 49436 --- [competition-management-service] [main] o.h.e.t.j.p.i.JtaPlatformInitiator       : HHH000489: No JTA platform available (set 'hibernate.transaction.jta.platform' to enable JTA platform integration)
2025-01-14T19:34:27.769+01:00  INFO 49436 --- [competition-management-service] [main] j.LocalContainerEntityManagerFactoryBean : Initialized JPA EntityManagerFactory for persistence unit 'default'
2025-01-14T19:34:27.870+01:00  INFO 49436 --- [competition-management-service] [main] o.s.c.openfeign.FeignClientFactoryBean   : For 'sport-service' URL not provided. Will try picking an instance via load-balancing.
2025-01-14T19:34:28.507+01:00  WARN 49436 --- [competition-management-service] [main] .s.s.UserDetailsServiceAutoConfiguration : 

Using generated security password: 0d9f613f-7f39-40b6-9695-b2f767b8047e

This generated password is for development use only. Your security configuration must be updated before running your application in production.

2025-01-14T19:34:28.532+01:00  INFO 49436 --- [competition-management-service] [main] r$InitializeUserDetailsManagerConfigurer : Global AuthenticationManager configured with UserDetailsService bean with name inMemoryUserDetailsManager
2025-01-14T19:34:29.226+01:00  INFO 49436 --- [competition-management-service] [main] o.s.b.a.e.web.EndpointLinksResolver      : Exposing 1 endpoint beneath base path '/actuator'
2025-01-14T19:34:30.076+01:00  WARN 49436 --- [competition-management-service] [main] iguration$LoadBalancerCaffeineWarnLogger : Spring Cloud LoadBalancer is currently working with the default cache. While this cache implementation is useful for development and tests, it's recommended to use Caffeine cache in production.You can switch to using Caffeine cache, by adding it and org.springframework.cache.caffeine.CaffeineCacheManager to the classpath.
2025-01-14T19:34:30.208+01:00  INFO 49436 --- [competition-management-service] [main] o.s.b.w.embedded.tomcat.TomcatWebServer  : Tomcat started on port 8084 (http) with context path '/'
2025-01-14T19:34:30.211+01:00  INFO 49436 --- [competition-management-service] [main] o.s.c.c.s.ConsulServiceRegistry          : Registering service with consul: NewService{id='competition-management-service-8084', name='competition-management-service', tags=[], address='100.106.2.30', meta={secure=false}, port=8084, enableTagOverride=null, check=Check{script='null', dockerContainerID='null', shell='null', interval='10s', ttl='null', http='http://100.106.2.30:8084/actuator/health', method='null', header={}, tcp='null', timeout='null', deregisterCriticalServiceAfter='null', tlsSkipVerify=null, status='null', grpc='null', grpcUseTLS=null}, checks=null}
2025-01-14T19:34:30.250+01:00  INFO 49436 --- [competition-management-service] [main] .CompetitionManagementServiceApplication : Started CompetitionManagementServiceApplication in 10.33 seconds (process running for 11.106)
2025-01-14T19:34:30.738+01:00  INFO 49436 --- [competition-management-service] [RMI TCP Connection(1)-172.25.208.1] o.a.c.c.C.[Tomcat].[localhost].[/]       : Initializing Spring DispatcherServlet 'dispatcherServlet'
2025-01-14T19:34:30.739+01:00  INFO 49436 --- [competition-management-service] [RMI TCP Connection(1)-172.25.208.1] o.s.web.servlet.DispatcherServlet        : Initializing Servlet 'dispatcherServlet'
2025-01-14T19:34:30.743+01:00  INFO 49436 --- [competition-management-service] [RMI TCP Connection(1)-172.25.208.1] o.s.web.servlet.DispatcherServlet        : Completed initialization in 3 ms
2025-01-14T19:54:50.440+01:00  INFO 49436 --- [competition-management-service] [http-nio-8084-exec-3] org.league.app.filter.JWTFilter          : Extracted email: ylopatkin@gmail.com
2025-01-14T19:54:50.441+01:00  INFO 49436 --- [competition-management-service] [http-nio-8084-exec-3] org.league.app.filter.JWTFilter          : User email: ylopatkin@gmail.com
2025-01-14T19:54:50.686+01:00 ERROR 49436 --- [competition-management-service] [http-nio-8084-exec-3] o.a.c.c.C.[.[.[/].[dispatcherServlet]    : Servlet.service() for servlet [dispatcherServlet] in context with path [] threw exception [Request processing failed: feign.FeignException$Forbidden: [403] during [GET] to [http://sport-service/api/sport/get-sports-by-name?sportName=o] [SportClientFeign#findByNameSearch(String)]: []] with root cause

feign.FeignException$Forbidden: [403] during [GET] to [http://sport-service/api/sport/get-sports-by-name?sportName=o] [SportClientFeign#findByNameSearch(String)]: []
	at feign.FeignException.clientErrorStatus(FeignException.java:226) ~[feign-core-13.3.jar:na]
	at feign.FeignException.errorStatus(FeignException.java:203) ~[feign-core-13.3.jar:na]
	at feign.FeignException.errorStatus(FeignException.java:194) ~[feign-core-13.3.jar:na]
	at feign.codec.ErrorDecoder$Default.decode(ErrorDecoder.java:103) ~[feign-core-13.3.jar:na]
	at feign.InvocationContext.decodeError(InvocationContext.java:126) ~[feign-core-13.3.jar:na]
	at feign.InvocationContext.proceed(InvocationContext.java:72) ~[feign-core-13.3.jar:na]
	at feign.ResponseHandler.handleResponse(ResponseHandler.java:63) ~[feign-core-13.3.jar:na]
	at feign.SynchronousMethodHandler.executeAndDecode(SynchronousMethodHandler.java:114) ~[feign-core-13.3.jar:na]
	at feign.SynchronousMethodHandler.invoke(SynchronousMethodHandler.java:70) ~[feign-core-13.3.jar:na]
	at feign.ReflectiveFeign$FeignInvocationHandler.invoke(ReflectiveFeign.java:99) ~[feign-core-13.3.jar:na]
	at jdk.proxy2/jdk.proxy2.$Proxy170.findByNameSearch(Unknown Source) ~[na:na]
	at org.league.app.service.GameSystemService.searchGameSystem(GameSystemService.java:66) ~[classes/:na]
	at java.base/jdk.internal.reflect.DirectMethodHandleAccessor.invoke(DirectMethodHandleAccessor.java:103) ~[na:na]
	at java.base/java.lang.reflect.Method.invoke(Method.java:580) ~[na:na]
	at org.springframework.aop.support.AopUtils.invokeJoinpointUsingReflection(AopUtils.java:355) ~[spring-aop-6.1.13.jar:6.1.13]
	at org.springframework.aop.framework.ReflectiveMethodInvocation.invokeJoinpoint(ReflectiveMethodInvocation.java:196) ~[spring-aop-6.1.13.jar:6.1.13]
	at org.springframework.aop.framework.ReflectiveMethodInvocation.proceed(ReflectiveMethodInvocation.java:163) ~[spring-aop-6.1.13.jar:6.1.13]
	at org.springframework.aop.framework.CglibAopProxy$CglibMethodInvocation.proceed(CglibAopProxy.java:768) ~[spring-aop-6.1.13.jar:6.1.13]
	at org.springframework.transaction.interceptor.TransactionAspectSupport.invokeWithinTransaction(TransactionAspectSupport.java:379) ~[spring-tx-6.1.13.jar:6.1.13]
	at org.springframework.transaction.interceptor.TransactionInterceptor.invoke(TransactionInterceptor.java:119) ~[spring-tx-6.1.13.jar:6.1.13]
	at org.springframework.aop.framework.ReflectiveMethodInvocation.proceed(ReflectiveMethodInvocation.java:184) ~[spring-aop-6.1.13.jar:6.1.13]
	at org.springframework.aop.framework.CglibAopProxy$CglibMethodInvocation.proceed(CglibAopProxy.java:768) ~[spring-aop-6.1.13.jar:6.1.13]
	at org.springframework.aop.framework.CglibAopProxy$DynamicAdvisedInterceptor.intercept(CglibAopProxy.java:720) ~[spring-aop-6.1.13.jar:6.1.13]
	at org.league.app.service.GameSystemService$$SpringCGLIB$$0.searchGameSystem(<generated>) ~[classes/:na]
	at org.league.app.controller.GameSystemController.searchGameSystem(GameSystemController.java:40) ~[classes/:na]
	at java.base/jdk.internal.reflect.DirectMethodHandleAccessor.invoke(DirectMethodHandleAccessor.java:103) ~[na:na]
	at java.base/java.lang.reflect.Method.invoke(Method.java:580) ~[na:na]
	at org.springframework.web.method.support.InvocableHandlerMethod.doInvoke(InvocableHandlerMethod.java:255) ~[spring-web-6.1.13.jar:6.1.13]
	at org.springframework.web.method.support.InvocableHandlerMethod.invokeForRequest(InvocableHandlerMethod.java:188) ~[spring-web-6.1.13.jar:6.1.13]
	at org.springframework.web.servlet.mvc.method.annotation.ServletInvocableHandlerMethod.invokeAndHandle(ServletInvocableHandlerMethod.java:118) ~[spring-webmvc-6.1.13.jar:6.1.13]
	at org.springframework.web.servlet.mvc.method.annotation.RequestMappingHandlerAdapter.invokeHandlerMethod(RequestMappingHandlerAdapter.java:926) ~[spring-webmvc-6.1.13.jar:6.1.13]
	at org.springframework.web.servlet.mvc.method.annotation.RequestMappingHandlerAdapter.handleInternal(RequestMappingHandlerAdapter.java:831) ~[spring-webmvc-6.1.13.jar:6.1.13]
	at org.springframework.web.servlet.mvc.method.AbstractHandlerMethodAdapter.handle(AbstractHandlerMethodAdapter.java:87) ~[spring-webmvc-6.1.13.jar:6.1.13]
	at org.springframework.web.servlet.DispatcherServlet.doDispatch(DispatcherServlet.java:1089) ~[spring-webmvc-6.1.13.jar:6.1.13]
	at org.springframework.web.servlet.DispatcherServlet.doService(DispatcherServlet.java:979) ~[spring-webmvc-6.1.13.jar:6.1.13]
	at org.springframework.web.servlet.FrameworkServlet.processRequest(FrameworkServlet.java:1014) ~[spring-webmvc-6.1.13.jar:6.1.13]
	at org.springframework.web.servlet.FrameworkServlet.doGet(FrameworkServlet.java:903) ~[spring-webmvc-6.1.13.jar:6.1.13]
	at jakarta.servlet.http.HttpServlet.service(HttpServlet.java:564) ~[tomcat-embed-core-10.1.30.jar:6.0]
	at org.springframework.web.servlet.FrameworkServlet.service(FrameworkServlet.java:885) ~[spring-webmvc-6.1.13.jar:6.1.13]
	at jakarta.servlet.http.HttpServlet.service(HttpServlet.java:658) ~[tomcat-embed-core-10.1.30.jar:6.0]
	at org.apache.catalina.core.ApplicationFilterChain.internalDoFilter(ApplicationFilterChain.java:195) ~[tomcat-embed-core-10.1.30.jar:10.1.30]
	at org.apache.catalina.core.ApplicationFilterChain.doFilter(ApplicationFilterChain.java:140) ~[tomcat-embed-core-10.1.30.jar:10.1.30]
	at org.apache.tomcat.websocket.server.WsFilter.doFilter(WsFilter.java:51) ~[tomcat-embed-websocket-10.1.30.jar:10.1.30]
	at org.apache.catalina.core.ApplicationFilterChain.internalDoFilter(ApplicationFilterChain.java:164) ~[tomcat-embed-core-10.1.30.jar:10.1.30]
	at org.apache.catalina.core.ApplicationFilterChain.doFilter(ApplicationFilterChain.java:140) ~[tomcat-embed-core-10.1.30.jar:10.1.30]
	at org.springframework.web.filter.OncePerRequestFilter.doFilter(OncePerRequestFilter.java:110) ~[spring-web-6.1.13.jar:6.1.13]
	at org.apache.catalina.core.ApplicationFilterChain.internalDoFilter(ApplicationFilterChain.java:164) ~[tomcat-embed-core-10.1.30.jar:10.1.30]
	at org.apache.catalina.core.ApplicationFilterChain.doFilter(ApplicationFilterChain.java:140) ~[tomcat-embed-core-10.1.30.jar:10.1.30]
	at org.springframework.web.filter.CompositeFilter$VirtualFilterChain.doFilter(CompositeFilter.java:108) ~[spring-web-6.1.13.jar:6.1.13]
	at org.springframework.security.web.FilterChainProxy.lambda$doFilterInternal$3(FilterChainProxy.java:231) ~[spring-security-web-6.3.3.jar:6.3.3]
	at org.springframework.security.web.ObservationFilterChainDecorator$FilterObservation$SimpleFilterObservation.lambda$wrap$1(ObservationFilterChainDecorator.java:479) ~[spring-security-web-6.3.3.jar:6.3.3]
	at org.springframework.security.web.ObservationFilterChainDecorator$AroundFilterObservation$SimpleAroundFilterObservation.lambda$wrap$1(ObservationFilterChainDecorator.java:340) ~[spring-security-web-6.3.3.jar:6.3.3]
	at org.springframework.security.web.ObservationFilterChainDecorator.lambda$wrapSecured$0(ObservationFilterChainDecorator.java:82) ~[spring-security-web-6.3.3.jar:6.3.3]
	at org.springframework.security.web.ObservationFilterChainDecorator$VirtualFilterChain.doFilter(ObservationFilterChainDecorator.java:128) ~[spring-security-web-6.3.3.jar:6.3.3]
	at org.springframework.security.web.access.intercept.AuthorizationFilter.doFilter(AuthorizationFilter.java:100) ~[spring-security-web-6.3.3.jar:6.3.3]
	at org.springframework.security.web.ObservationFilterChainDecorator$ObservationFilter.wrapFilter(ObservationFilterChainDecorator.java:240) ~[spring-security-web-6.3.3.jar:6.3.3]
	at org.springframework.security.web.ObservationFilterChainDecorator$ObservationFilter.doFilter(ObservationFilterChainDecorator.java:227) ~[spring-security-web-6.3.3.jar:6.3.3]
	at org.springframework.security.web.ObservationFilterChainDecorator$VirtualFilterChain.doFilter(ObservationFilterChainDecorator.java:137) ~[spring-security-web-6.3.3.jar:6.3.3]
	at org.springframework.security.web.access.ExceptionTranslationFilter.doFilter(ExceptionTranslationFilter.java:126) ~[spring-security-web-6.3.3.jar:6.3.3]
	at org.springframework.security.web.access.ExceptionTranslationFilter.doFilter(ExceptionTranslationFilter.java:120) ~[spring-security-web-6.3.3.jar:6.3.3]
	at org.springframework.security.web.ObservationFilterChainDecorator$ObservationFilter.wrapFilter(ObservationFilterChainDecorator.java:240) ~[spring-security-web-6.3.3.jar:6.3.3]
	at org.springframework.security.web.ObservationFilterChainDecorator$ObservationFilter.doFilter(ObservationFilterChainDecorator.java:227) ~[spring-security-web-6.3.3.jar:6.3.3]
	at org.springframework.security.web.ObservationFilterChainDecorator$VirtualFilterChain.doFilter(ObservationFilterChainDecorator.java:137) ~[spring-security-web-6.3.3.jar:6.3.3]
	at org.springframework.security.web.session.SessionManagementFilter.doFilter(SessionManagementFilter.java:131) ~[spring-security-web-6.3.3.jar:6.3.3]
	at org.springframework.security.web.session.SessionManagementFilter.doFilter(SessionManagementFilter.java:85) ~[spring-security-web-6.3.3.jar:6.3.3]
	at org.springframework.security.web.ObservationFilterChainDecorator$ObservationFilter.wrapFilter(ObservationFilterChainDecorator.java:240) ~[spring-security-web-6.3.3.jar:6.3.3]
	at org.springframework.security.web.ObservationFilterChainDecorator$ObservationFilter.doFilter(ObservationFilterChainDecorator.java:227) ~[spring-security-web-6.3.3.jar:6.3.3]
	at org.springframework.security.web.ObservationFilterChainDecorator$VirtualFilterChain.doFilter(ObservationFilterChainDecorator.java:137) ~[spring-security-web-6.3.3.jar:6.3.3]
	at org.springframework.security.web.authentication.AnonymousAuthenticationFilter.doFilter(AnonymousAuthenticationFilter.java:100) ~[spring-security-web-6.3.3.jar:6.3.3]
	at org.springframework.security.web.ObservationFilterChainDecorator$ObservationFilter.wrapFilter(ObservationFilterChainDecorator.java:240) ~[spring-security-web-6.3.3.jar:6.3.3]
	at org.springframework.security.web.ObservationFilterChainDecorator$ObservationFilter.doFilter(ObservationFilterChainDecorator.java:227) ~[spring-security-web-6.3.3.jar:6.3.3]
	at org.springframework.security.web.ObservationFilterChainDecorator$VirtualFilterChain.doFilter(ObservationFilterChainDecorator.java:137) ~[spring-security-web-6.3.3.jar:6.3.3]
	at org.springframework.security.web.servletapi.SecurityContextHolderAwareRequestFilter.doFilter(SecurityContextHolderAwareRequestFilter.java:179) ~[spring-security-web-6.3.3.jar:6.3.3]
	at org.springframework.security.web.ObservationFilterChainDecorator$ObservationFilter.wrapFilter(ObservationFilterChainDecorator.java:240) ~[spring-security-web-6.3.3.jar:6.3.3]
	at org.springframework.security.web.ObservationFilterChainDecorator$ObservationFilter.doFilter(ObservationFilterChainDecorator.java:227) ~[spring-security-web-6.3.3.jar:6.3.3]
	at org.springframework.security.web.ObservationFilterChainDecorator$VirtualFilterChain.doFilter(ObservationFilterChainDecorator.java:137) ~[spring-security-web-6.3.3.jar:6.3.3]
	at org.springframework.security.web.savedrequest.RequestCacheAwareFilter.doFilter(RequestCacheAwareFilter.java:63) ~[spring-security-web-6.3.3.jar:6.3.3]
	at org.springframework.security.web.ObservationFilterChainDecorator$ObservationFilter.wrapFilter(ObservationFilterChainDecorator.java:240) ~[spring-security-web-6.3.3.jar:6.3.3]
	at org.springframework.security.web.ObservationFilterChainDecorator$ObservationFilter.doFilter(ObservationFilterChainDecorator.java:227) ~[spring-security-web-6.3.3.jar:6.3.3]
	at org.springframework.security.web.ObservationFilterChainDecorator$VirtualFilterChain.doFilter(ObservationFilterChainDecorator.java:137) ~[spring-security-web-6.3.3.jar:6.3.3]
	at org.league.app.filter.JWTFilter.doFilterInternal(JWTFilter.java:78) ~[classes/:na]
	at org.springframework.web.filter.OncePerRequestFilter.doFilter(OncePerRequestFilter.java:116) ~[spring-web-6.1.13.jar:6.1.13]
	at org.springframework.security.web.ObservationFilterChainDecorator$ObservationFilter.wrapFilter(ObservationFilterChainDecorator.java:240) ~[spring-security-web-6.3.3.jar:6.3.3]
	at org.springframework.security.web.ObservationFilterChainDecorator$ObservationFilter.doFilter(ObservationFilterChainDecorator.java:227) ~[spring-security-web-6.3.3.jar:6.3.3]
	at org.springframework.security.web.ObservationFilterChainDecorator$VirtualFilterChain.doFilter(ObservationFilterChainDecorator.java:137) ~[spring-security-web-6.3.3.jar:6.3.3]
	at org.springframework.security.web.authentication.logout.LogoutFilter.doFilter(LogoutFilter.java:107) ~[spring-security-web-6.3.3.jar:6.3.3]
	at org.springframework.security.web.authentication.logout.LogoutFilter.doFilter(LogoutFilter.java:93) ~[spring-security-web-6.3.3.jar:6.3.3]
	at org.springframework.security.web.ObservationFilterChainDecorator$ObservationFilter.wrapFilter(ObservationFilterChainDecorator.java:240) ~[spring-security-web-6.3.3.jar:6.3.3]
	at org.springframework.security.web.ObservationFilterChainDecorator$ObservationFilter.doFilter(ObservationFilterChainDecorator.java:227) ~[spring-security-web-6.3.3.jar:6.3.3]
	at org.springframework.security.web.ObservationFilterChainDecorator$VirtualFilterChain.doFilter(ObservationFilterChainDecorator.java:137) ~[spring-security-web-6.3.3.jar:6.3.3]
	at org.springframework.security.web.header.HeaderWriterFilter.doHeadersAfter(HeaderWriterFilter.java:90) ~[spring-security-web-6.3.3.jar:6.3.3]
	at org.springframework.security.web.header.HeaderWriterFilter.doFilterInternal(HeaderWriterFilter.java:75) ~[spring-security-web-6.3.3.jar:6.3.3]
	at org.springframework.web.filter.OncePerRequestFilter.doFilter(OncePerRequestFilter.java:116) ~[spring-web-6.1.13.jar:6.1.13]
	at org.springframework.security.web.ObservationFilterChainDecorator$ObservationFilter.wrapFilter(ObservationFilterChainDecorator.java:240) ~[spring-security-web-6.3.3.jar:6.3.3]
	at org.springframework.security.web.ObservationFilterChainDecorator$ObservationFilter.doFilter(ObservationFilterChainDecorator.java:227) ~[spring-security-web-6.3.3.jar:6.3.3]
	at org.springframework.security.web.ObservationFilterChainDecorator$VirtualFilterChain.doFilter(ObservationFilterChainDecorator.java:137) ~[spring-security-web-6.3.3.jar:6.3.3]
	at org.springframework.security.web.context.SecurityContextHolderFilter.doFilter(SecurityContextHolderFilter.java:82) ~[spring-security-web-6.3.3.jar:6.3.3]
	at org.springframework.security.web.context.SecurityContextHolderFilter.doFilter(SecurityContextHolderFilter.java:69) ~[spring-security-web-6.3.3.jar:6.3.3]
	at org.springframework.security.web.ObservationFilterChainDecorator$ObservationFilter.wrapFilter(ObservationFilterChainDecorator.java:240) ~[spring-security-web-6.3.3.jar:6.3.3]
	at org.springframework.security.web.ObservationFilterChainDecorator$ObservationFilter.doFilter(ObservationFilterChainDecorator.java:227) ~[spring-security-web-6.3.3.jar:6.3.3]
	at org.springframework.security.web.ObservationFilterChainDecorator$VirtualFilterChain.doFilter(ObservationFilterChainDecorator.java:137) ~[spring-security-web-6.3.3.jar:6.3.3]
	at org.springframework.security.web.context.request.async.WebAsyncManagerIntegrationFilter.doFilterInternal(WebAsyncManagerIntegrationFilter.java:62) ~[spring-security-web-6.3.3.jar:6.3.3]
	at org.springframework.web.filter.OncePerRequestFilter.doFilter(OncePerRequestFilter.java:116) ~[spring-web-6.1.13.jar:6.1.13]
	at org.springframework.security.web.ObservationFilterChainDecorator$ObservationFilter.wrapFilter(ObservationFilterChainDecorator.java:240) ~[spring-security-web-6.3.3.jar:6.3.3]
	at org.springframework.security.web.ObservationFilterChainDecorator$ObservationFilter.doFilter(ObservationFilterChainDecorator.java:227) ~[spring-security-web-6.3.3.jar:6.3.3]
	at org.springframework.security.web.ObservationFilterChainDecorator$VirtualFilterChain.doFilter(ObservationFilterChainDecorator.java:137) ~[spring-security-web-6.3.3.jar:6.3.3]
	at org.springframework.security.web.session.DisableEncodeUrlFilter.doFilterInternal(DisableEncodeUrlFilter.java:42) ~[spring-security-web-6.3.3.jar:6.3.3]
	at org.springframework.web.filter.OncePerRequestFilter.doFilter(OncePerRequestFilter.java:116) ~[spring-web-6.1.13.jar:6.1.13]
	at org.springframework.security.web.ObservationFilterChainDecorator$ObservationFilter.wrapFilter(ObservationFilterChainDecorator.java:240) ~[spring-security-web-6.3.3.jar:6.3.3]
	at org.springframework.security.web.ObservationFilterChainDecorator$AroundFilterObservation$SimpleAroundFilterObservation.lambda$wrap$0(ObservationFilterChainDecorator.java:323) ~[spring-security-web-6.3.3.jar:6.3.3]
	at org.springframework.security.web.ObservationFilterChainDecorator$ObservationFilter.doFilter(ObservationFilterChainDecorator.java:224) ~[spring-security-web-6.3.3.jar:6.3.3]
	at org.springframework.security.web.ObservationFilterChainDecorator$VirtualFilterChain.doFilter(ObservationFilterChainDecorator.java:137) ~[spring-security-web-6.3.3.jar:6.3.3]
	at org.springframework.security.web.FilterChainProxy.doFilterInternal(FilterChainProxy.java:233) ~[spring-security-web-6.3.3.jar:6.3.3]
	at org.springframework.security.web.FilterChainProxy.doFilter(FilterChainProxy.java:191) ~[spring-security-web-6.3.3.jar:6.3.3]
	at org.springframework.web.filter.CompositeFilter$VirtualFilterChain.doFilter(CompositeFilter.java:113) ~[spring-web-6.1.13.jar:6.1.13]
	at org.springframework.web.servlet.handler.HandlerMappingIntrospector.lambda$createCacheFilter$3(HandlerMappingIntrospector.java:195) ~[spring-webmvc-6.1.13.jar:6.1.13]
	at org.springframework.web.filter.CompositeFilter$VirtualFilterChain.doFilter(CompositeFilter.java:113) ~[spring-web-6.1.13.jar:6.1.13]
	at org.springframework.web.filter.CompositeFilter.doFilter(CompositeFilter.java:74) ~[spring-web-6.1.13.jar:6.1.13]
	at org.springframework.security.config.annotation.web.configuration.WebMvcSecurityConfiguration$CompositeFilterChainProxy.doFilter(WebMvcSecurityConfiguration.java:230) ~[spring-security-config-6.3.3.jar:6.3.3]
	at org.springframework.web.filter.DelegatingFilterProxy.invokeDelegate(DelegatingFilterProxy.java:352) ~[spring-web-6.1.13.jar:6.1.13]
	at org.springframework.web.filter.DelegatingFilterProxy.doFilter(DelegatingFilterProxy.java:268) ~[spring-web-6.1.13.jar:6.1.13]
	at org.apache.catalina.core.ApplicationFilterChain.internalDoFilter(ApplicationFilterChain.java:164) ~[tomcat-embed-core-10.1.30.jar:10.1.30]
	at org.apache.catalina.core.ApplicationFilterChain.doFilter(ApplicationFilterChain.java:140) ~[tomcat-embed-core-10.1.30.jar:10.1.30]
	at org.springframework.web.filter.RequestContextFilter.doFilterInternal(RequestContextFilter.java:100) ~[spring-web-6.1.13.jar:6.1.13]
	at org.springframework.web.filter.OncePerRequestFilter.doFilter(OncePerRequestFilter.java:116) ~[spring-web-6.1.13.jar:6.1.13]
	at org.apache.catalina.core.ApplicationFilterChain.internalDoFilter(ApplicationFilterChain.java:164) ~[tomcat-embed-core-10.1.30.jar:10.1.30]
	at org.apache.catalina.core.ApplicationFilterChain.doFilter(ApplicationFilterChain.java:140) ~[tomcat-embed-core-10.1.30.jar:10.1.30]
	at org.springframework.web.filter.FormContentFilter.doFilterInternal(FormContentFilter.java:93) ~[spring-web-6.1.13.jar:6.1.13]
	at org.springframework.web.filter.OncePerRequestFilter.doFilter(OncePerRequestFilter.java:116) ~[spring-web-6.1.13.jar:6.1.13]
	at org.apache.catalina.core.ApplicationFilterChain.internalDoFilter(ApplicationFilterChain.java:164) ~[tomcat-embed-core-10.1.30.jar:10.1.30]
	at org.apache.catalina.core.ApplicationFilterChain.doFilter(ApplicationFilterChain.java:140) ~[tomcat-embed-core-10.1.30.jar:10.1.30]
	at org.springframework.web.filter.ServerHttpObservationFilter.doFilterInternal(ServerHttpObservationFilter.java:113) ~[spring-web-6.1.13.jar:6.1.13]
	at org.springframework.web.filter.OncePerRequestFilter.doFilter(OncePerRequestFilter.java:116) ~[spring-web-6.1.13.jar:6.1.13]
	at org.apache.catalina.core.ApplicationFilterChain.internalDoFilter(ApplicationFilterChain.java:164) ~[tomcat-embed-core-10.1.30.jar:10.1.30]
	at org.apache.catalina.core.ApplicationFilterChain.doFilter(ApplicationFilterChain.java:140) ~[tomcat-embed-core-10.1.30.jar:10.1.30]
	at org.springframework.web.filter.CharacterEncodingFilter.doFilterInternal(CharacterEncodingFilter.java:201) ~[spring-web-6.1.13.jar:6.1.13]
	at org.springframework.web.filter.OncePerRequestFilter.doFilter(OncePerRequestFilter.java:116) ~[spring-web-6.1.13.jar:6.1.13]
	at org.apache.catalina.core.ApplicationFilterChain.internalDoFilter(ApplicationFilterChain.java:164) ~[tomcat-embed-core-10.1.30.jar:10.1.30]
	at org.apache.catalina.core.ApplicationFilterChain.doFilter(ApplicationFilterChain.java:140) ~[tomcat-embed-core-10.1.30.jar:10.1.30]
	at org.apache.catalina.core.StandardWrapperValve.invoke(StandardWrapperValve.java:167) ~[tomcat-embed-core-10.1.30.jar:10.1.30]
	at org.apache.catalina.core.StandardContextValve.invoke(StandardContextValve.java:90) ~[tomcat-embed-core-10.1.30.jar:10.1.30]
	at org.apache.catalina.authenticator.AuthenticatorBase.invoke(AuthenticatorBase.java:483) ~[tomcat-embed-core-10.1.30.jar:10.1.30]
	at org.apache.catalina.core.StandardHostValve.invoke(StandardHostValve.java:115) ~[tomcat-embed-core-10.1.30.jar:10.1.30]
	at org.apache.catalina.valves.ErrorReportValve.invoke(ErrorReportValve.java:93) ~[tomcat-embed-core-10.1.30.jar:10.1.30]
	at org.apache.catalina.core.StandardEngineValve.invoke(StandardEngineValve.java:74) ~[tomcat-embed-core-10.1.30.jar:10.1.30]
	at org.apache.catalina.connector.CoyoteAdapter.service(CoyoteAdapter.java:344) ~[tomcat-embed-core-10.1.30.jar:10.1.30]
	at org.apache.coyote.http11.Http11Processor.service(Http11Processor.java:384) ~[tomcat-embed-core-10.1.30.jar:10.1.30]
	at org.apache.coyote.AbstractProcessorLight.process(AbstractProcessorLight.java:63) ~[tomcat-embed-core-10.1.30.jar:10.1.30]
	at org.apache.coyote.AbstractProtocol$ConnectionHandler.process(AbstractProtocol.java:905) ~[tomcat-embed-core-10.1.30.jar:10.1.30]
	at org.apache.tomcat.util.net.NioEndpoint$SocketProcessor.doRun(NioEndpoint.java:1741) ~[tomcat-embed-core-10.1.30.jar:10.1.30]
	at org.apache.tomcat.util.net.SocketProcessorBase.run(SocketProcessorBase.java:52) ~[tomcat-embed-core-10.1.30.jar:10.1.30]
	at org.apache.tomcat.util.threads.ThreadPoolExecutor.runWorker(ThreadPoolExecutor.java:1190) ~[tomcat-embed-core-10.1.30.jar:10.1.30]
	at org.apache.tomcat.util.threads.ThreadPoolExecutor$Worker.run(ThreadPoolExecutor.java:659) ~[tomcat-embed-core-10.1.30.jar:10.1.30]
	at org.apache.tomcat.util.threads.TaskThread$WrappingRunnable.run(TaskThread.java:63) ~[tomcat-embed-core-10.1.30.jar:10.1.30]
	at java.base/java.lang.Thread.run(Thread.java:1583) ~[na:na]

2025-01-14T19:55:53.359+01:00  INFO 49436 --- [competition-management-service] [http-nio-8084-exec-1] org.league.app.filter.JWTFilter          : Extracted email: ylopatkin@gmail.com
2025-01-14T19:55:53.360+01:00  INFO 49436 --- [competition-management-service] [http-nio-8084-exec-1] org.league.app.filter.JWTFilter          : User email: ylopatkin@gmail.com
2025-01-14T19:55:53.392+01:00  WARN 49436 --- [competition-management-service] [http-nio-8084-exec-1] .w.s.m.s.DefaultHandlerExceptionResolver : Resolved [org.springframework.web.bind.MissingServletRequestParameterException: Required request parameter 'query' for method parameter type String is not present]
2025-01-14T19:56:00.632+01:00  INFO 49436 --- [competition-management-service] [http-nio-8084-exec-3] org.league.app.filter.JWTFilter          : Extracted email: ylopatkin@gmail.com
2025-01-14T19:56:00.633+01:00  INFO 49436 --- [competition-management-service] [http-nio-8084-exec-3] org.league.app.filter.JWTFilter          : User email: ylopatkin@gmail.com
2025-01-14T19:56:00.671+01:00 ERROR 49436 --- [competition-management-service] [http-nio-8084-exec-3] o.a.c.c.C.[.[.[/].[dispatcherServlet]    : Servlet.service() for servlet [dispatcherServlet] in context with path [] threw exception [Request processing failed: feign.FeignException$Forbidden: [403] during [GET] to [http://sport-service/api/sport/get-sports-by-name?sportName=o] [SportClientFeign#findByNameSearch(String)]: []] with root cause

feign.FeignException$Forbidden: [403] during [GET] to [http://sport-service/api/sport/get-sports-by-name?sportName=o] [SportClientFeign#findByNameSearch(String)]: []
	at feign.FeignException.clientErrorStatus(FeignException.java:226) ~[feign-core-13.3.jar:na]
	at feign.FeignException.errorStatus(FeignException.java:203) ~[feign-core-13.3.jar:na]
	at feign.FeignException.errorStatus(FeignException.java:194) ~[feign-core-13.3.jar:na]
	at feign.codec.ErrorDecoder$Default.decode(ErrorDecoder.java:103) ~[feign-core-13.3.jar:na]
	at feign.InvocationContext.decodeError(InvocationContext.java:126) ~[feign-core-13.3.jar:na]
	at feign.InvocationContext.proceed(InvocationContext.java:72) ~[feign-core-13.3.jar:na]
	at feign.ResponseHandler.handleResponse(ResponseHandler.java:63) ~[feign-core-13.3.jar:na]
	at feign.SynchronousMethodHandler.executeAndDecode(SynchronousMethodHandler.java:114) ~[feign-core-13.3.jar:na]
	at feign.SynchronousMethodHandler.invoke(SynchronousMethodHandler.java:70) ~[feign-core-13.3.jar:na]
	at feign.ReflectiveFeign$FeignInvocationHandler.invoke(ReflectiveFeign.java:99) ~[feign-core-13.3.jar:na]
	at jdk.proxy2/jdk.proxy2.$Proxy170.findByNameSearch(Unknown Source) ~[na:na]
	at org.league.app.service.GameSystemService.searchGameSystem(GameSystemService.java:66) ~[classes/:na]
	at java.base/jdk.internal.reflect.DirectMethodHandleAccessor.invoke(DirectMethodHandleAccessor.java:103) ~[na:na]
	at java.base/java.lang.reflect.Method.invoke(Method.java:580) ~[na:na]
	at org.springframework.aop.support.AopUtils.invokeJoinpointUsingReflection(AopUtils.java:355) ~[spring-aop-6.1.13.jar:6.1.13]
	at org.springframework.aop.framework.ReflectiveMethodInvocation.invokeJoinpoint(ReflectiveMethodInvocation.java:196) ~[spring-aop-6.1.13.jar:6.1.13]
	at org.springframework.aop.framework.ReflectiveMethodInvocation.proceed(ReflectiveMethodInvocation.java:163) ~[spring-aop-6.1.13.jar:6.1.13]
	at org.springframework.aop.framework.CglibAopProxy$CglibMethodInvocation.proceed(CglibAopProxy.java:768) ~[spring-aop-6.1.13.jar:6.1.13]
	at org.springframework.transaction.interceptor.TransactionAspectSupport.invokeWithinTransaction(TransactionAspectSupport.java:379) ~[spring-tx-6.1.13.jar:6.1.13]
	at org.springframework.transaction.interceptor.TransactionInterceptor.invoke(TransactionInterceptor.java:119) ~[spring-tx-6.1.13.jar:6.1.13]
	at org.springframework.aop.framework.ReflectiveMethodInvocation.proceed(ReflectiveMethodInvocation.java:184) ~[spring-aop-6.1.13.jar:6.1.13]
	at org.springframework.aop.framework.CglibAopProxy$CglibMethodInvocation.proceed(CglibAopProxy.java:768) ~[spring-aop-6.1.13.jar:6.1.13]
	at org.springframework.aop.framework.CglibAopProxy$DynamicAdvisedInterceptor.intercept(CglibAopProxy.java:720) ~[spring-aop-6.1.13.jar:6.1.13]
	at org.league.app.service.GameSystemService$$SpringCGLIB$$0.searchGameSystem(<generated>) ~[classes/:na]
	at org.league.app.controller.GameSystemController.searchGameSystem(GameSystemController.java:40) ~[classes/:na]
	at java.base/jdk.internal.reflect.DirectMethodHandleAccessor.invoke(DirectMethodHandleAccessor.java:103) ~[na:na]
	at java.base/java.lang.reflect.Method.invoke(Method.java:580) ~[na:na]
	at org.springframework.web.method.support.InvocableHandlerMethod.doInvoke(InvocableHandlerMethod.java:255) ~[spring-web-6.1.13.jar:6.1.13]
	at org.springframework.web.method.support.InvocableHandlerMethod.invokeForRequest(InvocableHandlerMethod.java:188) ~[spring-web-6.1.13.jar:6.1.13]
	at org.springframework.web.servlet.mvc.method.annotation.ServletInvocableHandlerMethod.invokeAndHandle(ServletInvocableHandlerMethod.java:118) ~[spring-webmvc-6.1.13.jar:6.1.13]
	at org.springframework.web.servlet.mvc.method.annotation.RequestMappingHandlerAdapter.invokeHandlerMethod(RequestMappingHandlerAdapter.java:926) ~[spring-webmvc-6.1.13.jar:6.1.13]
	at org.springframework.web.servlet.mvc.method.annotation.RequestMappingHandlerAdapter.handleInternal(RequestMappingHandlerAdapter.java:831) ~[spring-webmvc-6.1.13.jar:6.1.13]
	at org.springframework.web.servlet.mvc.method.AbstractHandlerMethodAdapter.handle(AbstractHandlerMethodAdapter.java:87) ~[spring-webmvc-6.1.13.jar:6.1.13]
	at org.springframework.web.servlet.DispatcherServlet.doDispatch(DispatcherServlet.java:1089) ~[spring-webmvc-6.1.13.jar:6.1.13]
	at org.springframework.web.servlet.DispatcherServlet.doService(DispatcherServlet.java:979) ~[spring-webmvc-6.1.13.jar:6.1.13]
	at org.springframework.web.servlet.FrameworkServlet.processRequest(FrameworkServlet.java:1014) ~[spring-webmvc-6.1.13.jar:6.1.13]
	at org.springframework.web.servlet.FrameworkServlet.doGet(FrameworkServlet.java:903) ~[spring-webmvc-6.1.13.jar:6.1.13]
	at jakarta.servlet.http.HttpServlet.service(HttpServlet.java:564) ~[tomcat-embed-core-10.1.30.jar:6.0]
	at org.springframework.web.servlet.FrameworkServlet.service(FrameworkServlet.java:885) ~[spring-webmvc-6.1.13.jar:6.1.13]
	at jakarta.servlet.http.HttpServlet.service(HttpServlet.java:658) ~[tomcat-embed-core-10.1.30.jar:6.0]
	at org.apache.catalina.core.ApplicationFilterChain.internalDoFilter(ApplicationFilterChain.java:195) ~[tomcat-embed-core-10.1.30.jar:10.1.30]
	at org.apache.catalina.core.ApplicationFilterChain.doFilter(ApplicationFilterChain.java:140) ~[tomcat-embed-core-10.1.30.jar:10.1.30]
	at org.apache.tomcat.websocket.server.WsFilter.doFilter(WsFilter.java:51) ~[tomcat-embed-websocket-10.1.30.jar:10.1.30]
	at org.apache.catalina.core.ApplicationFilterChain.internalDoFilter(ApplicationFilterChain.java:164) ~[tomcat-embed-core-10.1.30.jar:10.1.30]
	at org.apache.catalina.core.ApplicationFilterChain.doFilter(ApplicationFilterChain.java:140) ~[tomcat-embed-core-10.1.30.jar:10.1.30]
	at org.springframework.web.filter.OncePerRequestFilter.doFilter(OncePerRequestFilter.java:110) ~[spring-web-6.1.13.jar:6.1.13]
	at org.apache.catalina.core.ApplicationFilterChain.internalDoFilter(ApplicationFilterChain.java:164) ~[tomcat-embed-core-10.1.30.jar:10.1.30]
	at org.apache.catalina.core.ApplicationFilterChain.doFilter(ApplicationFilterChain.java:140) ~[tomcat-embed-core-10.1.30.jar:10.1.30]
	at org.springframework.web.filter.CompositeFilter$VirtualFilterChain.doFilter(CompositeFilter.java:108) ~[spring-web-6.1.13.jar:6.1.13]
	at org.springframework.security.web.FilterChainProxy.lambda$doFilterInternal$3(FilterChainProxy.java:231) ~[spring-security-web-6.3.3.jar:6.3.3]
	at org.springframework.security.web.ObservationFilterChainDecorator$FilterObservation$SimpleFilterObservation.lambda$wrap$1(ObservationFilterChainDecorator.java:479) ~[spring-security-web-6.3.3.jar:6.3.3]
	at org.springframework.security.web.ObservationFilterChainDecorator$AroundFilterObservation$SimpleAroundFilterObservation.lambda$wrap$1(ObservationFilterChainDecorator.java:340) ~[spring-security-web-6.3.3.jar:6.3.3]
	at org.springframework.security.web.ObservationFilterChainDecorator.lambda$wrapSecured$0(ObservationFilterChainDecorator.java:82) ~[spring-security-web-6.3.3.jar:6.3.3]
	at org.springframework.security.web.ObservationFilterChainDecorator$VirtualFilterChain.doFilter(ObservationFilterChainDecorator.java:128) ~[spring-security-web-6.3.3.jar:6.3.3]
	at org.springframework.security.web.access.intercept.AuthorizationFilter.doFilter(AuthorizationFilter.java:100) ~[spring-security-web-6.3.3.jar:6.3.3]
	at org.springframework.security.web.ObservationFilterChainDecorator$ObservationFilter.wrapFilter(ObservationFilterChainDecorator.java:240) ~[spring-security-web-6.3.3.jar:6.3.3]
	at org.springframework.security.web.ObservationFilterChainDecorator$ObservationFilter.doFilter(ObservationFilterChainDecorator.java:227) ~[spring-security-web-6.3.3.jar:6.3.3]
	at org.springframework.security.web.ObservationFilterChainDecorator$VirtualFilterChain.doFilter(ObservationFilterChainDecorator.java:137) ~[spring-security-web-6.3.3.jar:6.3.3]
	at org.springframework.security.web.access.ExceptionTranslationFilter.doFilter(ExceptionTranslationFilter.java:126) ~[spring-security-web-6.3.3.jar:6.3.3]
	at org.springframework.security.web.access.ExceptionTranslationFilter.doFilter(ExceptionTranslationFilter.java:120) ~[spring-security-web-6.3.3.jar:6.3.3]
	at org.springframework.security.web.ObservationFilterChainDecorator$ObservationFilter.wrapFilter(ObservationFilterChainDecorator.java:240) ~[spring-security-web-6.3.3.jar:6.3.3]
	at org.springframework.security.web.ObservationFilterChainDecorator$ObservationFilter.doFilter(ObservationFilterChainDecorator.java:227) ~[spring-security-web-6.3.3.jar:6.3.3]
	at org.springframework.security.web.ObservationFilterChainDecorator$VirtualFilterChain.doFilter(ObservationFilterChainDecorator.java:137) ~[spring-security-web-6.3.3.jar:6.3.3]
	at org.springframework.security.web.session.SessionManagementFilter.doFilter(SessionManagementFilter.java:131) ~[spring-security-web-6.3.3.jar:6.3.3]
	at org.springframework.security.web.session.SessionManagementFilter.doFilter(SessionManagementFilter.java:85) ~[spring-security-web-6.3.3.jar:6.3.3]
	at org.springframework.security.web.ObservationFilterChainDecorator$ObservationFilter.wrapFilter(ObservationFilterChainDecorator.java:240) ~[spring-security-web-6.3.3.jar:6.3.3]
	at org.springframework.security.web.ObservationFilterChainDecorator$ObservationFilter.doFilter(ObservationFilterChainDecorator.java:227) ~[spring-security-web-6.3.3.jar:6.3.3]
	at org.springframework.security.web.ObservationFilterChainDecorator$VirtualFilterChain.doFilter(ObservationFilterChainDecorator.java:137) ~[spring-security-web-6.3.3.jar:6.3.3]
	at org.springframework.security.web.authentication.AnonymousAuthenticationFilter.doFilter(AnonymousAuthenticationFilter.java:100) ~[spring-security-web-6.3.3.jar:6.3.3]
	at org.springframework.security.web.ObservationFilterChainDecorator$ObservationFilter.wrapFilter(ObservationFilterChainDecorator.java:240) ~[spring-security-web-6.3.3.jar:6.3.3]
	at org.springframework.security.web.ObservationFilterChainDecorator$ObservationFilter.doFilter(ObservationFilterChainDecorator.java:227) ~[spring-security-web-6.3.3.jar:6.3.3]
	at org.springframework.security.web.ObservationFilterChainDecorator$VirtualFilterChain.doFilter(ObservationFilterChainDecorator.java:137) ~[spring-security-web-6.3.3.jar:6.3.3]
	at org.springframework.security.web.servletapi.SecurityContextHolderAwareRequestFilter.doFilter(SecurityContextHolderAwareRequestFilter.java:179) ~[spring-security-web-6.3.3.jar:6.3.3]
	at org.springframework.security.web.ObservationFilterChainDecorator$ObservationFilter.wrapFilter(ObservationFilterChainDecorator.java:240) ~[spring-security-web-6.3.3.jar:6.3.3]
	at org.springframework.security.web.ObservationFilterChainDecorator$ObservationFilter.doFilter(ObservationFilterChainDecorator.java:227) ~[spring-security-web-6.3.3.jar:6.3.3]
	at org.springframework.security.web.ObservationFilterChainDecorator$VirtualFilterChain.doFilter(ObservationFilterChainDecorator.java:137) ~[spring-security-web-6.3.3.jar:6.3.3]
	at org.springframework.security.web.savedrequest.RequestCacheAwareFilter.doFilter(RequestCacheAwareFilter.java:63) ~[spring-security-web-6.3.3.jar:6.3.3]
	at org.springframework.security.web.ObservationFilterChainDecorator$ObservationFilter.wrapFilter(ObservationFilterChainDecorator.java:240) ~[spring-security-web-6.3.3.jar:6.3.3]
	at org.springframework.security.web.ObservationFilterChainDecorator$ObservationFilter.doFilter(ObservationFilterChainDecorator.java:227) ~[spring-security-web-6.3.3.jar:6.3.3]
	at org.springframework.security.web.ObservationFilterChainDecorator$VirtualFilterChain.doFilter(ObservationFilterChainDecorator.java:137) ~[spring-security-web-6.3.3.jar:6.3.3]
	at org.league.app.filter.JWTFilter.doFilterInternal(JWTFilter.java:78) ~[classes/:na]
	at org.springframework.web.filter.OncePerRequestFilter.doFilter(OncePerRequestFilter.java:116) ~[spring-web-6.1.13.jar:6.1.13]
	at org.springframework.security.web.ObservationFilterChainDecorator$ObservationFilter.wrapFilter(ObservationFilterChainDecorator.java:240) ~[spring-security-web-6.3.3.jar:6.3.3]
	at org.springframework.security.web.ObservationFilterChainDecorator$ObservationFilter.doFilter(ObservationFilterChainDecorator.java:227) ~[spring-security-web-6.3.3.jar:6.3.3]
	at org.springframework.security.web.ObservationFilterChainDecorator$VirtualFilterChain.doFilter(ObservationFilterChainDecorator.java:137) ~[spring-security-web-6.3.3.jar:6.3.3]
	at org.springframework.security.web.authentication.logout.LogoutFilter.doFilter(LogoutFilter.java:107) ~[spring-security-web-6.3.3.jar:6.3.3]
	at org.springframework.security.web.authentication.logout.LogoutFilter.doFilter(LogoutFilter.java:93) ~[spring-security-web-6.3.3.jar:6.3.3]
	at org.springframework.security.web.ObservationFilterChainDecorator$ObservationFilter.wrapFilter(ObservationFilterChainDecorator.java:240) ~[spring-security-web-6.3.3.jar:6.3.3]
	at org.springframework.security.web.ObservationFilterChainDecorator$ObservationFilter.doFilter(ObservationFilterChainDecorator.java:227) ~[spring-security-web-6.3.3.jar:6.3.3]
	at org.springframework.security.web.ObservationFilterChainDecorator$VirtualFilterChain.doFilter(ObservationFilterChainDecorator.java:137) ~[spring-security-web-6.3.3.jar:6.3.3]
	at org.springframework.security.web.header.HeaderWriterFilter.doHeadersAfter(HeaderWriterFilter.java:90) ~[spring-security-web-6.3.3.jar:6.3.3]
	at org.springframework.security.web.header.HeaderWriterFilter.doFilterInternal(HeaderWriterFilter.java:75) ~[spring-security-web-6.3.3.jar:6.3.3]
	at org.springframework.web.filter.OncePerRequestFilter.doFilter(OncePerRequestFilter.java:116) ~[spring-web-6.1.13.jar:6.1.13]
	at org.springframework.security.web.ObservationFilterChainDecorator$ObservationFilter.wrapFilter(ObservationFilterChainDecorator.java:240) ~[spring-security-web-6.3.3.jar:6.3.3]
	at org.springframework.security.web.ObservationFilterChainDecorator$ObservationFilter.doFilter(ObservationFilterChainDecorator.java:227) ~[spring-security-web-6.3.3.jar:6.3.3]
	at org.springframework.security.web.ObservationFilterChainDecorator$VirtualFilterChain.doFilter(ObservationFilterChainDecorator.java:137) ~[spring-security-web-6.3.3.jar:6.3.3]
	at org.springframework.security.web.context.SecurityContextHolderFilter.doFilter(SecurityContextHolderFilter.java:82) ~[spring-security-web-6.3.3.jar:6.3.3]
	at org.springframework.security.web.context.SecurityContextHolderFilter.doFilter(SecurityContextHolderFilter.java:69) ~[spring-security-web-6.3.3.jar:6.3.3]
	at org.springframework.security.web.ObservationFilterChainDecorator$ObservationFilter.wrapFilter(ObservationFilterChainDecorator.java:240) ~[spring-security-web-6.3.3.jar:6.3.3]
	at org.springframework.security.web.ObservationFilterChainDecorator$ObservationFilter.doFilter(ObservationFilterChainDecorator.java:227) ~[spring-security-web-6.3.3.jar:6.3.3]
	at org.springframework.security.web.ObservationFilterChainDecorator$VirtualFilterChain.doFilter(ObservationFilterChainDecorator.java:137) ~[spring-security-web-6.3.3.jar:6.3.3]
	at org.springframework.security.web.context.request.async.WebAsyncManagerIntegrationFilter.doFilterInternal(WebAsyncManagerIntegrationFilter.java:62) ~[spring-security-web-6.3.3.jar:6.3.3]
	at org.springframework.web.filter.OncePerRequestFilter.doFilter(OncePerRequestFilter.java:116) ~[spring-web-6.1.13.jar:6.1.13]
	at org.springframework.security.web.ObservationFilterChainDecorator$ObservationFilter.wrapFilter(ObservationFilterChainDecorator.java:240) ~[spring-security-web-6.3.3.jar:6.3.3]
	at org.springframework.security.web.ObservationFilterChainDecorator$ObservationFilter.doFilter(ObservationFilterChainDecorator.java:227) ~[spring-security-web-6.3.3.jar:6.3.3]
	at org.springframework.security.web.ObservationFilterChainDecorator$VirtualFilterChain.doFilter(ObservationFilterChainDecorator.java:137) ~[spring-security-web-6.3.3.jar:6.3.3]
	at org.springframework.security.web.session.DisableEncodeUrlFilter.doFilterInternal(DisableEncodeUrlFilter.java:42) ~[spring-security-web-6.3.3.jar:6.3.3]
	at org.springframework.web.filter.OncePerRequestFilter.doFilter(OncePerRequestFilter.java:116) ~[spring-web-6.1.13.jar:6.1.13]
	at org.springframework.security.web.ObservationFilterChainDecorator$ObservationFilter.wrapFilter(ObservationFilterChainDecorator.java:240) ~[spring-security-web-6.3.3.jar:6.3.3]
	at org.springframework.security.web.ObservationFilterChainDecorator$AroundFilterObservation$SimpleAroundFilterObservation.lambda$wrap$0(ObservationFilterChainDecorator.java:323) ~[spring-security-web-6.3.3.jar:6.3.3]
	at org.springframework.security.web.ObservationFilterChainDecorator$ObservationFilter.doFilter(ObservationFilterChainDecorator.java:224) ~[spring-security-web-6.3.3.jar:6.3.3]
	at org.springframework.security.web.ObservationFilterChainDecorator$VirtualFilterChain.doFilter(ObservationFilterChainDecorator.java:137) ~[spring-security-web-6.3.3.jar:6.3.3]
	at org.springframework.security.web.FilterChainProxy.doFilterInternal(FilterChainProxy.java:233) ~[spring-security-web-6.3.3.jar:6.3.3]
	at org.springframework.security.web.FilterChainProxy.doFilter(FilterChainProxy.java:191) ~[spring-security-web-6.3.3.jar:6.3.3]
	at org.springframework.web.filter.CompositeFilter$VirtualFilterChain.doFilter(CompositeFilter.java:113) ~[spring-web-6.1.13.jar:6.1.13]
	at org.springframework.web.servlet.handler.HandlerMappingIntrospector.lambda$createCacheFilter$3(HandlerMappingIntrospector.java:195) ~[spring-webmvc-6.1.13.jar:6.1.13]
	at org.springframework.web.filter.CompositeFilter$VirtualFilterChain.doFilter(CompositeFilter.java:113) ~[spring-web-6.1.13.jar:6.1.13]
	at org.springframework.web.filter.CompositeFilter.doFilter(CompositeFilter.java:74) ~[spring-web-6.1.13.jar:6.1.13]
	at org.springframework.security.config.annotation.web.configuration.WebMvcSecurityConfiguration$CompositeFilterChainProxy.doFilter(WebMvcSecurityConfiguration.java:230) ~[spring-security-config-6.3.3.jar:6.3.3]
	at org.springframework.web.filter.DelegatingFilterProxy.invokeDelegate(DelegatingFilterProxy.java:352) ~[spring-web-6.1.13.jar:6.1.13]
	at org.springframework.web.filter.DelegatingFilterProxy.doFilter(DelegatingFilterProxy.java:268) ~[spring-web-6.1.13.jar:6.1.13]
	at org.apache.catalina.core.ApplicationFilterChain.internalDoFilter(ApplicationFilterChain.java:164) ~[tomcat-embed-core-10.1.30.jar:10.1.30]
	at org.apache.catalina.core.ApplicationFilterChain.doFilter(ApplicationFilterChain.java:140) ~[tomcat-embed-core-10.1.30.jar:10.1.30]
	at org.springframework.web.filter.RequestContextFilter.doFilterInternal(RequestContextFilter.java:100) ~[spring-web-6.1.13.jar:6.1.13]
	at org.springframework.web.filter.OncePerRequestFilter.doFilter(OncePerRequestFilter.java:116) ~[spring-web-6.1.13.jar:6.1.13]
	at org.apache.catalina.core.ApplicationFilterChain.internalDoFilter(ApplicationFilterChain.java:164) ~[tomcat-embed-core-10.1.30.jar:10.1.30]
	at org.apache.catalina.core.ApplicationFilterChain.doFilter(ApplicationFilterChain.java:140) ~[tomcat-embed-core-10.1.30.jar:10.1.30]
	at org.springframework.web.filter.FormContentFilter.doFilterInternal(FormContentFilter.java:93) ~[spring-web-6.1.13.jar:6.1.13]
	at org.springframework.web.filter.OncePerRequestFilter.doFilter(OncePerRequestFilter.java:116) ~[spring-web-6.1.13.jar:6.1.13]
	at org.apache.catalina.core.ApplicationFilterChain.internalDoFilter(ApplicationFilterChain.java:164) ~[tomcat-embed-core-10.1.30.jar:10.1.30]
	at org.apache.catalina.core.ApplicationFilterChain.doFilter(ApplicationFilterChain.java:140) ~[tomcat-embed-core-10.1.30.jar:10.1.30]
	at org.springframework.web.filter.ServerHttpObservationFilter.doFilterInternal(ServerHttpObservationFilter.java:113) ~[spring-web-6.1.13.jar:6.1.13]
	at org.springframework.web.filter.OncePerRequestFilter.doFilter(OncePerRequestFilter.java:116) ~[spring-web-6.1.13.jar:6.1.13]
	at org.apache.catalina.core.ApplicationFilterChain.internalDoFilter(ApplicationFilterChain.java:164) ~[tomcat-embed-core-10.1.30.jar:10.1.30]
	at org.apache.catalina.core.ApplicationFilterChain.doFilter(ApplicationFilterChain.java:140) ~[tomcat-embed-core-10.1.30.jar:10.1.30]
	at org.springframework.web.filter.CharacterEncodingFilter.doFilterInternal(CharacterEncodingFilter.java:201) ~[spring-web-6.1.13.jar:6.1.13]
	at org.springframework.web.filter.OncePerRequestFilter.doFilter(OncePerRequestFilter.java:116) ~[spring-web-6.1.13.jar:6.1.13]
	at org.apache.catalina.core.ApplicationFilterChain.internalDoFilter(ApplicationFilterChain.java:164) ~[tomcat-embed-core-10.1.30.jar:10.1.30]
	at org.apache.catalina.core.ApplicationFilterChain.doFilter(ApplicationFilterChain.java:140) ~[tomcat-embed-core-10.1.30.jar:10.1.30]
	at org.apache.catalina.core.StandardWrapperValve.invoke(StandardWrapperValve.java:167) ~[tomcat-embed-core-10.1.30.jar:10.1.30]
	at org.apache.catalina.core.StandardContextValve.invoke(StandardContextValve.java:90) ~[tomcat-embed-core-10.1.30.jar:10.1.30]
	at org.apache.catalina.authenticator.AuthenticatorBase.invoke(AuthenticatorBase.java:483) ~[tomcat-embed-core-10.1.30.jar:10.1.30]
	at org.apache.catalina.core.StandardHostValve.invoke(StandardHostValve.java:115) ~[tomcat-embed-core-10.1.30.jar:10.1.30]
	at org.apache.catalina.valves.ErrorReportValve.invoke(ErrorReportValve.java:93) ~[tomcat-embed-core-10.1.30.jar:10.1.30]
	at org.apache.catalina.core.StandardEngineValve.invoke(StandardEngineValve.java:74) ~[tomcat-embed-core-10.1.30.jar:10.1.30]
	at org.apache.catalina.connector.CoyoteAdapter.service(CoyoteAdapter.java:344) ~[tomcat-embed-core-10.1.30.jar:10.1.30]
	at org.apache.coyote.http11.Http11Processor.service(Http11Processor.java:384) ~[tomcat-embed-core-10.1.30.jar:10.1.30]
	at org.apache.coyote.AbstractProcessorLight.process(AbstractProcessorLight.java:63) ~[tomcat-embed-core-10.1.30.jar:10.1.30]
	at org.apache.coyote.AbstractProtocol$ConnectionHandler.process(AbstractProtocol.java:905) ~[tomcat-embed-core-10.1.30.jar:10.1.30]
	at org.apache.tomcat.util.net.NioEndpoint$SocketProcessor.doRun(NioEndpoint.java:1741) ~[tomcat-embed-core-10.1.30.jar:10.1.30]
	at org.apache.tomcat.util.net.SocketProcessorBase.run(SocketProcessorBase.java:52) ~[tomcat-embed-core-10.1.30.jar:10.1.30]
	at org.apache.tomcat.util.threads.ThreadPoolExecutor.runWorker(ThreadPoolExecutor.java:1190) ~[tomcat-embed-core-10.1.30.jar:10.1.30]
	at org.apache.tomcat.util.threads.ThreadPoolExecutor$Worker.run(ThreadPoolExecutor.java:659) ~[tomcat-embed-core-10.1.30.jar:10.1.30]
	at org.apache.tomcat.util.threads.TaskThread$WrappingRunnable.run(TaskThread.java:63) ~[tomcat-embed-core-10.1.30.jar:10.1.30]
	at java.base/java.lang.Thread.run(Thread.java:1583) ~[na:na]

2025-01-14T19:56:03.034+01:00  INFO 49436 --- [competition-management-service] [http-nio-8084-exec-4] org.league.app.filter.JWTFilter          : Extracted email: ylopatkin@gmail.com
2025-01-14T19:56:03.034+01:00  INFO 49436 --- [competition-management-service] [http-nio-8084-exec-4] org.league.app.filter.JWTFilter          : User email: ylopatkin@gmail.com
2025-01-14T19:56:03.073+01:00 ERROR 49436 --- [competition-management-service] [http-nio-8084-exec-4] o.a.c.c.C.[.[.[/].[dispatcherServlet]    : Servlet.service() for servlet [dispatcherServlet] in context with path [] threw exception [Request processing failed: feign.FeignException$Forbidden: [403] during [GET] to [http://sport-service/api/sport/get-sports-by-name?sportName=CS%3AGO] [SportClientFeign#findByNameSearch(String)]: []] with root cause

feign.FeignException$Forbidden: [403] during [GET] to [http://sport-service/api/sport/get-sports-by-name?sportName=CS%3AGO] [SportClientFeign#findByNameSearch(String)]: []
	at feign.FeignException.clientErrorStatus(FeignException.java:226) ~[feign-core-13.3.jar:na]
	at feign.FeignException.errorStatus(FeignException.java:203) ~[feign-core-13.3.jar:na]
	at feign.FeignException.errorStatus(FeignException.java:194) ~[feign-core-13.3.jar:na]
	at feign.codec.ErrorDecoder$Default.decode(ErrorDecoder.java:103) ~[feign-core-13.3.jar:na]
	at feign.InvocationContext.decodeError(InvocationContext.java:126) ~[feign-core-13.3.jar:na]
	at feign.InvocationContext.proceed(InvocationContext.java:72) ~[feign-core-13.3.jar:na]
	at feign.ResponseHandler.handleResponse(ResponseHandler.java:63) ~[feign-core-13.3.jar:na]
	at feign.SynchronousMethodHandler.executeAndDecode(SynchronousMethodHandler.java:114) ~[feign-core-13.3.jar:na]
	at feign.SynchronousMethodHandler.invoke(SynchronousMethodHandler.java:70) ~[feign-core-13.3.jar:na]
	at feign.ReflectiveFeign$FeignInvocationHandler.invoke(ReflectiveFeign.java:99) ~[feign-core-13.3.jar:na]
	at jdk.proxy2/jdk.proxy2.$Proxy170.findByNameSearch(Unknown Source) ~[na:na]
	at org.league.app.service.GameSystemService.searchGameSystem(GameSystemService.java:66) ~[classes/:na]
	at java.base/jdk.internal.reflect.DirectMethodHandleAccessor.invoke(DirectMethodHandleAccessor.java:103) ~[na:na]
	at java.base/java.lang.reflect.Method.invoke(Method.java:580) ~[na:na]
	at org.springframework.aop.support.AopUtils.invokeJoinpointUsingReflection(AopUtils.java:355) ~[spring-aop-6.1.13.jar:6.1.13]
	at org.springframework.aop.framework.ReflectiveMethodInvocation.invokeJoinpoint(ReflectiveMethodInvocation.java:196) ~[spring-aop-6.1.13.jar:6.1.13]
	at org.springframework.aop.framework.ReflectiveMethodInvocation.proceed(ReflectiveMethodInvocation.java:163) ~[spring-aop-6.1.13.jar:6.1.13]
	at org.springframework.aop.framework.CglibAopProxy$CglibMethodInvocation.proceed(CglibAopProxy.java:768) ~[spring-aop-6.1.13.jar:6.1.13]
	at org.springframework.transaction.interceptor.TransactionAspectSupport.invokeWithinTransaction(TransactionAspectSupport.java:379) ~[spring-tx-6.1.13.jar:6.1.13]
	at org.springframework.transaction.interceptor.TransactionInterceptor.invoke(TransactionInterceptor.java:119) ~[spring-tx-6.1.13.jar:6.1.13]
	at org.springframework.aop.framework.ReflectiveMethodInvocation.proceed(ReflectiveMethodInvocation.java:184) ~[spring-aop-6.1.13.jar:6.1.13]
	at org.springframework.aop.framework.CglibAopProxy$CglibMethodInvocation.proceed(CglibAopProxy.java:768) ~[spring-aop-6.1.13.jar:6.1.13]
	at org.springframework.aop.framework.CglibAopProxy$DynamicAdvisedInterceptor.intercept(CglibAopProxy.java:720) ~[spring-aop-6.1.13.jar:6.1.13]
	at org.league.app.service.GameSystemService$$SpringCGLIB$$0.searchGameSystem(<generated>) ~[classes/:na]
	at org.league.app.controller.GameSystemController.searchGameSystem(GameSystemController.java:40) ~[classes/:na]
	at java.base/jdk.internal.reflect.DirectMethodHandleAccessor.invoke(DirectMethodHandleAccessor.java:103) ~[na:na]
	at java.base/java.lang.reflect.Method.invoke(Method.java:580) ~[na:na]
	at org.springframework.web.method.support.InvocableHandlerMethod.doInvoke(InvocableHandlerMethod.java:255) ~[spring-web-6.1.13.jar:6.1.13]
	at org.springframework.web.method.support.InvocableHandlerMethod.invokeForRequest(InvocableHandlerMethod.java:188) ~[spring-web-6.1.13.jar:6.1.13]
	at org.springframework.web.servlet.mvc.method.annotation.ServletInvocableHandlerMethod.invokeAndHandle(ServletInvocableHandlerMethod.java:118) ~[spring-webmvc-6.1.13.jar:6.1.13]
	at org.springframework.web.servlet.mvc.method.annotation.RequestMappingHandlerAdapter.invokeHandlerMethod(RequestMappingHandlerAdapter.java:926) ~[spring-webmvc-6.1.13.jar:6.1.13]
	at org.springframework.web.servlet.mvc.method.annotation.RequestMappingHandlerAdapter.handleInternal(RequestMappingHandlerAdapter.java:831) ~[spring-webmvc-6.1.13.jar:6.1.13]
	at org.springframework.web.servlet.mvc.method.AbstractHandlerMethodAdapter.handle(AbstractHandlerMethodAdapter.java:87) ~[spring-webmvc-6.1.13.jar:6.1.13]
	at org.springframework.web.servlet.DispatcherServlet.doDispatch(DispatcherServlet.java:1089) ~[spring-webmvc-6.1.13.jar:6.1.13]
	at org.springframework.web.servlet.DispatcherServlet.doService(DispatcherServlet.java:979) ~[spring-webmvc-6.1.13.jar:6.1.13]
	at org.springframework.web.servlet.FrameworkServlet.processRequest(FrameworkServlet.java:1014) ~[spring-webmvc-6.1.13.jar:6.1.13]
	at org.springframework.web.servlet.FrameworkServlet.doGet(FrameworkServlet.java:903) ~[spring-webmvc-6.1.13.jar:6.1.13]
	at jakarta.servlet.http.HttpServlet.service(HttpServlet.java:564) ~[tomcat-embed-core-10.1.30.jar:6.0]
	at org.springframework.web.servlet.FrameworkServlet.service(FrameworkServlet.java:885) ~[spring-webmvc-6.1.13.jar:6.1.13]
	at jakarta.servlet.http.HttpServlet.service(HttpServlet.java:658) ~[tomcat-embed-core-10.1.30.jar:6.0]
	at org.apache.catalina.core.ApplicationFilterChain.internalDoFilter(ApplicationFilterChain.java:195) ~[tomcat-embed-core-10.1.30.jar:10.1.30]
	at org.apache.catalina.core.ApplicationFilterChain.doFilter(ApplicationFilterChain.java:140) ~[tomcat-embed-core-10.1.30.jar:10.1.30]
	at org.apache.tomcat.websocket.server.WsFilter.doFilter(WsFilter.java:51) ~[tomcat-embed-websocket-10.1.30.jar:10.1.30]
	at org.apache.catalina.core.ApplicationFilterChain.internalDoFilter(ApplicationFilterChain.java:164) ~[tomcat-embed-core-10.1.30.jar:10.1.30]
	at org.apache.catalina.core.ApplicationFilterChain.doFilter(ApplicationFilterChain.java:140) ~[tomcat-embed-core-10.1.30.jar:10.1.30]
	at org.springframework.web.filter.OncePerRequestFilter.doFilter(OncePerRequestFilter.java:110) ~[spring-web-6.1.13.jar:6.1.13]
	at org.apache.catalina.core.ApplicationFilterChain.internalDoFilter(ApplicationFilterChain.java:164) ~[tomcat-embed-core-10.1.30.jar:10.1.30]
	at org.apache.catalina.core.ApplicationFilterChain.doFilter(ApplicationFilterChain.java:140) ~[tomcat-embed-core-10.1.30.jar:10.1.30]
	at org.springframework.web.filter.CompositeFilter$VirtualFilterChain.doFilter(CompositeFilter.java:108) ~[spring-web-6.1.13.jar:6.1.13]
	at org.springframework.security.web.FilterChainProxy.lambda$doFilterInternal$3(FilterChainProxy.java:231) ~[spring-security-web-6.3.3.jar:6.3.3]
	at org.springframework.security.web.ObservationFilterChainDecorator$FilterObservation$SimpleFilterObservation.lambda$wrap$1(ObservationFilterChainDecorator.java:479) ~[spring-security-web-6.3.3.jar:6.3.3]
	at org.springframework.security.web.ObservationFilterChainDecorator$AroundFilterObservation$SimpleAroundFilterObservation.lambda$wrap$1(ObservationFilterChainDecorator.java:340) ~[spring-security-web-6.3.3.jar:6.3.3]
	at org.springframework.security.web.ObservationFilterChainDecorator.lambda$wrapSecured$0(ObservationFilterChainDecorator.java:82) ~[spring-security-web-6.3.3.jar:6.3.3]
	at org.springframework.security.web.ObservationFilterChainDecorator$VirtualFilterChain.doFilter(ObservationFilterChainDecorator.java:128) ~[spring-security-web-6.3.3.jar:6.3.3]
	at org.springframework.security.web.access.intercept.AuthorizationFilter.doFilter(AuthorizationFilter.java:100) ~[spring-security-web-6.3.3.jar:6.3.3]
	at org.springframework.security.web.ObservationFilterChainDecorator$ObservationFilter.wrapFilter(ObservationFilterChainDecorator.java:240) ~[spring-security-web-6.3.3.jar:6.3.3]
	at org.springframework.security.web.ObservationFilterChainDecorator$ObservationFilter.doFilter(ObservationFilterChainDecorator.java:227) ~[spring-security-web-6.3.3.jar:6.3.3]
	at org.springframework.security.web.ObservationFilterChainDecorator$VirtualFilterChain.doFilter(ObservationFilterChainDecorator.java:137) ~[spring-security-web-6.3.3.jar:6.3.3]
	at org.springframework.security.web.access.ExceptionTranslationFilter.doFilter(ExceptionTranslationFilter.java:126) ~[spring-security-web-6.3.3.jar:6.3.3]
	at org.springframework.security.web.access.ExceptionTranslationFilter.doFilter(ExceptionTranslationFilter.java:120) ~[spring-security-web-6.3.3.jar:6.3.3]
	at org.springframework.security.web.ObservationFilterChainDecorator$ObservationFilter.wrapFilter(ObservationFilterChainDecorator.java:240) ~[spring-security-web-6.3.3.jar:6.3.3]
	at org.springframework.security.web.ObservationFilterChainDecorator$ObservationFilter.doFilter(ObservationFilterChainDecorator.java:227) ~[spring-security-web-6.3.3.jar:6.3.3]
	at org.springframework.security.web.ObservationFilterChainDecorator$VirtualFilterChain.doFilter(ObservationFilterChainDecorator.java:137) ~[spring-security-web-6.3.3.jar:6.3.3]
	at org.springframework.security.web.session.SessionManagementFilter.doFilter(SessionManagementFilter.java:131) ~[spring-security-web-6.3.3.jar:6.3.3]
	at org.springframework.security.web.session.SessionManagementFilter.doFilter(SessionManagementFilter.java:85) ~[spring-security-web-6.3.3.jar:6.3.3]
	at org.springframework.security.web.ObservationFilterChainDecorator$ObservationFilter.wrapFilter(ObservationFilterChainDecorator.java:240) ~[spring-security-web-6.3.3.jar:6.3.3]
	at org.springframework.security.web.ObservationFilterChainDecorator$ObservationFilter.doFilter(ObservationFilterChainDecorator.java:227) ~[spring-security-web-6.3.3.jar:6.3.3]
	at org.springframework.security.web.ObservationFilterChainDecorator$VirtualFilterChain.doFilter(ObservationFilterChainDecorator.java:137) ~[spring-security-web-6.3.3.jar:6.3.3]
	at org.springframework.security.web.authentication.AnonymousAuthenticationFilter.doFilter(AnonymousAuthenticationFilter.java:100) ~[spring-security-web-6.3.3.jar:6.3.3]
	at org.springframework.security.web.ObservationFilterChainDecorator$ObservationFilter.wrapFilter(ObservationFilterChainDecorator.java:240) ~[spring-security-web-6.3.3.jar:6.3.3]
	at org.springframework.security.web.ObservationFilterChainDecorator$ObservationFilter.doFilter(ObservationFilterChainDecorator.java:227) ~[spring-security-web-6.3.3.jar:6.3.3]
	at org.springframework.security.web.ObservationFilterChainDecorator$VirtualFilterChain.doFilter(ObservationFilterChainDecorator.java:137) ~[spring-security-web-6.3.3.jar:6.3.3]
	at org.springframework.security.web.servletapi.SecurityContextHolderAwareRequestFilter.doFilter(SecurityContextHolderAwareRequestFilter.java:179) ~[spring-security-web-6.3.3.jar:6.3.3]
	at org.springframework.security.web.ObservationFilterChainDecorator$ObservationFilter.wrapFilter(ObservationFilterChainDecorator.java:240) ~[spring-security-web-6.3.3.jar:6.3.3]
	at org.springframework.security.web.ObservationFilterChainDecorator$ObservationFilter.doFilter(ObservationFilterChainDecorator.java:227) ~[spring-security-web-6.3.3.jar:6.3.3]
	at org.springframework.security.web.ObservationFilterChainDecorator$VirtualFilterChain.doFilter(ObservationFilterChainDecorator.java:137) ~[spring-security-web-6.3.3.jar:6.3.3]
	at org.springframework.security.web.savedrequest.RequestCacheAwareFilter.doFilter(RequestCacheAwareFilter.java:63) ~[spring-security-web-6.3.3.jar:6.3.3]
	at org.springframework.security.web.ObservationFilterChainDecorator$ObservationFilter.wrapFilter(ObservationFilterChainDecorator.java:240) ~[spring-security-web-6.3.3.jar:6.3.3]
	at org.springframework.security.web.ObservationFilterChainDecorator$ObservationFilter.doFilter(ObservationFilterChainDecorator.java:227) ~[spring-security-web-6.3.3.jar:6.3.3]
	at org.springframework.security.web.ObservationFilterChainDecorator$VirtualFilterChain.doFilter(ObservationFilterChainDecorator.java:137) ~[spring-security-web-6.3.3.jar:6.3.3]
	at org.league.app.filter.JWTFilter.doFilterInternal(JWTFilter.java:78) ~[classes/:na]
	at org.springframework.web.filter.OncePerRequestFilter.doFilter(OncePerRequestFilter.java:116) ~[spring-web-6.1.13.jar:6.1.13]
	at org.springframework.security.web.ObservationFilterChainDecorator$ObservationFilter.wrapFilter(ObservationFilterChainDecorator.java:240) ~[spring-security-web-6.3.3.jar:6.3.3]
	at org.springframework.security.web.ObservationFilterChainDecorator$ObservationFilter.doFilter(ObservationFilterChainDecorator.java:227) ~[spring-security-web-6.3.3.jar:6.3.3]
	at org.springframework.security.web.ObservationFilterChainDecorator$VirtualFilterChain.doFilter(ObservationFilterChainDecorator.java:137) ~[spring-security-web-6.3.3.jar:6.3.3]
	at org.springframework.security.web.authentication.logout.LogoutFilter.doFilter(LogoutFilter.java:107) ~[spring-security-web-6.3.3.jar:6.3.3]
	at org.springframework.security.web.authentication.logout.LogoutFilter.doFilter(LogoutFilter.java:93) ~[spring-security-web-6.3.3.jar:6.3.3]
	at org.springframework.security.web.ObservationFilterChainDecorator$ObservationFilter.wrapFilter(ObservationFilterChainDecorator.java:240) ~[spring-security-web-6.3.3.jar:6.3.3]
	at org.springframework.security.web.ObservationFilterChainDecorator$ObservationFilter.doFilter(ObservationFilterChainDecorator.java:227) ~[spring-security-web-6.3.3.jar:6.3.3]
	at org.springframework.security.web.ObservationFilterChainDecorator$VirtualFilterChain.doFilter(ObservationFilterChainDecorator.java:137) ~[spring-security-web-6.3.3.jar:6.3.3]
	at org.springframework.security.web.header.HeaderWriterFilter.doHeadersAfter(HeaderWriterFilter.java:90) ~[spring-security-web-6.3.3.jar:6.3.3]
	at org.springframework.security.web.header.HeaderWriterFilter.doFilterInternal(HeaderWriterFilter.java:75) ~[spring-security-web-6.3.3.jar:6.3.3]
	at org.springframework.web.filter.OncePerRequestFilter.doFilter(OncePerRequestFilter.java:116) ~[spring-web-6.1.13.jar:6.1.13]
	at org.springframework.security.web.ObservationFilterChainDecorator$ObservationFilter.wrapFilter(ObservationFilterChainDecorator.java:240) ~[spring-security-web-6.3.3.jar:6.3.3]
	at org.springframework.security.web.ObservationFilterChainDecorator$ObservationFilter.doFilter(ObservationFilterChainDecorator.java:227) ~[spring-security-web-6.3.3.jar:6.3.3]
	at org.springframework.security.web.ObservationFilterChainDecorator$VirtualFilterChain.doFilter(ObservationFilterChainDecorator.java:137) ~[spring-security-web-6.3.3.jar:6.3.3]
	at org.springframework.security.web.context.SecurityContextHolderFilter.doFilter(SecurityContextHolderFilter.java:82) ~[spring-security-web-6.3.3.jar:6.3.3]
	at org.springframework.security.web.context.SecurityContextHolderFilter.doFilter(SecurityContextHolderFilter.java:69) ~[spring-security-web-6.3.3.jar:6.3.3]
	at org.springframework.security.web.ObservationFilterChainDecorator$ObservationFilter.wrapFilter(ObservationFilterChainDecorator.java:240) ~[spring-security-web-6.3.3.jar:6.3.3]
	at org.springframework.security.web.ObservationFilterChainDecorator$ObservationFilter.doFilter(ObservationFilterChainDecorator.java:227) ~[spring-security-web-6.3.3.jar:6.3.3]
	at org.springframework.security.web.ObservationFilterChainDecorator$VirtualFilterChain.doFilter(ObservationFilterChainDecorator.java:137) ~[spring-security-web-6.3.3.jar:6.3.3]
	at org.springframework.security.web.context.request.async.WebAsyncManagerIntegrationFilter.doFilterInternal(WebAsyncManagerIntegrationFilter.java:62) ~[spring-security-web-6.3.3.jar:6.3.3]
	at org.springframework.web.filter.OncePerRequestFilter.doFilter(OncePerRequestFilter.java:116) ~[spring-web-6.1.13.jar:6.1.13]
	at org.springframework.security.web.ObservationFilterChainDecorator$ObservationFilter.wrapFilter(ObservationFilterChainDecorator.java:240) ~[spring-security-web-6.3.3.jar:6.3.3]
	at org.springframework.security.web.ObservationFilterChainDecorator$ObservationFilter.doFilter(ObservationFilterChainDecorator.java:227) ~[spring-security-web-6.3.3.jar:6.3.3]
	at org.springframework.security.web.ObservationFilterChainDecorator$VirtualFilterChain.doFilter(ObservationFilterChainDecorator.java:137) ~[spring-security-web-6.3.3.jar:6.3.3]
	at org.springframework.security.web.session.DisableEncodeUrlFilter.doFilterInternal(DisableEncodeUrlFilter.java:42) ~[spring-security-web-6.3.3.jar:6.3.3]
	at org.springframework.web.filter.OncePerRequestFilter.doFilter(OncePerRequestFilter.java:116) ~[spring-web-6.1.13.jar:6.1.13]
	at org.springframework.security.web.ObservationFilterChainDecorator$ObservationFilter.wrapFilter(ObservationFilterChainDecorator.java:240) ~[spring-security-web-6.3.3.jar:6.3.3]
	at org.springframework.security.web.ObservationFilterChainDecorator$AroundFilterObservation$SimpleAroundFilterObservation.lambda$wrap$0(ObservationFilterChainDecorator.java:323) ~[spring-security-web-6.3.3.jar:6.3.3]
	at org.springframework.security.web.ObservationFilterChainDecorator$ObservationFilter.doFilter(ObservationFilterChainDecorator.java:224) ~[spring-security-web-6.3.3.jar:6.3.3]
	at org.springframework.security.web.ObservationFilterChainDecorator$VirtualFilterChain.doFilter(ObservationFilterChainDecorator.java:137) ~[spring-security-web-6.3.3.jar:6.3.3]
	at org.springframework.security.web.FilterChainProxy.doFilterInternal(FilterChainProxy.java:233) ~[spring-security-web-6.3.3.jar:6.3.3]
	at org.springframework.security.web.FilterChainProxy.doFilter(FilterChainProxy.java:191) ~[spring-security-web-6.3.3.jar:6.3.3]
	at org.springframework.web.filter.CompositeFilter$VirtualFilterChain.doFilter(CompositeFilter.java:113) ~[spring-web-6.1.13.jar:6.1.13]
	at org.springframework.web.servlet.handler.HandlerMappingIntrospector.lambda$createCacheFilter$3(HandlerMappingIntrospector.java:195) ~[spring-webmvc-6.1.13.jar:6.1.13]
	at org.springframework.web.filter.CompositeFilter$VirtualFilterChain.doFilter(CompositeFilter.java:113) ~[spring-web-6.1.13.jar:6.1.13]
	at org.springframework.web.filter.CompositeFilter.doFilter(CompositeFilter.java:74) ~[spring-web-6.1.13.jar:6.1.13]
	at org.springframework.security.config.annotation.web.configuration.WebMvcSecurityConfiguration$CompositeFilterChainProxy.doFilter(WebMvcSecurityConfiguration.java:230) ~[spring-security-config-6.3.3.jar:6.3.3]
	at org.springframework.web.filter.DelegatingFilterProxy.invokeDelegate(DelegatingFilterProxy.java:352) ~[spring-web-6.1.13.jar:6.1.13]
	at org.springframework.web.filter.DelegatingFilterProxy.doFilter(DelegatingFilterProxy.java:268) ~[spring-web-6.1.13.jar:6.1.13]
	at org.apache.catalina.core.ApplicationFilterChain.internalDoFilter(ApplicationFilterChain.java:164) ~[tomcat-embed-core-10.1.30.jar:10.1.30]
	at org.apache.catalina.core.ApplicationFilterChain.doFilter(ApplicationFilterChain.java:140) ~[tomcat-embed-core-10.1.30.jar:10.1.30]
	at org.springframework.web.filter.RequestContextFilter.doFilterInternal(RequestContextFilter.java:100) ~[spring-web-6.1.13.jar:6.1.13]
	at org.springframework.web.filter.OncePerRequestFilter.doFilter(OncePerRequestFilter.java:116) ~[spring-web-6.1.13.jar:6.1.13]
	at org.apache.catalina.core.ApplicationFilterChain.internalDoFilter(ApplicationFilterChain.java:164) ~[tomcat-embed-core-10.1.30.jar:10.1.30]
	at org.apache.catalina.core.ApplicationFilterChain.doFilter(ApplicationFilterChain.java:140) ~[tomcat-embed-core-10.1.30.jar:10.1.30]
	at org.springframework.web.filter.FormContentFilter.doFilterInternal(FormContentFilter.java:93) ~[spring-web-6.1.13.jar:6.1.13]
	at org.springframework.web.filter.OncePerRequestFilter.doFilter(OncePerRequestFilter.java:116) ~[spring-web-6.1.13.jar:6.1.13]
	at org.apache.catalina.core.ApplicationFilterChain.internalDoFilter(ApplicationFilterChain.java:164) ~[tomcat-embed-core-10.1.30.jar:10.1.30]
	at org.apache.catalina.core.ApplicationFilterChain.doFilter(ApplicationFilterChain.java:140) ~[tomcat-embed-core-10.1.30.jar:10.1.30]
	at org.springframework.web.filter.ServerHttpObservationFilter.doFilterInternal(ServerHttpObservationFilter.java:113) ~[spring-web-6.1.13.jar:6.1.13]
	at org.springframework.web.filter.OncePerRequestFilter.doFilter(OncePerRequestFilter.java:116) ~[spring-web-6.1.13.jar:6.1.13]
	at org.apache.catalina.core.ApplicationFilterChain.internalDoFilter(ApplicationFilterChain.java:164) ~[tomcat-embed-core-10.1.30.jar:10.1.30]
	at org.apache.catalina.core.ApplicationFilterChain.doFilter(ApplicationFilterChain.java:140) ~[tomcat-embed-core-10.1.30.jar:10.1.30]
	at org.springframework.web.filter.CharacterEncodingFilter.doFilterInternal(CharacterEncodingFilter.java:201) ~[spring-web-6.1.13.jar:6.1.13]
	at org.springframework.web.filter.OncePerRequestFilter.doFilter(OncePerRequestFilter.java:116) ~[spring-web-6.1.13.jar:6.1.13]
	at org.apache.catalina.core.ApplicationFilterChain.internalDoFilter(ApplicationFilterChain.java:164) ~[tomcat-embed-core-10.1.30.jar:10.1.30]
	at org.apache.catalina.core.ApplicationFilterChain.doFilter(ApplicationFilterChain.java:140) ~[tomcat-embed-core-10.1.30.jar:10.1.30]
	at org.apache.catalina.core.StandardWrapperValve.invoke(StandardWrapperValve.java:167) ~[tomcat-embed-core-10.1.30.jar:10.1.30]
	at org.apache.catalina.core.StandardContextValve.invoke(StandardContextValve.java:90) ~[tomcat-embed-core-10.1.30.jar:10.1.30]
	at org.apache.catalina.authenticator.AuthenticatorBase.invoke(AuthenticatorBase.java:483) ~[tomcat-embed-core-10.1.30.jar:10.1.30]
	at org.apache.catalina.core.StandardHostValve.invoke(StandardHostValve.java:115) ~[tomcat-embed-core-10.1.30.jar:10.1.30]
	at org.apache.catalina.valves.ErrorReportValve.invoke(ErrorReportValve.java:93) ~[tomcat-embed-core-10.1.30.jar:10.1.30]
	at org.apache.catalina.core.StandardEngineValve.invoke(StandardEngineValve.java:74) ~[tomcat-embed-core-10.1.30.jar:10.1.30]
	at org.apache.catalina.connector.CoyoteAdapter.service(CoyoteAdapter.java:344) ~[tomcat-embed-core-10.1.30.jar:10.1.30]
	at org.apache.coyote.http11.Http11Processor.service(Http11Processor.java:384) ~[tomcat-embed-core-10.1.30.jar:10.1.30]
	at org.apache.coyote.AbstractProcessorLight.process(AbstractProcessorLight.java:63) ~[tomcat-embed-core-10.1.30.jar:10.1.30]
	at org.apache.coyote.AbstractProtocol$ConnectionHandler.process(AbstractProtocol.java:905) ~[tomcat-embed-core-10.1.30.jar:10.1.30]
	at org.apache.tomcat.util.net.NioEndpoint$SocketProcessor.doRun(NioEndpoint.java:1741) ~[tomcat-embed-core-10.1.30.jar:10.1.30]
	at org.apache.tomcat.util.net.SocketProcessorBase.run(SocketProcessorBase.java:52) ~[tomcat-embed-core-10.1.30.jar:10.1.30]
	at org.apache.tomcat.util.threads.ThreadPoolExecutor.runWorker(ThreadPoolExecutor.java:1190) ~[tomcat-embed-core-10.1.30.jar:10.1.30]
	at org.apache.tomcat.util.threads.ThreadPoolExecutor$Worker.run(ThreadPoolExecutor.java:659) ~[tomcat-embed-core-10.1.30.jar:10.1.30]
	at org.apache.tomcat.util.threads.TaskThread$WrappingRunnable.run(TaskThread.java:63) ~[tomcat-embed-core-10.1.30.jar:10.1.30]
	at java.base/java.lang.Thread.run(Thread.java:1583) ~[na:na]

2025-01-14T19:57:07.040+01:00  INFO 49436 --- [competition-management-service] [SpringApplicationShutdownHook] j.LocalContainerEntityManagerFactoryBean : Closing JPA EntityManagerFactory for persistence unit 'default'
2025-01-14T19:57:07.044+01:00  INFO 49436 --- [competition-management-service] [SpringApplicationShutdownHook] com.zaxxer.hikari.HikariDataSource       : HikariPool-1 - Shutdown initiated...
2025-01-14T19:57:07.051+01:00  INFO 49436 --- [competition-management-service] [SpringApplicationShutdownHook] com.zaxxer.hikari.HikariDataSource       : HikariPool-1 - Shutdown completed.
2025-01-14T19:57:07.052+01:00  INFO 49436 --- [competition-management-service] [SpringApplicationShutdownHook] o.s.c.c.s.ConsulServiceRegistry          : Deregistering service with consul: competition-management-service-8084
2025-01-14T19:57:40.792+01:00  INFO 43536 --- [competition-management-service] [main] .CompetitionManagementServiceApplication : Starting CompetitionManagementServiceApplication using Java 21.0.5 with PID 43536 (E:\important\ProLeagueManager\backend\competition-management-service\target\classes started by ylopa in E:\important\ProLeagueManager)
2025-01-14T19:57:40.795+01:00  INFO 43536 --- [competition-management-service] [main] .CompetitionManagementServiceApplication : No active profile set, falling back to 1 default profile: "default"
2025-01-14T19:57:42.119+01:00  INFO 43536 --- [competition-management-service] [main] .s.d.r.c.RepositoryConfigurationDelegate : Bootstrapping Spring Data JPA repositories in DEFAULT mode.
2025-01-14T19:57:42.332+01:00  INFO 43536 --- [competition-management-service] [main] .s.d.r.c.RepositoryConfigurationDelegate : Finished Spring Data repository scanning in 204 ms. Found 4 JPA repository interfaces.
2025-01-14T19:57:42.760+01:00  INFO 43536 --- [competition-management-service] [main] o.s.cloud.context.scope.GenericScope     : BeanFactory id=43e92a26-a0c8-341a-8e34-7d02ead5589e
2025-01-14T19:57:43.132+01:00  WARN 43536 --- [competition-management-service] [main] trationDelegate$BeanPostProcessorChecker : Bean 'org.springframework.cloud.client.loadbalancer.LoadBalancerAutoConfiguration$DeferringLoadBalancerInterceptorConfig' of type [org.springframework.cloud.client.loadbalancer.LoadBalancerAutoConfiguration$DeferringLoadBalancerInterceptorConfig] is not eligible for getting processed by all BeanPostProcessors (for example: not eligible for auto-proxying). The currently created BeanPostProcessor [lbRestClientPostProcessor] is declared through a non-static factory method on that class; consider declaring it as static instead.
2025-01-14T19:57:43.136+01:00  WARN 43536 --- [competition-management-service] [main] trationDelegate$BeanPostProcessorChecker : Bean 'deferringLoadBalancerInterceptor' of type [org.springframework.cloud.client.loadbalancer.DeferringLoadBalancerInterceptor] is not eligible for getting processed by all BeanPostProcessors (for example: not eligible for auto-proxying). Is this bean getting eagerly injected into a currently created BeanPostProcessor [lbRestClientPostProcessor]? Check the corresponding BeanPostProcessor declaration and its dependencies.
2025-01-14T19:57:43.489+01:00  INFO 43536 --- [competition-management-service] [main] o.s.b.w.embedded.tomcat.TomcatWebServer  : Tomcat initialized with port 8084 (http)
2025-01-14T19:57:43.511+01:00  INFO 43536 --- [competition-management-service] [main] o.apache.catalina.core.StandardService   : Starting service [Tomcat]
2025-01-14T19:57:43.512+01:00  INFO 43536 --- [competition-management-service] [main] o.apache.catalina.core.StandardEngine    : Starting Servlet engine: [Apache Tomcat/10.1.30]
2025-01-14T19:57:43.598+01:00  INFO 43536 --- [competition-management-service] [main] o.a.c.c.C.[Tomcat].[localhost].[/]       : Initializing Spring embedded WebApplicationContext
2025-01-14T19:57:43.599+01:00  INFO 43536 --- [competition-management-service] [main] w.s.c.ServletWebServerApplicationContext : Root WebApplicationContext: initialization completed in 2750 ms
2025-01-14T19:57:43.938+01:00  INFO 43536 --- [competition-management-service] [main] o.s.c.openfeign.FeignClientFactoryBean   : For 'user-service' URL not provided. Will try picking an instance via load-balancing.
2025-01-14T19:57:44.568+01:00  INFO 43536 --- [competition-management-service] [main] o.hibernate.jpa.internal.util.LogHelper  : HHH000204: Processing PersistenceUnitInfo [name: default]
2025-01-14T19:57:44.709+01:00  INFO 43536 --- [competition-management-service] [main] org.hibernate.Version                    : HHH000412: Hibernate ORM core version 6.5.3.Final
2025-01-14T19:57:44.867+01:00  INFO 43536 --- [competition-management-service] [main] o.h.c.internal.RegionFactoryInitiator    : HHH000026: Second-level cache disabled
2025-01-14T19:57:45.412+01:00  INFO 43536 --- [competition-management-service] [main] o.s.o.j.p.SpringPersistenceUnitInfo      : No LoadTimeWeaver setup: ignoring JPA class transformer
2025-01-14T19:57:45.461+01:00  INFO 43536 --- [competition-management-service] [main] com.zaxxer.hikari.HikariDataSource       : HikariPool-1 - Starting...
2025-01-14T19:57:45.662+01:00  INFO 43536 --- [competition-management-service] [main] com.zaxxer.hikari.pool.HikariPool        : HikariPool-1 - Added connection org.postgresql.jdbc.PgConnection@2041c9a3
2025-01-14T19:57:45.665+01:00  INFO 43536 --- [competition-management-service] [main] com.zaxxer.hikari.HikariDataSource       : HikariPool-1 - Start completed.
2025-01-14T19:57:46.956+01:00  INFO 43536 --- [competition-management-service] [main] o.h.e.t.j.p.i.JtaPlatformInitiator       : HHH000489: No JTA platform available (set 'hibernate.transaction.jta.platform' to enable JTA platform integration)
2025-01-14T19:57:47.141+01:00  INFO 43536 --- [competition-management-service] [main] j.LocalContainerEntityManagerFactoryBean : Initialized JPA EntityManagerFactory for persistence unit 'default'
2025-01-14T19:57:47.211+01:00  INFO 43536 --- [competition-management-service] [main] o.s.c.openfeign.FeignClientFactoryBean   : For 'sport-service' URL not provided. Will try picking an instance via load-balancing.
2025-01-14T19:57:47.678+01:00  WARN 43536 --- [competition-management-service] [main] .s.s.UserDetailsServiceAutoConfiguration : 

Using generated security password: 930ca033-306f-49d9-abaf-0e06cff3bbe4

This generated password is for development use only. Your security configuration must be updated before running your application in production.

2025-01-14T19:57:47.696+01:00  INFO 43536 --- [competition-management-service] [main] r$InitializeUserDetailsManagerConfigurer : Global AuthenticationManager configured with UserDetailsService bean with name inMemoryUserDetailsManager
2025-01-14T19:57:48.204+01:00  INFO 43536 --- [competition-management-service] [main] o.s.b.a.e.web.EndpointLinksResolver      : Exposing 1 endpoint beneath base path '/actuator'
2025-01-14T19:57:48.955+01:00  WARN 43536 --- [competition-management-service] [main] iguration$LoadBalancerCaffeineWarnLogger : Spring Cloud LoadBalancer is currently working with the default cache. While this cache implementation is useful for development and tests, it's recommended to use Caffeine cache in production.You can switch to using Caffeine cache, by adding it and org.springframework.cache.caffeine.CaffeineCacheManager to the classpath.
2025-01-14T19:57:49.065+01:00  INFO 43536 --- [competition-management-service] [main] o.s.b.w.embedded.tomcat.TomcatWebServer  : Tomcat started on port 8084 (http) with context path '/'
2025-01-14T19:57:49.068+01:00  INFO 43536 --- [competition-management-service] [main] o.s.c.c.s.ConsulServiceRegistry          : Registering service with consul: NewService{id='competition-management-service-8084', name='competition-management-service', tags=[], address='100.106.2.30', meta={secure=false}, port=8084, enableTagOverride=null, check=Check{script='null', dockerContainerID='null', shell='null', interval='10s', ttl='null', http='http://100.106.2.30:8084/actuator/health', method='null', header={}, tcp='null', timeout='null', deregisterCriticalServiceAfter='null', tlsSkipVerify=null, status='null', grpc='null', grpcUseTLS=null}, checks=null}
2025-01-14T19:57:49.111+01:00  INFO 43536 --- [competition-management-service] [main] .CompetitionManagementServiceApplication : Started CompetitionManagementServiceApplication in 9.425 seconds (process running for 10.33)
2025-01-14T19:57:49.561+01:00  INFO 43536 --- [competition-management-service] [RMI TCP Connection(2)-172.25.208.1] o.a.c.c.C.[Tomcat].[localhost].[/]       : Initializing Spring DispatcherServlet 'dispatcherServlet'
2025-01-14T19:57:49.561+01:00  INFO 43536 --- [competition-management-service] [RMI TCP Connection(2)-172.25.208.1] o.s.web.servlet.DispatcherServlet        : Initializing Servlet 'dispatcherServlet'
2025-01-14T19:57:49.565+01:00  INFO 43536 --- [competition-management-service] [RMI TCP Connection(2)-172.25.208.1] o.s.web.servlet.DispatcherServlet        : Completed initialization in 4 ms
2025-01-14T19:58:01.272+01:00  INFO 43536 --- [competition-management-service] [http-nio-8084-exec-2] org.league.app.filter.JWTFilter          : Extracted email: ylopatkin@gmail.com
2025-01-14T19:58:01.272+01:00  INFO 43536 --- [competition-management-service] [http-nio-8084-exec-2] org.league.app.filter.JWTFilter          : User email: ylopatkin@gmail.com
2025-01-14T19:58:04.794+01:00  INFO 43536 --- [competition-management-service] [http-nio-8084-exec-4] org.league.app.filter.JWTFilter          : Extracted email: ylopatkin@gmail.com
2025-01-14T19:58:04.794+01:00  INFO 43536 --- [competition-management-service] [http-nio-8084-exec-4] org.league.app.filter.JWTFilter          : User email: ylopatkin@gmail.com
2025-01-14T19:58:04.939+01:00 ERROR 43536 --- [competition-management-service] [http-nio-8084-exec-4] o.a.c.c.C.[.[.[/].[dispatcherServlet]    : Servlet.service() for servlet [dispatcherServlet] in context with path [] threw exception [Request processing failed: feign.FeignException$Forbidden: [403] during [GET] to [http://sport-service/api/sport/get-sports-by-name?sportName=0] [SportClientFeign#findByNameSearch(String)]: []] with root cause

feign.FeignException$Forbidden: [403] during [GET] to [http://sport-service/api/sport/get-sports-by-name?sportName=0] [SportClientFeign#findByNameSearch(String)]: []
	at feign.FeignException.clientErrorStatus(FeignException.java:226) ~[feign-core-13.3.jar:na]
	at feign.FeignException.errorStatus(FeignException.java:203) ~[feign-core-13.3.jar:na]
	at feign.FeignException.errorStatus(FeignException.java:194) ~[feign-core-13.3.jar:na]
	at feign.codec.ErrorDecoder$Default.decode(ErrorDecoder.java:103) ~[feign-core-13.3.jar:na]
	at feign.InvocationContext.decodeError(InvocationContext.java:126) ~[feign-core-13.3.jar:na]
	at feign.InvocationContext.proceed(InvocationContext.java:72) ~[feign-core-13.3.jar:na]
	at feign.ResponseHandler.handleResponse(ResponseHandler.java:63) ~[feign-core-13.3.jar:na]
	at feign.SynchronousMethodHandler.executeAndDecode(SynchronousMethodHandler.java:114) ~[feign-core-13.3.jar:na]
	at feign.SynchronousMethodHandler.invoke(SynchronousMethodHandler.java:70) ~[feign-core-13.3.jar:na]
	at feign.ReflectiveFeign$FeignInvocationHandler.invoke(ReflectiveFeign.java:99) ~[feign-core-13.3.jar:na]
	at jdk.proxy2/jdk.proxy2.$Proxy170.findByNameSearch(Unknown Source) ~[na:na]
	at org.league.app.service.GameSystemService.searchGameSystem(GameSystemService.java:66) ~[classes/:na]
	at java.base/jdk.internal.reflect.DirectMethodHandleAccessor.invoke(DirectMethodHandleAccessor.java:103) ~[na:na]
	at java.base/java.lang.reflect.Method.invoke(Method.java:580) ~[na:na]
	at org.springframework.aop.support.AopUtils.invokeJoinpointUsingReflection(AopUtils.java:355) ~[spring-aop-6.1.13.jar:6.1.13]
	at org.springframework.aop.framework.ReflectiveMethodInvocation.invokeJoinpoint(ReflectiveMethodInvocation.java:196) ~[spring-aop-6.1.13.jar:6.1.13]
	at org.springframework.aop.framework.ReflectiveMethodInvocation.proceed(ReflectiveMethodInvocation.java:163) ~[spring-aop-6.1.13.jar:6.1.13]
	at org.springframework.aop.framework.CglibAopProxy$CglibMethodInvocation.proceed(CglibAopProxy.java:768) ~[spring-aop-6.1.13.jar:6.1.13]
	at org.springframework.transaction.interceptor.TransactionAspectSupport.invokeWithinTransaction(TransactionAspectSupport.java:379) ~[spring-tx-6.1.13.jar:6.1.13]
	at org.springframework.transaction.interceptor.TransactionInterceptor.invoke(TransactionInterceptor.java:119) ~[spring-tx-6.1.13.jar:6.1.13]
	at org.springframework.aop.framework.ReflectiveMethodInvocation.proceed(ReflectiveMethodInvocation.java:184) ~[spring-aop-6.1.13.jar:6.1.13]
	at org.springframework.aop.framework.CglibAopProxy$CglibMethodInvocation.proceed(CglibAopProxy.java:768) ~[spring-aop-6.1.13.jar:6.1.13]
	at org.springframework.aop.framework.CglibAopProxy$DynamicAdvisedInterceptor.intercept(CglibAopProxy.java:720) ~[spring-aop-6.1.13.jar:6.1.13]
	at org.league.app.service.GameSystemService$$SpringCGLIB$$0.searchGameSystem(<generated>) ~[classes/:na]
	at org.league.app.controller.GameSystemController.searchGameSystem(GameSystemController.java:40) ~[classes/:na]
	at java.base/jdk.internal.reflect.DirectMethodHandleAccessor.invoke(DirectMethodHandleAccessor.java:103) ~[na:na]
	at java.base/java.lang.reflect.Method.invoke(Method.java:580) ~[na:na]
	at org.springframework.web.method.support.InvocableHandlerMethod.doInvoke(InvocableHandlerMethod.java:255) ~[spring-web-6.1.13.jar:6.1.13]
	at org.springframework.web.method.support.InvocableHandlerMethod.invokeForRequest(InvocableHandlerMethod.java:188) ~[spring-web-6.1.13.jar:6.1.13]
	at org.springframework.web.servlet.mvc.method.annotation.ServletInvocableHandlerMethod.invokeAndHandle(ServletInvocableHandlerMethod.java:118) ~[spring-webmvc-6.1.13.jar:6.1.13]
	at org.springframework.web.servlet.mvc.method.annotation.RequestMappingHandlerAdapter.invokeHandlerMethod(RequestMappingHandlerAdapter.java:926) ~[spring-webmvc-6.1.13.jar:6.1.13]
	at org.springframework.web.servlet.mvc.method.annotation.RequestMappingHandlerAdapter.handleInternal(RequestMappingHandlerAdapter.java:831) ~[spring-webmvc-6.1.13.jar:6.1.13]
	at org.springframework.web.servlet.mvc.method.AbstractHandlerMethodAdapter.handle(AbstractHandlerMethodAdapter.java:87) ~[spring-webmvc-6.1.13.jar:6.1.13]
	at org.springframework.web.servlet.DispatcherServlet.doDispatch(DispatcherServlet.java:1089) ~[spring-webmvc-6.1.13.jar:6.1.13]
	at org.springframework.web.servlet.DispatcherServlet.doService(DispatcherServlet.java:979) ~[spring-webmvc-6.1.13.jar:6.1.13]
	at org.springframework.web.servlet.FrameworkServlet.processRequest(FrameworkServlet.java:1014) ~[spring-webmvc-6.1.13.jar:6.1.13]
	at org.springframework.web.servlet.FrameworkServlet.doGet(FrameworkServlet.java:903) ~[spring-webmvc-6.1.13.jar:6.1.13]
	at jakarta.servlet.http.HttpServlet.service(HttpServlet.java:564) ~[tomcat-embed-core-10.1.30.jar:6.0]
	at org.springframework.web.servlet.FrameworkServlet.service(FrameworkServlet.java:885) ~[spring-webmvc-6.1.13.jar:6.1.13]
	at jakarta.servlet.http.HttpServlet.service(HttpServlet.java:658) ~[tomcat-embed-core-10.1.30.jar:6.0]
	at org.apache.catalina.core.ApplicationFilterChain.internalDoFilter(ApplicationFilterChain.java:195) ~[tomcat-embed-core-10.1.30.jar:10.1.30]
	at org.apache.catalina.core.ApplicationFilterChain.doFilter(ApplicationFilterChain.java:140) ~[tomcat-embed-core-10.1.30.jar:10.1.30]
	at org.apache.tomcat.websocket.server.WsFilter.doFilter(WsFilter.java:51) ~[tomcat-embed-websocket-10.1.30.jar:10.1.30]
	at org.apache.catalina.core.ApplicationFilterChain.internalDoFilter(ApplicationFilterChain.java:164) ~[tomcat-embed-core-10.1.30.jar:10.1.30]
	at org.apache.catalina.core.ApplicationFilterChain.doFilter(ApplicationFilterChain.java:140) ~[tomcat-embed-core-10.1.30.jar:10.1.30]
	at org.springframework.web.filter.OncePerRequestFilter.doFilter(OncePerRequestFilter.java:110) ~[spring-web-6.1.13.jar:6.1.13]
	at org.apache.catalina.core.ApplicationFilterChain.internalDoFilter(ApplicationFilterChain.java:164) ~[tomcat-embed-core-10.1.30.jar:10.1.30]
	at org.apache.catalina.core.ApplicationFilterChain.doFilter(ApplicationFilterChain.java:140) ~[tomcat-embed-core-10.1.30.jar:10.1.30]
	at org.springframework.web.filter.CompositeFilter$VirtualFilterChain.doFilter(CompositeFilter.java:108) ~[spring-web-6.1.13.jar:6.1.13]
	at org.springframework.security.web.FilterChainProxy.lambda$doFilterInternal$3(FilterChainProxy.java:231) ~[spring-security-web-6.3.3.jar:6.3.3]
	at org.springframework.security.web.ObservationFilterChainDecorator$FilterObservation$SimpleFilterObservation.lambda$wrap$1(ObservationFilterChainDecorator.java:479) ~[spring-security-web-6.3.3.jar:6.3.3]
	at org.springframework.security.web.ObservationFilterChainDecorator$AroundFilterObservation$SimpleAroundFilterObservation.lambda$wrap$1(ObservationFilterChainDecorator.java:340) ~[spring-security-web-6.3.3.jar:6.3.3]
	at org.springframework.security.web.ObservationFilterChainDecorator.lambda$wrapSecured$0(ObservationFilterChainDecorator.java:82) ~[spring-security-web-6.3.3.jar:6.3.3]
	at org.springframework.security.web.ObservationFilterChainDecorator$VirtualFilterChain.doFilter(ObservationFilterChainDecorator.java:128) ~[spring-security-web-6.3.3.jar:6.3.3]
	at org.springframework.security.web.access.intercept.AuthorizationFilter.doFilter(AuthorizationFilter.java:100) ~[spring-security-web-6.3.3.jar:6.3.3]
	at org.springframework.security.web.ObservationFilterChainDecorator$ObservationFilter.wrapFilter(ObservationFilterChainDecorator.java:240) ~[spring-security-web-6.3.3.jar:6.3.3]
	at org.springframework.security.web.ObservationFilterChainDecorator$ObservationFilter.doFilter(ObservationFilterChainDecorator.java:227) ~[spring-security-web-6.3.3.jar:6.3.3]
	at org.springframework.security.web.ObservationFilterChainDecorator$VirtualFilterChain.doFilter(ObservationFilterChainDecorator.java:137) ~[spring-security-web-6.3.3.jar:6.3.3]
	at org.springframework.security.web.access.ExceptionTranslationFilter.doFilter(ExceptionTranslationFilter.java:126) ~[spring-security-web-6.3.3.jar:6.3.3]
	at org.springframework.security.web.access.ExceptionTranslationFilter.doFilter(ExceptionTranslationFilter.java:120) ~[spring-security-web-6.3.3.jar:6.3.3]
	at org.springframework.security.web.ObservationFilterChainDecorator$ObservationFilter.wrapFilter(ObservationFilterChainDecorator.java:240) ~[spring-security-web-6.3.3.jar:6.3.3]
	at org.springframework.security.web.ObservationFilterChainDecorator$ObservationFilter.doFilter(ObservationFilterChainDecorator.java:227) ~[spring-security-web-6.3.3.jar:6.3.3]
	at org.springframework.security.web.ObservationFilterChainDecorator$VirtualFilterChain.doFilter(ObservationFilterChainDecorator.java:137) ~[spring-security-web-6.3.3.jar:6.3.3]
	at org.springframework.security.web.session.SessionManagementFilter.doFilter(SessionManagementFilter.java:131) ~[spring-security-web-6.3.3.jar:6.3.3]
	at org.springframework.security.web.session.SessionManagementFilter.doFilter(SessionManagementFilter.java:85) ~[spring-security-web-6.3.3.jar:6.3.3]
	at org.springframework.security.web.ObservationFilterChainDecorator$ObservationFilter.wrapFilter(ObservationFilterChainDecorator.java:240) ~[spring-security-web-6.3.3.jar:6.3.3]
	at org.springframework.security.web.ObservationFilterChainDecorator$ObservationFilter.doFilter(ObservationFilterChainDecorator.java:227) ~[spring-security-web-6.3.3.jar:6.3.3]
	at org.springframework.security.web.ObservationFilterChainDecorator$VirtualFilterChain.doFilter(ObservationFilterChainDecorator.java:137) ~[spring-security-web-6.3.3.jar:6.3.3]
	at org.springframework.security.web.authentication.AnonymousAuthenticationFilter.doFilter(AnonymousAuthenticationFilter.java:100) ~[spring-security-web-6.3.3.jar:6.3.3]
	at org.springframework.security.web.ObservationFilterChainDecorator$ObservationFilter.wrapFilter(ObservationFilterChainDecorator.java:240) ~[spring-security-web-6.3.3.jar:6.3.3]
	at org.springframework.security.web.ObservationFilterChainDecorator$ObservationFilter.doFilter(ObservationFilterChainDecorator.java:227) ~[spring-security-web-6.3.3.jar:6.3.3]
	at org.springframework.security.web.ObservationFilterChainDecorator$VirtualFilterChain.doFilter(ObservationFilterChainDecorator.java:137) ~[spring-security-web-6.3.3.jar:6.3.3]
	at org.springframework.security.web.servletapi.SecurityContextHolderAwareRequestFilter.doFilter(SecurityContextHolderAwareRequestFilter.java:179) ~[spring-security-web-6.3.3.jar:6.3.3]
	at org.springframework.security.web.ObservationFilterChainDecorator$ObservationFilter.wrapFilter(ObservationFilterChainDecorator.java:240) ~[spring-security-web-6.3.3.jar:6.3.3]
	at org.springframework.security.web.ObservationFilterChainDecorator$ObservationFilter.doFilter(ObservationFilterChainDecorator.java:227) ~[spring-security-web-6.3.3.jar:6.3.3]
	at org.springframework.security.web.ObservationFilterChainDecorator$VirtualFilterChain.doFilter(ObservationFilterChainDecorator.java:137) ~[spring-security-web-6.3.3.jar:6.3.3]
	at org.springframework.security.web.savedrequest.RequestCacheAwareFilter.doFilter(RequestCacheAwareFilter.java:63) ~[spring-security-web-6.3.3.jar:6.3.3]
	at org.springframework.security.web.ObservationFilterChainDecorator$ObservationFilter.wrapFilter(ObservationFilterChainDecorator.java:240) ~[spring-security-web-6.3.3.jar:6.3.3]
	at org.springframework.security.web.ObservationFilterChainDecorator$ObservationFilter.doFilter(ObservationFilterChainDecorator.java:227) ~[spring-security-web-6.3.3.jar:6.3.3]
	at org.springframework.security.web.ObservationFilterChainDecorator$VirtualFilterChain.doFilter(ObservationFilterChainDecorator.java:137) ~[spring-security-web-6.3.3.jar:6.3.3]
	at org.league.app.filter.JWTFilter.doFilterInternal(JWTFilter.java:78) ~[classes/:na]
	at org.springframework.web.filter.OncePerRequestFilter.doFilter(OncePerRequestFilter.java:116) ~[spring-web-6.1.13.jar:6.1.13]
	at org.springframework.security.web.ObservationFilterChainDecorator$ObservationFilter.wrapFilter(ObservationFilterChainDecorator.java:240) ~[spring-security-web-6.3.3.jar:6.3.3]
	at org.springframework.security.web.ObservationFilterChainDecorator$ObservationFilter.doFilter(ObservationFilterChainDecorator.java:227) ~[spring-security-web-6.3.3.jar:6.3.3]
	at org.springframework.security.web.ObservationFilterChainDecorator$VirtualFilterChain.doFilter(ObservationFilterChainDecorator.java:137) ~[spring-security-web-6.3.3.jar:6.3.3]
	at org.springframework.security.web.authentication.logout.LogoutFilter.doFilter(LogoutFilter.java:107) ~[spring-security-web-6.3.3.jar:6.3.3]
	at org.springframework.security.web.authentication.logout.LogoutFilter.doFilter(LogoutFilter.java:93) ~[spring-security-web-6.3.3.jar:6.3.3]
	at org.springframework.security.web.ObservationFilterChainDecorator$ObservationFilter.wrapFilter(ObservationFilterChainDecorator.java:240) ~[spring-security-web-6.3.3.jar:6.3.3]
	at org.springframework.security.web.ObservationFilterChainDecorator$ObservationFilter.doFilter(ObservationFilterChainDecorator.java:227) ~[spring-security-web-6.3.3.jar:6.3.3]
	at org.springframework.security.web.ObservationFilterChainDecorator$VirtualFilterChain.doFilter(ObservationFilterChainDecorator.java:137) ~[spring-security-web-6.3.3.jar:6.3.3]
	at org.springframework.security.web.header.HeaderWriterFilter.doHeadersAfter(HeaderWriterFilter.java:90) ~[spring-security-web-6.3.3.jar:6.3.3]
	at org.springframework.security.web.header.HeaderWriterFilter.doFilterInternal(HeaderWriterFilter.java:75) ~[spring-security-web-6.3.3.jar:6.3.3]
	at org.springframework.web.filter.OncePerRequestFilter.doFilter(OncePerRequestFilter.java:116) ~[spring-web-6.1.13.jar:6.1.13]
	at org.springframework.security.web.ObservationFilterChainDecorator$ObservationFilter.wrapFilter(ObservationFilterChainDecorator.java:240) ~[spring-security-web-6.3.3.jar:6.3.3]
	at org.springframework.security.web.ObservationFilterChainDecorator$ObservationFilter.doFilter(ObservationFilterChainDecorator.java:227) ~[spring-security-web-6.3.3.jar:6.3.3]
	at org.springframework.security.web.ObservationFilterChainDecorator$VirtualFilterChain.doFilter(ObservationFilterChainDecorator.java:137) ~[spring-security-web-6.3.3.jar:6.3.3]
	at org.springframework.security.web.context.SecurityContextHolderFilter.doFilter(SecurityContextHolderFilter.java:82) ~[spring-security-web-6.3.3.jar:6.3.3]
	at org.springframework.security.web.context.SecurityContextHolderFilter.doFilter(SecurityContextHolderFilter.java:69) ~[spring-security-web-6.3.3.jar:6.3.3]
	at org.springframework.security.web.ObservationFilterChainDecorator$ObservationFilter.wrapFilter(ObservationFilterChainDecorator.java:240) ~[spring-security-web-6.3.3.jar:6.3.3]
	at org.springframework.security.web.ObservationFilterChainDecorator$ObservationFilter.doFilter(ObservationFilterChainDecorator.java:227) ~[spring-security-web-6.3.3.jar:6.3.3]
	at org.springframework.security.web.ObservationFilterChainDecorator$VirtualFilterChain.doFilter(ObservationFilterChainDecorator.java:137) ~[spring-security-web-6.3.3.jar:6.3.3]
	at org.springframework.security.web.context.request.async.WebAsyncManagerIntegrationFilter.doFilterInternal(WebAsyncManagerIntegrationFilter.java:62) ~[spring-security-web-6.3.3.jar:6.3.3]
	at org.springframework.web.filter.OncePerRequestFilter.doFilter(OncePerRequestFilter.java:116) ~[spring-web-6.1.13.jar:6.1.13]
	at org.springframework.security.web.ObservationFilterChainDecorator$ObservationFilter.wrapFilter(ObservationFilterChainDecorator.java:240) ~[spring-security-web-6.3.3.jar:6.3.3]
	at org.springframework.security.web.ObservationFilterChainDecorator$ObservationFilter.doFilter(ObservationFilterChainDecorator.java:227) ~[spring-security-web-6.3.3.jar:6.3.3]
	at org.springframework.security.web.ObservationFilterChainDecorator$VirtualFilterChain.doFilter(ObservationFilterChainDecorator.java:137) ~[spring-security-web-6.3.3.jar:6.3.3]
	at org.springframework.security.web.session.DisableEncodeUrlFilter.doFilterInternal(DisableEncodeUrlFilter.java:42) ~[spring-security-web-6.3.3.jar:6.3.3]
	at org.springframework.web.filter.OncePerRequestFilter.doFilter(OncePerRequestFilter.java:116) ~[spring-web-6.1.13.jar:6.1.13]
	at org.springframework.security.web.ObservationFilterChainDecorator$ObservationFilter.wrapFilter(ObservationFilterChainDecorator.java:240) ~[spring-security-web-6.3.3.jar:6.3.3]
	at org.springframework.security.web.ObservationFilterChainDecorator$AroundFilterObservation$SimpleAroundFilterObservation.lambda$wrap$0(ObservationFilterChainDecorator.java:323) ~[spring-security-web-6.3.3.jar:6.3.3]
	at org.springframework.security.web.ObservationFilterChainDecorator$ObservationFilter.doFilter(ObservationFilterChainDecorator.java:224) ~[spring-security-web-6.3.3.jar:6.3.3]
	at org.springframework.security.web.ObservationFilterChainDecorator$VirtualFilterChain.doFilter(ObservationFilterChainDecorator.java:137) ~[spring-security-web-6.3.3.jar:6.3.3]
	at org.springframework.security.web.FilterChainProxy.doFilterInternal(FilterChainProxy.java:233) ~[spring-security-web-6.3.3.jar:6.3.3]
	at org.springframework.security.web.FilterChainProxy.doFilter(FilterChainProxy.java:191) ~[spring-security-web-6.3.3.jar:6.3.3]
	at org.springframework.web.filter.CompositeFilter$VirtualFilterChain.doFilter(CompositeFilter.java:113) ~[spring-web-6.1.13.jar:6.1.13]
	at org.springframework.web.servlet.handler.HandlerMappingIntrospector.lambda$createCacheFilter$3(HandlerMappingIntrospector.java:195) ~[spring-webmvc-6.1.13.jar:6.1.13]
	at org.springframework.web.filter.CompositeFilter$VirtualFilterChain.doFilter(CompositeFilter.java:113) ~[spring-web-6.1.13.jar:6.1.13]
	at org.springframework.web.filter.CompositeFilter.doFilter(CompositeFilter.java:74) ~[spring-web-6.1.13.jar:6.1.13]
	at org.springframework.security.config.annotation.web.configuration.WebMvcSecurityConfiguration$CompositeFilterChainProxy.doFilter(WebMvcSecurityConfiguration.java:230) ~[spring-security-config-6.3.3.jar:6.3.3]
	at org.springframework.web.filter.DelegatingFilterProxy.invokeDelegate(DelegatingFilterProxy.java:352) ~[spring-web-6.1.13.jar:6.1.13]
	at org.springframework.web.filter.DelegatingFilterProxy.doFilter(DelegatingFilterProxy.java:268) ~[spring-web-6.1.13.jar:6.1.13]
	at org.apache.catalina.core.ApplicationFilterChain.internalDoFilter(ApplicationFilterChain.java:164) ~[tomcat-embed-core-10.1.30.jar:10.1.30]
	at org.apache.catalina.core.ApplicationFilterChain.doFilter(ApplicationFilterChain.java:140) ~[tomcat-embed-core-10.1.30.jar:10.1.30]
	at org.springframework.web.filter.RequestContextFilter.doFilterInternal(RequestContextFilter.java:100) ~[spring-web-6.1.13.jar:6.1.13]
	at org.springframework.web.filter.OncePerRequestFilter.doFilter(OncePerRequestFilter.java:116) ~[spring-web-6.1.13.jar:6.1.13]
	at org.apache.catalina.core.ApplicationFilterChain.internalDoFilter(ApplicationFilterChain.java:164) ~[tomcat-embed-core-10.1.30.jar:10.1.30]
	at org.apache.catalina.core.ApplicationFilterChain.doFilter(ApplicationFilterChain.java:140) ~[tomcat-embed-core-10.1.30.jar:10.1.30]
	at org.springframework.web.filter.FormContentFilter.doFilterInternal(FormContentFilter.java:93) ~[spring-web-6.1.13.jar:6.1.13]
	at org.springframework.web.filter.OncePerRequestFilter.doFilter(OncePerRequestFilter.java:116) ~[spring-web-6.1.13.jar:6.1.13]
	at org.apache.catalina.core.ApplicationFilterChain.internalDoFilter(ApplicationFilterChain.java:164) ~[tomcat-embed-core-10.1.30.jar:10.1.30]
	at org.apache.catalina.core.ApplicationFilterChain.doFilter(ApplicationFilterChain.java:140) ~[tomcat-embed-core-10.1.30.jar:10.1.30]
	at org.springframework.web.filter.ServerHttpObservationFilter.doFilterInternal(ServerHttpObservationFilter.java:113) ~[spring-web-6.1.13.jar:6.1.13]
	at org.springframework.web.filter.OncePerRequestFilter.doFilter(OncePerRequestFilter.java:116) ~[spring-web-6.1.13.jar:6.1.13]
	at org.apache.catalina.core.ApplicationFilterChain.internalDoFilter(ApplicationFilterChain.java:164) ~[tomcat-embed-core-10.1.30.jar:10.1.30]
	at org.apache.catalina.core.ApplicationFilterChain.doFilter(ApplicationFilterChain.java:140) ~[tomcat-embed-core-10.1.30.jar:10.1.30]
	at org.springframework.web.filter.CharacterEncodingFilter.doFilterInternal(CharacterEncodingFilter.java:201) ~[spring-web-6.1.13.jar:6.1.13]
	at org.springframework.web.filter.OncePerRequestFilter.doFilter(OncePerRequestFilter.java:116) ~[spring-web-6.1.13.jar:6.1.13]
	at org.apache.catalina.core.ApplicationFilterChain.internalDoFilter(ApplicationFilterChain.java:164) ~[tomcat-embed-core-10.1.30.jar:10.1.30]
	at org.apache.catalina.core.ApplicationFilterChain.doFilter(ApplicationFilterChain.java:140) ~[tomcat-embed-core-10.1.30.jar:10.1.30]
	at org.apache.catalina.core.StandardWrapperValve.invoke(StandardWrapperValve.java:167) ~[tomcat-embed-core-10.1.30.jar:10.1.30]
	at org.apache.catalina.core.StandardContextValve.invoke(StandardContextValve.java:90) ~[tomcat-embed-core-10.1.30.jar:10.1.30]
	at org.apache.catalina.authenticator.AuthenticatorBase.invoke(AuthenticatorBase.java:483) ~[tomcat-embed-core-10.1.30.jar:10.1.30]
	at org.apache.catalina.core.StandardHostValve.invoke(StandardHostValve.java:115) ~[tomcat-embed-core-10.1.30.jar:10.1.30]
	at org.apache.catalina.valves.ErrorReportValve.invoke(ErrorReportValve.java:93) ~[tomcat-embed-core-10.1.30.jar:10.1.30]
	at org.apache.catalina.core.StandardEngineValve.invoke(StandardEngineValve.java:74) ~[tomcat-embed-core-10.1.30.jar:10.1.30]
	at org.apache.catalina.connector.CoyoteAdapter.service(CoyoteAdapter.java:344) ~[tomcat-embed-core-10.1.30.jar:10.1.30]
	at org.apache.coyote.http11.Http11Processor.service(Http11Processor.java:384) ~[tomcat-embed-core-10.1.30.jar:10.1.30]
	at org.apache.coyote.AbstractProcessorLight.process(AbstractProcessorLight.java:63) ~[tomcat-embed-core-10.1.30.jar:10.1.30]
	at org.apache.coyote.AbstractProtocol$ConnectionHandler.process(AbstractProtocol.java:905) ~[tomcat-embed-core-10.1.30.jar:10.1.30]
	at org.apache.tomcat.util.net.NioEndpoint$SocketProcessor.doRun(NioEndpoint.java:1741) ~[tomcat-embed-core-10.1.30.jar:10.1.30]
	at org.apache.tomcat.util.net.SocketProcessorBase.run(SocketProcessorBase.java:52) ~[tomcat-embed-core-10.1.30.jar:10.1.30]
	at org.apache.tomcat.util.threads.ThreadPoolExecutor.runWorker(ThreadPoolExecutor.java:1190) ~[tomcat-embed-core-10.1.30.jar:10.1.30]
	at org.apache.tomcat.util.threads.ThreadPoolExecutor$Worker.run(ThreadPoolExecutor.java:659) ~[tomcat-embed-core-10.1.30.jar:10.1.30]
	at org.apache.tomcat.util.threads.TaskThread$WrappingRunnable.run(TaskThread.java:63) ~[tomcat-embed-core-10.1.30.jar:10.1.30]
	at java.base/java.lang.Thread.run(Thread.java:1583) ~[na:na]

2025-01-14T19:58:07.334+01:00  INFO 43536 --- [competition-management-service] [http-nio-8084-exec-5] org.league.app.filter.JWTFilter          : Extracted email: ylopatkin@gmail.com
2025-01-14T19:58:07.334+01:00  INFO 43536 --- [competition-management-service] [http-nio-8084-exec-5] org.league.app.filter.JWTFilter          : User email: ylopatkin@gmail.com
2025-01-14T19:58:07.390+01:00 ERROR 43536 --- [competition-management-service] [http-nio-8084-exec-5] o.a.c.c.C.[.[.[/].[dispatcherServlet]    : Servlet.service() for servlet [dispatcherServlet] in context with path [] threw exception [Request processing failed: feign.FeignException$Forbidden: [403] during [GET] to [http://sport-service/api/sport/get-sports-by-name?sportName=o] [SportClientFeign#findByNameSearch(String)]: []] with root cause

feign.FeignException$Forbidden: [403] during [GET] to [http://sport-service/api/sport/get-sports-by-name?sportName=o] [SportClientFeign#findByNameSearch(String)]: []
	at feign.FeignException.clientErrorStatus(FeignException.java:226) ~[feign-core-13.3.jar:na]
	at feign.FeignException.errorStatus(FeignException.java:203) ~[feign-core-13.3.jar:na]
	at feign.FeignException.errorStatus(FeignException.java:194) ~[feign-core-13.3.jar:na]
	at feign.codec.ErrorDecoder$Default.decode(ErrorDecoder.java:103) ~[feign-core-13.3.jar:na]
	at feign.InvocationContext.decodeError(InvocationContext.java:126) ~[feign-core-13.3.jar:na]
	at feign.InvocationContext.proceed(InvocationContext.java:72) ~[feign-core-13.3.jar:na]
	at feign.ResponseHandler.handleResponse(ResponseHandler.java:63) ~[feign-core-13.3.jar:na]
	at feign.SynchronousMethodHandler.executeAndDecode(SynchronousMethodHandler.java:114) ~[feign-core-13.3.jar:na]
	at feign.SynchronousMethodHandler.invoke(SynchronousMethodHandler.java:70) ~[feign-core-13.3.jar:na]
	at feign.ReflectiveFeign$FeignInvocationHandler.invoke(ReflectiveFeign.java:99) ~[feign-core-13.3.jar:na]
	at jdk.proxy2/jdk.proxy2.$Proxy170.findByNameSearch(Unknown Source) ~[na:na]
	at org.league.app.service.GameSystemService.searchGameSystem(GameSystemService.java:66) ~[classes/:na]
	at java.base/jdk.internal.reflect.DirectMethodHandleAccessor.invoke(DirectMethodHandleAccessor.java:103) ~[na:na]
	at java.base/java.lang.reflect.Method.invoke(Method.java:580) ~[na:na]
	at org.springframework.aop.support.AopUtils.invokeJoinpointUsingReflection(AopUtils.java:355) ~[spring-aop-6.1.13.jar:6.1.13]
	at org.springframework.aop.framework.ReflectiveMethodInvocation.invokeJoinpoint(ReflectiveMethodInvocation.java:196) ~[spring-aop-6.1.13.jar:6.1.13]
	at org.springframework.aop.framework.ReflectiveMethodInvocation.proceed(ReflectiveMethodInvocation.java:163) ~[spring-aop-6.1.13.jar:6.1.13]
	at org.springframework.aop.framework.CglibAopProxy$CglibMethodInvocation.proceed(CglibAopProxy.java:768) ~[spring-aop-6.1.13.jar:6.1.13]
	at org.springframework.transaction.interceptor.TransactionAspectSupport.invokeWithinTransaction(TransactionAspectSupport.java:379) ~[spring-tx-6.1.13.jar:6.1.13]
	at org.springframework.transaction.interceptor.TransactionInterceptor.invoke(TransactionInterceptor.java:119) ~[spring-tx-6.1.13.jar:6.1.13]
	at org.springframework.aop.framework.ReflectiveMethodInvocation.proceed(ReflectiveMethodInvocation.java:184) ~[spring-aop-6.1.13.jar:6.1.13]
	at org.springframework.aop.framework.CglibAopProxy$CglibMethodInvocation.proceed(CglibAopProxy.java:768) ~[spring-aop-6.1.13.jar:6.1.13]
	at org.springframework.aop.framework.CglibAopProxy$DynamicAdvisedInterceptor.intercept(CglibAopProxy.java:720) ~[spring-aop-6.1.13.jar:6.1.13]
	at org.league.app.service.GameSystemService$$SpringCGLIB$$0.searchGameSystem(<generated>) ~[classes/:na]
	at org.league.app.controller.GameSystemController.searchGameSystem(GameSystemController.java:40) ~[classes/:na]
	at java.base/jdk.internal.reflect.DirectMethodHandleAccessor.invoke(DirectMethodHandleAccessor.java:103) ~[na:na]
	at java.base/java.lang.reflect.Method.invoke(Method.java:580) ~[na:na]
	at org.springframework.web.method.support.InvocableHandlerMethod.doInvoke(InvocableHandlerMethod.java:255) ~[spring-web-6.1.13.jar:6.1.13]
	at org.springframework.web.method.support.InvocableHandlerMethod.invokeForRequest(InvocableHandlerMethod.java:188) ~[spring-web-6.1.13.jar:6.1.13]
	at org.springframework.web.servlet.mvc.method.annotation.ServletInvocableHandlerMethod.invokeAndHandle(ServletInvocableHandlerMethod.java:118) ~[spring-webmvc-6.1.13.jar:6.1.13]
	at org.springframework.web.servlet.mvc.method.annotation.RequestMappingHandlerAdapter.invokeHandlerMethod(RequestMappingHandlerAdapter.java:926) ~[spring-webmvc-6.1.13.jar:6.1.13]
	at org.springframework.web.servlet.mvc.method.annotation.RequestMappingHandlerAdapter.handleInternal(RequestMappingHandlerAdapter.java:831) ~[spring-webmvc-6.1.13.jar:6.1.13]
	at org.springframework.web.servlet.mvc.method.AbstractHandlerMethodAdapter.handle(AbstractHandlerMethodAdapter.java:87) ~[spring-webmvc-6.1.13.jar:6.1.13]
	at org.springframework.web.servlet.DispatcherServlet.doDispatch(DispatcherServlet.java:1089) ~[spring-webmvc-6.1.13.jar:6.1.13]
	at org.springframework.web.servlet.DispatcherServlet.doService(DispatcherServlet.java:979) ~[spring-webmvc-6.1.13.jar:6.1.13]
	at org.springframework.web.servlet.FrameworkServlet.processRequest(FrameworkServlet.java:1014) ~[spring-webmvc-6.1.13.jar:6.1.13]
	at org.springframework.web.servlet.FrameworkServlet.doGet(FrameworkServlet.java:903) ~[spring-webmvc-6.1.13.jar:6.1.13]
	at jakarta.servlet.http.HttpServlet.service(HttpServlet.java:564) ~[tomcat-embed-core-10.1.30.jar:6.0]
	at org.springframework.web.servlet.FrameworkServlet.service(FrameworkServlet.java:885) ~[spring-webmvc-6.1.13.jar:6.1.13]
	at jakarta.servlet.http.HttpServlet.service(HttpServlet.java:658) ~[tomcat-embed-core-10.1.30.jar:6.0]
	at org.apache.catalina.core.ApplicationFilterChain.internalDoFilter(ApplicationFilterChain.java:195) ~[tomcat-embed-core-10.1.30.jar:10.1.30]
	at org.apache.catalina.core.ApplicationFilterChain.doFilter(ApplicationFilterChain.java:140) ~[tomcat-embed-core-10.1.30.jar:10.1.30]
	at org.apache.tomcat.websocket.server.WsFilter.doFilter(WsFilter.java:51) ~[tomcat-embed-websocket-10.1.30.jar:10.1.30]
	at org.apache.catalina.core.ApplicationFilterChain.internalDoFilter(ApplicationFilterChain.java:164) ~[tomcat-embed-core-10.1.30.jar:10.1.30]
	at org.apache.catalina.core.ApplicationFilterChain.doFilter(ApplicationFilterChain.java:140) ~[tomcat-embed-core-10.1.30.jar:10.1.30]
	at org.springframework.web.filter.OncePerRequestFilter.doFilter(OncePerRequestFilter.java:110) ~[spring-web-6.1.13.jar:6.1.13]
	at org.apache.catalina.core.ApplicationFilterChain.internalDoFilter(ApplicationFilterChain.java:164) ~[tomcat-embed-core-10.1.30.jar:10.1.30]
	at org.apache.catalina.core.ApplicationFilterChain.doFilter(ApplicationFilterChain.java:140) ~[tomcat-embed-core-10.1.30.jar:10.1.30]
	at org.springframework.web.filter.CompositeFilter$VirtualFilterChain.doFilter(CompositeFilter.java:108) ~[spring-web-6.1.13.jar:6.1.13]
	at org.springframework.security.web.FilterChainProxy.lambda$doFilterInternal$3(FilterChainProxy.java:231) ~[spring-security-web-6.3.3.jar:6.3.3]
	at org.springframework.security.web.ObservationFilterChainDecorator$FilterObservation$SimpleFilterObservation.lambda$wrap$1(ObservationFilterChainDecorator.java:479) ~[spring-security-web-6.3.3.jar:6.3.3]
	at org.springframework.security.web.ObservationFilterChainDecorator$AroundFilterObservation$SimpleAroundFilterObservation.lambda$wrap$1(ObservationFilterChainDecorator.java:340) ~[spring-security-web-6.3.3.jar:6.3.3]
	at org.springframework.security.web.ObservationFilterChainDecorator.lambda$wrapSecured$0(ObservationFilterChainDecorator.java:82) ~[spring-security-web-6.3.3.jar:6.3.3]
	at org.springframework.security.web.ObservationFilterChainDecorator$VirtualFilterChain.doFilter(ObservationFilterChainDecorator.java:128) ~[spring-security-web-6.3.3.jar:6.3.3]
	at org.springframework.security.web.access.intercept.AuthorizationFilter.doFilter(AuthorizationFilter.java:100) ~[spring-security-web-6.3.3.jar:6.3.3]
	at org.springframework.security.web.ObservationFilterChainDecorator$ObservationFilter.wrapFilter(ObservationFilterChainDecorator.java:240) ~[spring-security-web-6.3.3.jar:6.3.3]
	at org.springframework.security.web.ObservationFilterChainDecorator$ObservationFilter.doFilter(ObservationFilterChainDecorator.java:227) ~[spring-security-web-6.3.3.jar:6.3.3]
	at org.springframework.security.web.ObservationFilterChainDecorator$VirtualFilterChain.doFilter(ObservationFilterChainDecorator.java:137) ~[spring-security-web-6.3.3.jar:6.3.3]
	at org.springframework.security.web.access.ExceptionTranslationFilter.doFilter(ExceptionTranslationFilter.java:126) ~[spring-security-web-6.3.3.jar:6.3.3]
	at org.springframework.security.web.access.ExceptionTranslationFilter.doFilter(ExceptionTranslationFilter.java:120) ~[spring-security-web-6.3.3.jar:6.3.3]
	at org.springframework.security.web.ObservationFilterChainDecorator$ObservationFilter.wrapFilter(ObservationFilterChainDecorator.java:240) ~[spring-security-web-6.3.3.jar:6.3.3]
	at org.springframework.security.web.ObservationFilterChainDecorator$ObservationFilter.doFilter(ObservationFilterChainDecorator.java:227) ~[spring-security-web-6.3.3.jar:6.3.3]
	at org.springframework.security.web.ObservationFilterChainDecorator$VirtualFilterChain.doFilter(ObservationFilterChainDecorator.java:137) ~[spring-security-web-6.3.3.jar:6.3.3]
	at org.springframework.security.web.session.SessionManagementFilter.doFilter(SessionManagementFilter.java:131) ~[spring-security-web-6.3.3.jar:6.3.3]
	at org.springframework.security.web.session.SessionManagementFilter.doFilter(SessionManagementFilter.java:85) ~[spring-security-web-6.3.3.jar:6.3.3]
	at org.springframework.security.web.ObservationFilterChainDecorator$ObservationFilter.wrapFilter(ObservationFilterChainDecorator.java:240) ~[spring-security-web-6.3.3.jar:6.3.3]
	at org.springframework.security.web.ObservationFilterChainDecorator$ObservationFilter.doFilter(ObservationFilterChainDecorator.java:227) ~[spring-security-web-6.3.3.jar:6.3.3]
	at org.springframework.security.web.ObservationFilterChainDecorator$VirtualFilterChain.doFilter(ObservationFilterChainDecorator.java:137) ~[spring-security-web-6.3.3.jar:6.3.3]
	at org.springframework.security.web.authentication.AnonymousAuthenticationFilter.doFilter(AnonymousAuthenticationFilter.java:100) ~[spring-security-web-6.3.3.jar:6.3.3]
	at org.springframework.security.web.ObservationFilterChainDecorator$ObservationFilter.wrapFilter(ObservationFilterChainDecorator.java:240) ~[spring-security-web-6.3.3.jar:6.3.3]
	at org.springframework.security.web.ObservationFilterChainDecorator$ObservationFilter.doFilter(ObservationFilterChainDecorator.java:227) ~[spring-security-web-6.3.3.jar:6.3.3]
	at org.springframework.security.web.ObservationFilterChainDecorator$VirtualFilterChain.doFilter(ObservationFilterChainDecorator.java:137) ~[spring-security-web-6.3.3.jar:6.3.3]
	at org.springframework.security.web.servletapi.SecurityContextHolderAwareRequestFilter.doFilter(SecurityContextHolderAwareRequestFilter.java:179) ~[spring-security-web-6.3.3.jar:6.3.3]
	at org.springframework.security.web.ObservationFilterChainDecorator$ObservationFilter.wrapFilter(ObservationFilterChainDecorator.java:240) ~[spring-security-web-6.3.3.jar:6.3.3]
	at org.springframework.security.web.ObservationFilterChainDecorator$ObservationFilter.doFilter(ObservationFilterChainDecorator.java:227) ~[spring-security-web-6.3.3.jar:6.3.3]
	at org.springframework.security.web.ObservationFilterChainDecorator$VirtualFilterChain.doFilter(ObservationFilterChainDecorator.java:137) ~[spring-security-web-6.3.3.jar:6.3.3]
	at org.springframework.security.web.savedrequest.RequestCacheAwareFilter.doFilter(RequestCacheAwareFilter.java:63) ~[spring-security-web-6.3.3.jar:6.3.3]
	at org.springframework.security.web.ObservationFilterChainDecorator$ObservationFilter.wrapFilter(ObservationFilterChainDecorator.java:240) ~[spring-security-web-6.3.3.jar:6.3.3]
	at org.springframework.security.web.ObservationFilterChainDecorator$ObservationFilter.doFilter(ObservationFilterChainDecorator.java:227) ~[spring-security-web-6.3.3.jar:6.3.3]
	at org.springframework.security.web.ObservationFilterChainDecorator$VirtualFilterChain.doFilter(ObservationFilterChainDecorator.java:137) ~[spring-security-web-6.3.3.jar:6.3.3]
	at org.league.app.filter.JWTFilter.doFilterInternal(JWTFilter.java:78) ~[classes/:na]
	at org.springframework.web.filter.OncePerRequestFilter.doFilter(OncePerRequestFilter.java:116) ~[spring-web-6.1.13.jar:6.1.13]
	at org.springframework.security.web.ObservationFilterChainDecorator$ObservationFilter.wrapFilter(ObservationFilterChainDecorator.java:240) ~[spring-security-web-6.3.3.jar:6.3.3]
	at org.springframework.security.web.ObservationFilterChainDecorator$ObservationFilter.doFilter(ObservationFilterChainDecorator.java:227) ~[spring-security-web-6.3.3.jar:6.3.3]
	at org.springframework.security.web.ObservationFilterChainDecorator$VirtualFilterChain.doFilter(ObservationFilterChainDecorator.java:137) ~[spring-security-web-6.3.3.jar:6.3.3]
	at org.springframework.security.web.authentication.logout.LogoutFilter.doFilter(LogoutFilter.java:107) ~[spring-security-web-6.3.3.jar:6.3.3]
	at org.springframework.security.web.authentication.logout.LogoutFilter.doFilter(LogoutFilter.java:93) ~[spring-security-web-6.3.3.jar:6.3.3]
	at org.springframework.security.web.ObservationFilterChainDecorator$ObservationFilter.wrapFilter(ObservationFilterChainDecorator.java:240) ~[spring-security-web-6.3.3.jar:6.3.3]
	at org.springframework.security.web.ObservationFilterChainDecorator$ObservationFilter.doFilter(ObservationFilterChainDecorator.java:227) ~[spring-security-web-6.3.3.jar:6.3.3]
	at org.springframework.security.web.ObservationFilterChainDecorator$VirtualFilterChain.doFilter(ObservationFilterChainDecorator.java:137) ~[spring-security-web-6.3.3.jar:6.3.3]
	at org.springframework.security.web.header.HeaderWriterFilter.doHeadersAfter(HeaderWriterFilter.java:90) ~[spring-security-web-6.3.3.jar:6.3.3]
	at org.springframework.security.web.header.HeaderWriterFilter.doFilterInternal(HeaderWriterFilter.java:75) ~[spring-security-web-6.3.3.jar:6.3.3]
	at org.springframework.web.filter.OncePerRequestFilter.doFilter(OncePerRequestFilter.java:116) ~[spring-web-6.1.13.jar:6.1.13]
	at org.springframework.security.web.ObservationFilterChainDecorator$ObservationFilter.wrapFilter(ObservationFilterChainDecorator.java:240) ~[spring-security-web-6.3.3.jar:6.3.3]
	at org.springframework.security.web.ObservationFilterChainDecorator$ObservationFilter.doFilter(ObservationFilterChainDecorator.java:227) ~[spring-security-web-6.3.3.jar:6.3.3]
	at org.springframework.security.web.ObservationFilterChainDecorator$VirtualFilterChain.doFilter(ObservationFilterChainDecorator.java:137) ~[spring-security-web-6.3.3.jar:6.3.3]
	at org.springframework.security.web.context.SecurityContextHolderFilter.doFilter(SecurityContextHolderFilter.java:82) ~[spring-security-web-6.3.3.jar:6.3.3]
	at org.springframework.security.web.context.SecurityContextHolderFilter.doFilter(SecurityContextHolderFilter.java:69) ~[spring-security-web-6.3.3.jar:6.3.3]
	at org.springframework.security.web.ObservationFilterChainDecorator$ObservationFilter.wrapFilter(ObservationFilterChainDecorator.java:240) ~[spring-security-web-6.3.3.jar:6.3.3]
	at org.springframework.security.web.ObservationFilterChainDecorator$ObservationFilter.doFilter(ObservationFilterChainDecorator.java:227) ~[spring-security-web-6.3.3.jar:6.3.3]
	at org.springframework.security.web.ObservationFilterChainDecorator$VirtualFilterChain.doFilter(ObservationFilterChainDecorator.java:137) ~[spring-security-web-6.3.3.jar:6.3.3]
	at org.springframework.security.web.context.request.async.WebAsyncManagerIntegrationFilter.doFilterInternal(WebAsyncManagerIntegrationFilter.java:62) ~[spring-security-web-6.3.3.jar:6.3.3]
	at org.springframework.web.filter.OncePerRequestFilter.doFilter(OncePerRequestFilter.java:116) ~[spring-web-6.1.13.jar:6.1.13]
	at org.springframework.security.web.ObservationFilterChainDecorator$ObservationFilter.wrapFilter(ObservationFilterChainDecorator.java:240) ~[spring-security-web-6.3.3.jar:6.3.3]
	at org.springframework.security.web.ObservationFilterChainDecorator$ObservationFilter.doFilter(ObservationFilterChainDecorator.java:227) ~[spring-security-web-6.3.3.jar:6.3.3]
	at org.springframework.security.web.ObservationFilterChainDecorator$VirtualFilterChain.doFilter(ObservationFilterChainDecorator.java:137) ~[spring-security-web-6.3.3.jar:6.3.3]
	at org.springframework.security.web.session.DisableEncodeUrlFilter.doFilterInternal(DisableEncodeUrlFilter.java:42) ~[spring-security-web-6.3.3.jar:6.3.3]
	at org.springframework.web.filter.OncePerRequestFilter.doFilter(OncePerRequestFilter.java:116) ~[spring-web-6.1.13.jar:6.1.13]
	at org.springframework.security.web.ObservationFilterChainDecorator$ObservationFilter.wrapFilter(ObservationFilterChainDecorator.java:240) ~[spring-security-web-6.3.3.jar:6.3.3]
	at org.springframework.security.web.ObservationFilterChainDecorator$AroundFilterObservation$SimpleAroundFilterObservation.lambda$wrap$0(ObservationFilterChainDecorator.java:323) ~[spring-security-web-6.3.3.jar:6.3.3]
	at org.springframework.security.web.ObservationFilterChainDecorator$ObservationFilter.doFilter(ObservationFilterChainDecorator.java:224) ~[spring-security-web-6.3.3.jar:6.3.3]
	at org.springframework.security.web.ObservationFilterChainDecorator$VirtualFilterChain.doFilter(ObservationFilterChainDecorator.java:137) ~[spring-security-web-6.3.3.jar:6.3.3]
	at org.springframework.security.web.FilterChainProxy.doFilterInternal(FilterChainProxy.java:233) ~[spring-security-web-6.3.3.jar:6.3.3]
	at org.springframework.security.web.FilterChainProxy.doFilter(FilterChainProxy.java:191) ~[spring-security-web-6.3.3.jar:6.3.3]
	at org.springframework.web.filter.CompositeFilter$VirtualFilterChain.doFilter(CompositeFilter.java:113) ~[spring-web-6.1.13.jar:6.1.13]
	at org.springframework.web.servlet.handler.HandlerMappingIntrospector.lambda$createCacheFilter$3(HandlerMappingIntrospector.java:195) ~[spring-webmvc-6.1.13.jar:6.1.13]
	at org.springframework.web.filter.CompositeFilter$VirtualFilterChain.doFilter(CompositeFilter.java:113) ~[spring-web-6.1.13.jar:6.1.13]
	at org.springframework.web.filter.CompositeFilter.doFilter(CompositeFilter.java:74) ~[spring-web-6.1.13.jar:6.1.13]
	at org.springframework.security.config.annotation.web.configuration.WebMvcSecurityConfiguration$CompositeFilterChainProxy.doFilter(WebMvcSecurityConfiguration.java:230) ~[spring-security-config-6.3.3.jar:6.3.3]
	at org.springframework.web.filter.DelegatingFilterProxy.invokeDelegate(DelegatingFilterProxy.java:352) ~[spring-web-6.1.13.jar:6.1.13]
	at org.springframework.web.filter.DelegatingFilterProxy.doFilter(DelegatingFilterProxy.java:268) ~[spring-web-6.1.13.jar:6.1.13]
	at org.apache.catalina.core.ApplicationFilterChain.internalDoFilter(ApplicationFilterChain.java:164) ~[tomcat-embed-core-10.1.30.jar:10.1.30]
	at org.apache.catalina.core.ApplicationFilterChain.doFilter(ApplicationFilterChain.java:140) ~[tomcat-embed-core-10.1.30.jar:10.1.30]
	at org.springframework.web.filter.RequestContextFilter.doFilterInternal(RequestContextFilter.java:100) ~[spring-web-6.1.13.jar:6.1.13]
	at org.springframework.web.filter.OncePerRequestFilter.doFilter(OncePerRequestFilter.java:116) ~[spring-web-6.1.13.jar:6.1.13]
	at org.apache.catalina.core.ApplicationFilterChain.internalDoFilter(ApplicationFilterChain.java:164) ~[tomcat-embed-core-10.1.30.jar:10.1.30]
	at org.apache.catalina.core.ApplicationFilterChain.doFilter(ApplicationFilterChain.java:140) ~[tomcat-embed-core-10.1.30.jar:10.1.30]
	at org.springframework.web.filter.FormContentFilter.doFilterInternal(FormContentFilter.java:93) ~[spring-web-6.1.13.jar:6.1.13]
	at org.springframework.web.filter.OncePerRequestFilter.doFilter(OncePerRequestFilter.java:116) ~[spring-web-6.1.13.jar:6.1.13]
	at org.apache.catalina.core.ApplicationFilterChain.internalDoFilter(ApplicationFilterChain.java:164) ~[tomcat-embed-core-10.1.30.jar:10.1.30]
	at org.apache.catalina.core.ApplicationFilterChain.doFilter(ApplicationFilterChain.java:140) ~[tomcat-embed-core-10.1.30.jar:10.1.30]
	at org.springframework.web.filter.ServerHttpObservationFilter.doFilterInternal(ServerHttpObservationFilter.java:113) ~[spring-web-6.1.13.jar:6.1.13]
	at org.springframework.web.filter.OncePerRequestFilter.doFilter(OncePerRequestFilter.java:116) ~[spring-web-6.1.13.jar:6.1.13]
	at org.apache.catalina.core.ApplicationFilterChain.internalDoFilter(ApplicationFilterChain.java:164) ~[tomcat-embed-core-10.1.30.jar:10.1.30]
	at org.apache.catalina.core.ApplicationFilterChain.doFilter(ApplicationFilterChain.java:140) ~[tomcat-embed-core-10.1.30.jar:10.1.30]
	at org.springframework.web.filter.CharacterEncodingFilter.doFilterInternal(CharacterEncodingFilter.java:201) ~[spring-web-6.1.13.jar:6.1.13]
	at org.springframework.web.filter.OncePerRequestFilter.doFilter(OncePerRequestFilter.java:116) ~[spring-web-6.1.13.jar:6.1.13]
	at org.apache.catalina.core.ApplicationFilterChain.internalDoFilter(ApplicationFilterChain.java:164) ~[tomcat-embed-core-10.1.30.jar:10.1.30]
	at org.apache.catalina.core.ApplicationFilterChain.doFilter(ApplicationFilterChain.java:140) ~[tomcat-embed-core-10.1.30.jar:10.1.30]
	at org.apache.catalina.core.StandardWrapperValve.invoke(StandardWrapperValve.java:167) ~[tomcat-embed-core-10.1.30.jar:10.1.30]
	at org.apache.catalina.core.StandardContextValve.invoke(StandardContextValve.java:90) ~[tomcat-embed-core-10.1.30.jar:10.1.30]
	at org.apache.catalina.authenticator.AuthenticatorBase.invoke(AuthenticatorBase.java:483) ~[tomcat-embed-core-10.1.30.jar:10.1.30]
	at org.apache.catalina.core.StandardHostValve.invoke(StandardHostValve.java:115) ~[tomcat-embed-core-10.1.30.jar:10.1.30]
	at org.apache.catalina.valves.ErrorReportValve.invoke(ErrorReportValve.java:93) ~[tomcat-embed-core-10.1.30.jar:10.1.30]
	at org.apache.catalina.core.StandardEngineValve.invoke(StandardEngineValve.java:74) ~[tomcat-embed-core-10.1.30.jar:10.1.30]
	at org.apache.catalina.connector.CoyoteAdapter.service(CoyoteAdapter.java:344) ~[tomcat-embed-core-10.1.30.jar:10.1.30]
	at org.apache.coyote.http11.Http11Processor.service(Http11Processor.java:384) ~[tomcat-embed-core-10.1.30.jar:10.1.30]
	at org.apache.coyote.AbstractProcessorLight.process(AbstractProcessorLight.java:63) ~[tomcat-embed-core-10.1.30.jar:10.1.30]
	at org.apache.coyote.AbstractProtocol$ConnectionHandler.process(AbstractProtocol.java:905) ~[tomcat-embed-core-10.1.30.jar:10.1.30]
	at org.apache.tomcat.util.net.NioEndpoint$SocketProcessor.doRun(NioEndpoint.java:1741) ~[tomcat-embed-core-10.1.30.jar:10.1.30]
	at org.apache.tomcat.util.net.SocketProcessorBase.run(SocketProcessorBase.java:52) ~[tomcat-embed-core-10.1.30.jar:10.1.30]
	at org.apache.tomcat.util.threads.ThreadPoolExecutor.runWorker(ThreadPoolExecutor.java:1190) ~[tomcat-embed-core-10.1.30.jar:10.1.30]
	at org.apache.tomcat.util.threads.ThreadPoolExecutor$Worker.run(ThreadPoolExecutor.java:659) ~[tomcat-embed-core-10.1.30.jar:10.1.30]
	at org.apache.tomcat.util.threads.TaskThread$WrappingRunnable.run(TaskThread.java:63) ~[tomcat-embed-core-10.1.30.jar:10.1.30]
	at java.base/java.lang.Thread.run(Thread.java:1583) ~[na:na]

2025-01-14T19:58:09.502+01:00  INFO 43536 --- [competition-management-service] [http-nio-8084-exec-6] org.league.app.filter.JWTFilter          : Extracted email: ylopatkin@gmail.com
2025-01-14T19:58:09.503+01:00  INFO 43536 --- [competition-management-service] [http-nio-8084-exec-6] org.league.app.filter.JWTFilter          : User email: ylopatkin@gmail.com
2025-01-14T19:58:27.075+01:00  INFO 43536 --- [competition-management-service] [http-nio-8084-exec-9] org.league.app.filter.JWTFilter          : Extracted email: ylopatkin@gmail.com
2025-01-14T19:58:27.075+01:00  INFO 43536 --- [competition-management-service] [http-nio-8084-exec-9] org.league.app.filter.JWTFilter          : User email: ylopatkin@gmail.com
2025-01-14T19:58:27.111+01:00  WARN 43536 --- [competition-management-service] [http-nio-8084-exec-9] .w.s.m.s.DefaultHandlerExceptionResolver : Resolved [org.springframework.web.bind.MissingServletRequestParameterException: Required request parameter 'query' for method parameter type String is not present]
2025-01-14T19:58:31.215+01:00  INFO 43536 --- [competition-management-service] [http-nio-8084-exec-10] org.league.app.filter.JWTFilter          : Extracted email: ylopatkin@gmail.com
2025-01-14T19:58:31.215+01:00  INFO 43536 --- [competition-management-service] [http-nio-8084-exec-10] org.league.app.filter.JWTFilter          : User email: ylopatkin@gmail.com
2025-01-14T19:58:31.264+01:00 ERROR 43536 --- [competition-management-service] [http-nio-8084-exec-10] o.a.c.c.C.[.[.[/].[dispatcherServlet]    : Servlet.service() for servlet [dispatcherServlet] in context with path [] threw exception [Request processing failed: feign.FeignException$Forbidden: [403] during [GET] to [http://sport-service/api/sport/get-sports-by-name?sportName=o] [SportClientFeign#findByNameSearch(String)]: []] with root cause

feign.FeignException$Forbidden: [403] during [GET] to [http://sport-service/api/sport/get-sports-by-name?sportName=o] [SportClientFeign#findByNameSearch(String)]: []
	at feign.FeignException.clientErrorStatus(FeignException.java:226) ~[feign-core-13.3.jar:na]
	at feign.FeignException.errorStatus(FeignException.java:203) ~[feign-core-13.3.jar:na]
	at feign.FeignException.errorStatus(FeignException.java:194) ~[feign-core-13.3.jar:na]
	at feign.codec.ErrorDecoder$Default.decode(ErrorDecoder.java:103) ~[feign-core-13.3.jar:na]
	at feign.InvocationContext.decodeError(InvocationContext.java:126) ~[feign-core-13.3.jar:na]
	at feign.InvocationContext.proceed(InvocationContext.java:72) ~[feign-core-13.3.jar:na]
	at feign.ResponseHandler.handleResponse(ResponseHandler.java:63) ~[feign-core-13.3.jar:na]
	at feign.SynchronousMethodHandler.executeAndDecode(SynchronousMethodHandler.java:114) ~[feign-core-13.3.jar:na]
	at feign.SynchronousMethodHandler.invoke(SynchronousMethodHandler.java:70) ~[feign-core-13.3.jar:na]
	at feign.ReflectiveFeign$FeignInvocationHandler.invoke(ReflectiveFeign.java:99) ~[feign-core-13.3.jar:na]
	at jdk.proxy2/jdk.proxy2.$Proxy170.findByNameSearch(Unknown Source) ~[na:na]
	at org.league.app.service.GameSystemService.searchGameSystem(GameSystemService.java:66) ~[classes/:na]
	at java.base/jdk.internal.reflect.DirectMethodHandleAccessor.invoke(DirectMethodHandleAccessor.java:103) ~[na:na]
	at java.base/java.lang.reflect.Method.invoke(Method.java:580) ~[na:na]
	at org.springframework.aop.support.AopUtils.invokeJoinpointUsingReflection(AopUtils.java:355) ~[spring-aop-6.1.13.jar:6.1.13]
	at org.springframework.aop.framework.ReflectiveMethodInvocation.invokeJoinpoint(ReflectiveMethodInvocation.java:196) ~[spring-aop-6.1.13.jar:6.1.13]
	at org.springframework.aop.framework.ReflectiveMethodInvocation.proceed(ReflectiveMethodInvocation.java:163) ~[spring-aop-6.1.13.jar:6.1.13]
	at org.springframework.aop.framework.CglibAopProxy$CglibMethodInvocation.proceed(CglibAopProxy.java:768) ~[spring-aop-6.1.13.jar:6.1.13]
	at org.springframework.transaction.interceptor.TransactionAspectSupport.invokeWithinTransaction(TransactionAspectSupport.java:379) ~[spring-tx-6.1.13.jar:6.1.13]
	at org.springframework.transaction.interceptor.TransactionInterceptor.invoke(TransactionInterceptor.java:119) ~[spring-tx-6.1.13.jar:6.1.13]
	at org.springframework.aop.framework.ReflectiveMethodInvocation.proceed(ReflectiveMethodInvocation.java:184) ~[spring-aop-6.1.13.jar:6.1.13]
	at org.springframework.aop.framework.CglibAopProxy$CglibMethodInvocation.proceed(CglibAopProxy.java:768) ~[spring-aop-6.1.13.jar:6.1.13]
	at org.springframework.aop.framework.CglibAopProxy$DynamicAdvisedInterceptor.intercept(CglibAopProxy.java:720) ~[spring-aop-6.1.13.jar:6.1.13]
	at org.league.app.service.GameSystemService$$SpringCGLIB$$0.searchGameSystem(<generated>) ~[classes/:na]
	at org.league.app.controller.GameSystemController.searchGameSystem(GameSystemController.java:40) ~[classes/:na]
	at java.base/jdk.internal.reflect.DirectMethodHandleAccessor.invoke(DirectMethodHandleAccessor.java:103) ~[na:na]
	at java.base/java.lang.reflect.Method.invoke(Method.java:580) ~[na:na]
	at org.springframework.web.method.support.InvocableHandlerMethod.doInvoke(InvocableHandlerMethod.java:255) ~[spring-web-6.1.13.jar:6.1.13]
	at org.springframework.web.method.support.InvocableHandlerMethod.invokeForRequest(InvocableHandlerMethod.java:188) ~[spring-web-6.1.13.jar:6.1.13]
	at org.springframework.web.servlet.mvc.method.annotation.ServletInvocableHandlerMethod.invokeAndHandle(ServletInvocableHandlerMethod.java:118) ~[spring-webmvc-6.1.13.jar:6.1.13]
	at org.springframework.web.servlet.mvc.method.annotation.RequestMappingHandlerAdapter.invokeHandlerMethod(RequestMappingHandlerAdapter.java:926) ~[spring-webmvc-6.1.13.jar:6.1.13]
	at org.springframework.web.servlet.mvc.method.annotation.RequestMappingHandlerAdapter.handleInternal(RequestMappingHandlerAdapter.java:831) ~[spring-webmvc-6.1.13.jar:6.1.13]
	at org.springframework.web.servlet.mvc.method.AbstractHandlerMethodAdapter.handle(AbstractHandlerMethodAdapter.java:87) ~[spring-webmvc-6.1.13.jar:6.1.13]
	at org.springframework.web.servlet.DispatcherServlet.doDispatch(DispatcherServlet.java:1089) ~[spring-webmvc-6.1.13.jar:6.1.13]
	at org.springframework.web.servlet.DispatcherServlet.doService(DispatcherServlet.java:979) ~[spring-webmvc-6.1.13.jar:6.1.13]
	at org.springframework.web.servlet.FrameworkServlet.processRequest(FrameworkServlet.java:1014) ~[spring-webmvc-6.1.13.jar:6.1.13]
	at org.springframework.web.servlet.FrameworkServlet.doGet(FrameworkServlet.java:903) ~[spring-webmvc-6.1.13.jar:6.1.13]
	at jakarta.servlet.http.HttpServlet.service(HttpServlet.java:564) ~[tomcat-embed-core-10.1.30.jar:6.0]
	at org.springframework.web.servlet.FrameworkServlet.service(FrameworkServlet.java:885) ~[spring-webmvc-6.1.13.jar:6.1.13]
	at jakarta.servlet.http.HttpServlet.service(HttpServlet.java:658) ~[tomcat-embed-core-10.1.30.jar:6.0]
	at org.apache.catalina.core.ApplicationFilterChain.internalDoFilter(ApplicationFilterChain.java:195) ~[tomcat-embed-core-10.1.30.jar:10.1.30]
	at org.apache.catalina.core.ApplicationFilterChain.doFilter(ApplicationFilterChain.java:140) ~[tomcat-embed-core-10.1.30.jar:10.1.30]
	at org.apache.tomcat.websocket.server.WsFilter.doFilter(WsFilter.java:51) ~[tomcat-embed-websocket-10.1.30.jar:10.1.30]
	at org.apache.catalina.core.ApplicationFilterChain.internalDoFilter(ApplicationFilterChain.java:164) ~[tomcat-embed-core-10.1.30.jar:10.1.30]
	at org.apache.catalina.core.ApplicationFilterChain.doFilter(ApplicationFilterChain.java:140) ~[tomcat-embed-core-10.1.30.jar:10.1.30]
	at org.springframework.web.filter.OncePerRequestFilter.doFilter(OncePerRequestFilter.java:110) ~[spring-web-6.1.13.jar:6.1.13]
	at org.apache.catalina.core.ApplicationFilterChain.internalDoFilter(ApplicationFilterChain.java:164) ~[tomcat-embed-core-10.1.30.jar:10.1.30]
	at org.apache.catalina.core.ApplicationFilterChain.doFilter(ApplicationFilterChain.java:140) ~[tomcat-embed-core-10.1.30.jar:10.1.30]
	at org.springframework.web.filter.CompositeFilter$VirtualFilterChain.doFilter(CompositeFilter.java:108) ~[spring-web-6.1.13.jar:6.1.13]
	at org.springframework.security.web.FilterChainProxy.lambda$doFilterInternal$3(FilterChainProxy.java:231) ~[spring-security-web-6.3.3.jar:6.3.3]
	at org.springframework.security.web.ObservationFilterChainDecorator$FilterObservation$SimpleFilterObservation.lambda$wrap$1(ObservationFilterChainDecorator.java:479) ~[spring-security-web-6.3.3.jar:6.3.3]
	at org.springframework.security.web.ObservationFilterChainDecorator$AroundFilterObservation$SimpleAroundFilterObservation.lambda$wrap$1(ObservationFilterChainDecorator.java:340) ~[spring-security-web-6.3.3.jar:6.3.3]
	at org.springframework.security.web.ObservationFilterChainDecorator.lambda$wrapSecured$0(ObservationFilterChainDecorator.java:82) ~[spring-security-web-6.3.3.jar:6.3.3]
	at org.springframework.security.web.ObservationFilterChainDecorator$VirtualFilterChain.doFilter(ObservationFilterChainDecorator.java:128) ~[spring-security-web-6.3.3.jar:6.3.3]
	at org.springframework.security.web.access.intercept.AuthorizationFilter.doFilter(AuthorizationFilter.java:100) ~[spring-security-web-6.3.3.jar:6.3.3]
	at org.springframework.security.web.ObservationFilterChainDecorator$ObservationFilter.wrapFilter(ObservationFilterChainDecorator.java:240) ~[spring-security-web-6.3.3.jar:6.3.3]
	at org.springframework.security.web.ObservationFilterChainDecorator$ObservationFilter.doFilter(ObservationFilterChainDecorator.java:227) ~[spring-security-web-6.3.3.jar:6.3.3]
	at org.springframework.security.web.ObservationFilterChainDecorator$VirtualFilterChain.doFilter(ObservationFilterChainDecorator.java:137) ~[spring-security-web-6.3.3.jar:6.3.3]
	at org.springframework.security.web.access.ExceptionTranslationFilter.doFilter(ExceptionTranslationFilter.java:126) ~[spring-security-web-6.3.3.jar:6.3.3]
	at org.springframework.security.web.access.ExceptionTranslationFilter.doFilter(ExceptionTranslationFilter.java:120) ~[spring-security-web-6.3.3.jar:6.3.3]
	at org.springframework.security.web.ObservationFilterChainDecorator$ObservationFilter.wrapFilter(ObservationFilterChainDecorator.java:240) ~[spring-security-web-6.3.3.jar:6.3.3]
	at org.springframework.security.web.ObservationFilterChainDecorator$ObservationFilter.doFilter(ObservationFilterChainDecorator.java:227) ~[spring-security-web-6.3.3.jar:6.3.3]
	at org.springframework.security.web.ObservationFilterChainDecorator$VirtualFilterChain.doFilter(ObservationFilterChainDecorator.java:137) ~[spring-security-web-6.3.3.jar:6.3.3]
	at org.springframework.security.web.session.SessionManagementFilter.doFilter(SessionManagementFilter.java:131) ~[spring-security-web-6.3.3.jar:6.3.3]
	at org.springframework.security.web.session.SessionManagementFilter.doFilter(SessionManagementFilter.java:85) ~[spring-security-web-6.3.3.jar:6.3.3]
	at org.springframework.security.web.ObservationFilterChainDecorator$ObservationFilter.wrapFilter(ObservationFilterChainDecorator.java:240) ~[spring-security-web-6.3.3.jar:6.3.3]
	at org.springframework.security.web.ObservationFilterChainDecorator$ObservationFilter.doFilter(ObservationFilterChainDecorator.java:227) ~[spring-security-web-6.3.3.jar:6.3.3]
	at org.springframework.security.web.ObservationFilterChainDecorator$VirtualFilterChain.doFilter(ObservationFilterChainDecorator.java:137) ~[spring-security-web-6.3.3.jar:6.3.3]
	at org.springframework.security.web.authentication.AnonymousAuthenticationFilter.doFilter(AnonymousAuthenticationFilter.java:100) ~[spring-security-web-6.3.3.jar:6.3.3]
	at org.springframework.security.web.ObservationFilterChainDecorator$ObservationFilter.wrapFilter(ObservationFilterChainDecorator.java:240) ~[spring-security-web-6.3.3.jar:6.3.3]
	at org.springframework.security.web.ObservationFilterChainDecorator$ObservationFilter.doFilter(ObservationFilterChainDecorator.java:227) ~[spring-security-web-6.3.3.jar:6.3.3]
	at org.springframework.security.web.ObservationFilterChainDecorator$VirtualFilterChain.doFilter(ObservationFilterChainDecorator.java:137) ~[spring-security-web-6.3.3.jar:6.3.3]
	at org.springframework.security.web.servletapi.SecurityContextHolderAwareRequestFilter.doFilter(SecurityContextHolderAwareRequestFilter.java:179) ~[spring-security-web-6.3.3.jar:6.3.3]
	at org.springframework.security.web.ObservationFilterChainDecorator$ObservationFilter.wrapFilter(ObservationFilterChainDecorator.java:240) ~[spring-security-web-6.3.3.jar:6.3.3]
	at org.springframework.security.web.ObservationFilterChainDecorator$ObservationFilter.doFilter(ObservationFilterChainDecorator.java:227) ~[spring-security-web-6.3.3.jar:6.3.3]
	at org.springframework.security.web.ObservationFilterChainDecorator$VirtualFilterChain.doFilter(ObservationFilterChainDecorator.java:137) ~[spring-security-web-6.3.3.jar:6.3.3]
	at org.springframework.security.web.savedrequest.RequestCacheAwareFilter.doFilter(RequestCacheAwareFilter.java:63) ~[spring-security-web-6.3.3.jar:6.3.3]
	at org.springframework.security.web.ObservationFilterChainDecorator$ObservationFilter.wrapFilter(ObservationFilterChainDecorator.java:240) ~[spring-security-web-6.3.3.jar:6.3.3]
	at org.springframework.security.web.ObservationFilterChainDecorator$ObservationFilter.doFilter(ObservationFilterChainDecorator.java:227) ~[spring-security-web-6.3.3.jar:6.3.3]
	at org.springframework.security.web.ObservationFilterChainDecorator$VirtualFilterChain.doFilter(ObservationFilterChainDecorator.java:137) ~[spring-security-web-6.3.3.jar:6.3.3]
	at org.league.app.filter.JWTFilter.doFilterInternal(JWTFilter.java:78) ~[classes/:na]
	at org.springframework.web.filter.OncePerRequestFilter.doFilter(OncePerRequestFilter.java:116) ~[spring-web-6.1.13.jar:6.1.13]
	at org.springframework.security.web.ObservationFilterChainDecorator$ObservationFilter.wrapFilter(ObservationFilterChainDecorator.java:240) ~[spring-security-web-6.3.3.jar:6.3.3]
	at org.springframework.security.web.ObservationFilterChainDecorator$ObservationFilter.doFilter(ObservationFilterChainDecorator.java:227) ~[spring-security-web-6.3.3.jar:6.3.3]
	at org.springframework.security.web.ObservationFilterChainDecorator$VirtualFilterChain.doFilter(ObservationFilterChainDecorator.java:137) ~[spring-security-web-6.3.3.jar:6.3.3]
	at org.springframework.security.web.authentication.logout.LogoutFilter.doFilter(LogoutFilter.java:107) ~[spring-security-web-6.3.3.jar:6.3.3]
	at org.springframework.security.web.authentication.logout.LogoutFilter.doFilter(LogoutFilter.java:93) ~[spring-security-web-6.3.3.jar:6.3.3]
	at org.springframework.security.web.ObservationFilterChainDecorator$ObservationFilter.wrapFilter(ObservationFilterChainDecorator.java:240) ~[spring-security-web-6.3.3.jar:6.3.3]
	at org.springframework.security.web.ObservationFilterChainDecorator$ObservationFilter.doFilter(ObservationFilterChainDecorator.java:227) ~[spring-security-web-6.3.3.jar:6.3.3]
	at org.springframework.security.web.ObservationFilterChainDecorator$VirtualFilterChain.doFilter(ObservationFilterChainDecorator.java:137) ~[spring-security-web-6.3.3.jar:6.3.3]
	at org.springframework.security.web.header.HeaderWriterFilter.doHeadersAfter(HeaderWriterFilter.java:90) ~[spring-security-web-6.3.3.jar:6.3.3]
	at org.springframework.security.web.header.HeaderWriterFilter.doFilterInternal(HeaderWriterFilter.java:75) ~[spring-security-web-6.3.3.jar:6.3.3]
	at org.springframework.web.filter.OncePerRequestFilter.doFilter(OncePerRequestFilter.java:116) ~[spring-web-6.1.13.jar:6.1.13]
	at org.springframework.security.web.ObservationFilterChainDecorator$ObservationFilter.wrapFilter(ObservationFilterChainDecorator.java:240) ~[spring-security-web-6.3.3.jar:6.3.3]
	at org.springframework.security.web.ObservationFilterChainDecorator$ObservationFilter.doFilter(ObservationFilterChainDecorator.java:227) ~[spring-security-web-6.3.3.jar:6.3.3]
	at org.springframework.security.web.ObservationFilterChainDecorator$VirtualFilterChain.doFilter(ObservationFilterChainDecorator.java:137) ~[spring-security-web-6.3.3.jar:6.3.3]
	at org.springframework.security.web.context.SecurityContextHolderFilter.doFilter(SecurityContextHolderFilter.java:82) ~[spring-security-web-6.3.3.jar:6.3.3]
	at org.springframework.security.web.context.SecurityContextHolderFilter.doFilter(SecurityContextHolderFilter.java:69) ~[spring-security-web-6.3.3.jar:6.3.3]
	at org.springframework.security.web.ObservationFilterChainDecorator$ObservationFilter.wrapFilter(ObservationFilterChainDecorator.java:240) ~[spring-security-web-6.3.3.jar:6.3.3]
	at org.springframework.security.web.ObservationFilterChainDecorator$ObservationFilter.doFilter(ObservationFilterChainDecorator.java:227) ~[spring-security-web-6.3.3.jar:6.3.3]
	at org.springframework.security.web.ObservationFilterChainDecorator$VirtualFilterChain.doFilter(ObservationFilterChainDecorator.java:137) ~[spring-security-web-6.3.3.jar:6.3.3]
	at org.springframework.security.web.context.request.async.WebAsyncManagerIntegrationFilter.doFilterInternal(WebAsyncManagerIntegrationFilter.java:62) ~[spring-security-web-6.3.3.jar:6.3.3]
	at org.springframework.web.filter.OncePerRequestFilter.doFilter(OncePerRequestFilter.java:116) ~[spring-web-6.1.13.jar:6.1.13]
	at org.springframework.security.web.ObservationFilterChainDecorator$ObservationFilter.wrapFilter(ObservationFilterChainDecorator.java:240) ~[spring-security-web-6.3.3.jar:6.3.3]
	at org.springframework.security.web.ObservationFilterChainDecorator$ObservationFilter.doFilter(ObservationFilterChainDecorator.java:227) ~[spring-security-web-6.3.3.jar:6.3.3]
	at org.springframework.security.web.ObservationFilterChainDecorator$VirtualFilterChain.doFilter(ObservationFilterChainDecorator.java:137) ~[spring-security-web-6.3.3.jar:6.3.3]
	at org.springframework.security.web.session.DisableEncodeUrlFilter.doFilterInternal(DisableEncodeUrlFilter.java:42) ~[spring-security-web-6.3.3.jar:6.3.3]
	at org.springframework.web.filter.OncePerRequestFilter.doFilter(OncePerRequestFilter.java:116) ~[spring-web-6.1.13.jar:6.1.13]
	at org.springframework.security.web.ObservationFilterChainDecorator$ObservationFilter.wrapFilter(ObservationFilterChainDecorator.java:240) ~[spring-security-web-6.3.3.jar:6.3.3]
	at org.springframework.security.web.ObservationFilterChainDecorator$AroundFilterObservation$SimpleAroundFilterObservation.lambda$wrap$0(ObservationFilterChainDecorator.java:323) ~[spring-security-web-6.3.3.jar:6.3.3]
	at org.springframework.security.web.ObservationFilterChainDecorator$ObservationFilter.doFilter(ObservationFilterChainDecorator.java:224) ~[spring-security-web-6.3.3.jar:6.3.3]
	at org.springframework.security.web.ObservationFilterChainDecorator$VirtualFilterChain.doFilter(ObservationFilterChainDecorator.java:137) ~[spring-security-web-6.3.3.jar:6.3.3]
	at org.springframework.security.web.FilterChainProxy.doFilterInternal(FilterChainProxy.java:233) ~[spring-security-web-6.3.3.jar:6.3.3]
	at org.springframework.security.web.FilterChainProxy.doFilter(FilterChainProxy.java:191) ~[spring-security-web-6.3.3.jar:6.3.3]
	at org.springframework.web.filter.CompositeFilter$VirtualFilterChain.doFilter(CompositeFilter.java:113) ~[spring-web-6.1.13.jar:6.1.13]
	at org.springframework.web.servlet.handler.HandlerMappingIntrospector.lambda$createCacheFilter$3(HandlerMappingIntrospector.java:195) ~[spring-webmvc-6.1.13.jar:6.1.13]
	at org.springframework.web.filter.CompositeFilter$VirtualFilterChain.doFilter(CompositeFilter.java:113) ~[spring-web-6.1.13.jar:6.1.13]
	at org.springframework.web.filter.CompositeFilter.doFilter(CompositeFilter.java:74) ~[spring-web-6.1.13.jar:6.1.13]
	at org.springframework.security.config.annotation.web.configuration.WebMvcSecurityConfiguration$CompositeFilterChainProxy.doFilter(WebMvcSecurityConfiguration.java:230) ~[spring-security-config-6.3.3.jar:6.3.3]
	at org.springframework.web.filter.DelegatingFilterProxy.invokeDelegate(DelegatingFilterProxy.java:352) ~[spring-web-6.1.13.jar:6.1.13]
	at org.springframework.web.filter.DelegatingFilterProxy.doFilter(DelegatingFilterProxy.java:268) ~[spring-web-6.1.13.jar:6.1.13]
	at org.apache.catalina.core.ApplicationFilterChain.internalDoFilter(ApplicationFilterChain.java:164) ~[tomcat-embed-core-10.1.30.jar:10.1.30]
	at org.apache.catalina.core.ApplicationFilterChain.doFilter(ApplicationFilterChain.java:140) ~[tomcat-embed-core-10.1.30.jar:10.1.30]
	at org.springframework.web.filter.RequestContextFilter.doFilterInternal(RequestContextFilter.java:100) ~[spring-web-6.1.13.jar:6.1.13]
	at org.springframework.web.filter.OncePerRequestFilter.doFilter(OncePerRequestFilter.java:116) ~[spring-web-6.1.13.jar:6.1.13]
	at org.apache.catalina.core.ApplicationFilterChain.internalDoFilter(ApplicationFilterChain.java:164) ~[tomcat-embed-core-10.1.30.jar:10.1.30]
	at org.apache.catalina.core.ApplicationFilterChain.doFilter(ApplicationFilterChain.java:140) ~[tomcat-embed-core-10.1.30.jar:10.1.30]
	at org.springframework.web.filter.FormContentFilter.doFilterInternal(FormContentFilter.java:93) ~[spring-web-6.1.13.jar:6.1.13]
	at org.springframework.web.filter.OncePerRequestFilter.doFilter(OncePerRequestFilter.java:116) ~[spring-web-6.1.13.jar:6.1.13]
	at org.apache.catalina.core.ApplicationFilterChain.internalDoFilter(ApplicationFilterChain.java:164) ~[tomcat-embed-core-10.1.30.jar:10.1.30]
	at org.apache.catalina.core.ApplicationFilterChain.doFilter(ApplicationFilterChain.java:140) ~[tomcat-embed-core-10.1.30.jar:10.1.30]
	at org.springframework.web.filter.ServerHttpObservationFilter.doFilterInternal(ServerHttpObservationFilter.java:113) ~[spring-web-6.1.13.jar:6.1.13]
	at org.springframework.web.filter.OncePerRequestFilter.doFilter(OncePerRequestFilter.java:116) ~[spring-web-6.1.13.jar:6.1.13]
	at org.apache.catalina.core.ApplicationFilterChain.internalDoFilter(ApplicationFilterChain.java:164) ~[tomcat-embed-core-10.1.30.jar:10.1.30]
	at org.apache.catalina.core.ApplicationFilterChain.doFilter(ApplicationFilterChain.java:140) ~[tomcat-embed-core-10.1.30.jar:10.1.30]
	at org.springframework.web.filter.CharacterEncodingFilter.doFilterInternal(CharacterEncodingFilter.java:201) ~[spring-web-6.1.13.jar:6.1.13]
	at org.springframework.web.filter.OncePerRequestFilter.doFilter(OncePerRequestFilter.java:116) ~[spring-web-6.1.13.jar:6.1.13]
	at org.apache.catalina.core.ApplicationFilterChain.internalDoFilter(ApplicationFilterChain.java:164) ~[tomcat-embed-core-10.1.30.jar:10.1.30]
	at org.apache.catalina.core.ApplicationFilterChain.doFilter(ApplicationFilterChain.java:140) ~[tomcat-embed-core-10.1.30.jar:10.1.30]
	at org.apache.catalina.core.StandardWrapperValve.invoke(StandardWrapperValve.java:167) ~[tomcat-embed-core-10.1.30.jar:10.1.30]
	at org.apache.catalina.core.StandardContextValve.invoke(StandardContextValve.java:90) ~[tomcat-embed-core-10.1.30.jar:10.1.30]
	at org.apache.catalina.authenticator.AuthenticatorBase.invoke(AuthenticatorBase.java:483) ~[tomcat-embed-core-10.1.30.jar:10.1.30]
	at org.apache.catalina.core.StandardHostValve.invoke(StandardHostValve.java:115) ~[tomcat-embed-core-10.1.30.jar:10.1.30]
	at org.apache.catalina.valves.ErrorReportValve.invoke(ErrorReportValve.java:93) ~[tomcat-embed-core-10.1.30.jar:10.1.30]
	at org.apache.catalina.core.StandardEngineValve.invoke(StandardEngineValve.java:74) ~[tomcat-embed-core-10.1.30.jar:10.1.30]
	at org.apache.catalina.connector.CoyoteAdapter.service(CoyoteAdapter.java:344) ~[tomcat-embed-core-10.1.30.jar:10.1.30]
	at org.apache.coyote.http11.Http11Processor.service(Http11Processor.java:384) ~[tomcat-embed-core-10.1.30.jar:10.1.30]
	at org.apache.coyote.AbstractProcessorLight.process(AbstractProcessorLight.java:63) ~[tomcat-embed-core-10.1.30.jar:10.1.30]
	at org.apache.coyote.AbstractProtocol$ConnectionHandler.process(AbstractProtocol.java:905) ~[tomcat-embed-core-10.1.30.jar:10.1.30]
	at org.apache.tomcat.util.net.NioEndpoint$SocketProcessor.doRun(NioEndpoint.java:1741) ~[tomcat-embed-core-10.1.30.jar:10.1.30]
	at org.apache.tomcat.util.net.SocketProcessorBase.run(SocketProcessorBase.java:52) ~[tomcat-embed-core-10.1.30.jar:10.1.30]
	at org.apache.tomcat.util.threads.ThreadPoolExecutor.runWorker(ThreadPoolExecutor.java:1190) ~[tomcat-embed-core-10.1.30.jar:10.1.30]
	at org.apache.tomcat.util.threads.ThreadPoolExecutor$Worker.run(ThreadPoolExecutor.java:659) ~[tomcat-embed-core-10.1.30.jar:10.1.30]
	at org.apache.tomcat.util.threads.TaskThread$WrappingRunnable.run(TaskThread.java:63) ~[tomcat-embed-core-10.1.30.jar:10.1.30]
	at java.base/java.lang.Thread.run(Thread.java:1583) ~[na:na]

2025-01-14T20:03:52.827+01:00  INFO 43536 --- [competition-management-service] [http-nio-8084-exec-4] org.league.app.filter.JWTFilter          : Extracted email: ylopatkin@gmail.com
2025-01-14T20:03:52.828+01:00  INFO 43536 --- [competition-management-service] [http-nio-8084-exec-4] org.league.app.filter.JWTFilter          : User email: ylopatkin@gmail.com
2025-01-14T20:03:52.880+01:00 ERROR 43536 --- [competition-management-service] [http-nio-8084-exec-4] o.a.c.c.C.[.[.[/].[dispatcherServlet]    : Servlet.service() for servlet [dispatcherServlet] in context with path [] threw exception [Request processing failed: feign.FeignException$Forbidden: [403] during [GET] to [http://sport-service/api/sport/get-sports-by-name?sportName=o] [SportClientFeign#findByNameSearch(String)]: []] with root cause

feign.FeignException$Forbidden: [403] during [GET] to [http://sport-service/api/sport/get-sports-by-name?sportName=o] [SportClientFeign#findByNameSearch(String)]: []
	at feign.FeignException.clientErrorStatus(FeignException.java:226) ~[feign-core-13.3.jar:na]
	at feign.FeignException.errorStatus(FeignException.java:203) ~[feign-core-13.3.jar:na]
	at feign.FeignException.errorStatus(FeignException.java:194) ~[feign-core-13.3.jar:na]
	at feign.codec.ErrorDecoder$Default.decode(ErrorDecoder.java:103) ~[feign-core-13.3.jar:na]
	at feign.InvocationContext.decodeError(InvocationContext.java:126) ~[feign-core-13.3.jar:na]
	at feign.InvocationContext.proceed(InvocationContext.java:72) ~[feign-core-13.3.jar:na]
	at feign.ResponseHandler.handleResponse(ResponseHandler.java:63) ~[feign-core-13.3.jar:na]
	at feign.SynchronousMethodHandler.executeAndDecode(SynchronousMethodHandler.java:114) ~[feign-core-13.3.jar:na]
	at feign.SynchronousMethodHandler.invoke(SynchronousMethodHandler.java:70) ~[feign-core-13.3.jar:na]
	at feign.ReflectiveFeign$FeignInvocationHandler.invoke(ReflectiveFeign.java:99) ~[feign-core-13.3.jar:na]
	at jdk.proxy2/jdk.proxy2.$Proxy170.findByNameSearch(Unknown Source) ~[na:na]
	at org.league.app.service.GameSystemService.searchGameSystem(GameSystemService.java:66) ~[classes/:na]
	at java.base/jdk.internal.reflect.DirectMethodHandleAccessor.invoke(DirectMethodHandleAccessor.java:103) ~[na:na]
	at java.base/java.lang.reflect.Method.invoke(Method.java:580) ~[na:na]
	at org.springframework.aop.support.AopUtils.invokeJoinpointUsingReflection(AopUtils.java:355) ~[spring-aop-6.1.13.jar:6.1.13]
	at org.springframework.aop.framework.ReflectiveMethodInvocation.invokeJoinpoint(ReflectiveMethodInvocation.java:196) ~[spring-aop-6.1.13.jar:6.1.13]
	at org.springframework.aop.framework.ReflectiveMethodInvocation.proceed(ReflectiveMethodInvocation.java:163) ~[spring-aop-6.1.13.jar:6.1.13]
	at org.springframework.aop.framework.CglibAopProxy$CglibMethodInvocation.proceed(CglibAopProxy.java:768) ~[spring-aop-6.1.13.jar:6.1.13]
	at org.springframework.transaction.interceptor.TransactionAspectSupport.invokeWithinTransaction(TransactionAspectSupport.java:379) ~[spring-tx-6.1.13.jar:6.1.13]
	at org.springframework.transaction.interceptor.TransactionInterceptor.invoke(TransactionInterceptor.java:119) ~[spring-tx-6.1.13.jar:6.1.13]
	at org.springframework.aop.framework.ReflectiveMethodInvocation.proceed(ReflectiveMethodInvocation.java:184) ~[spring-aop-6.1.13.jar:6.1.13]
	at org.springframework.aop.framework.CglibAopProxy$CglibMethodInvocation.proceed(CglibAopProxy.java:768) ~[spring-aop-6.1.13.jar:6.1.13]
	at org.springframework.aop.framework.CglibAopProxy$DynamicAdvisedInterceptor.intercept(CglibAopProxy.java:720) ~[spring-aop-6.1.13.jar:6.1.13]
	at org.league.app.service.GameSystemService$$SpringCGLIB$$0.searchGameSystem(<generated>) ~[classes/:na]
	at org.league.app.controller.GameSystemController.searchGameSystem(GameSystemController.java:40) ~[classes/:na]
	at java.base/jdk.internal.reflect.DirectMethodHandleAccessor.invoke(DirectMethodHandleAccessor.java:103) ~[na:na]
	at java.base/java.lang.reflect.Method.invoke(Method.java:580) ~[na:na]
	at org.springframework.web.method.support.InvocableHandlerMethod.doInvoke(InvocableHandlerMethod.java:255) ~[spring-web-6.1.13.jar:6.1.13]
	at org.springframework.web.method.support.InvocableHandlerMethod.invokeForRequest(InvocableHandlerMethod.java:188) ~[spring-web-6.1.13.jar:6.1.13]
	at org.springframework.web.servlet.mvc.method.annotation.ServletInvocableHandlerMethod.invokeAndHandle(ServletInvocableHandlerMethod.java:118) ~[spring-webmvc-6.1.13.jar:6.1.13]
	at org.springframework.web.servlet.mvc.method.annotation.RequestMappingHandlerAdapter.invokeHandlerMethod(RequestMappingHandlerAdapter.java:926) ~[spring-webmvc-6.1.13.jar:6.1.13]
	at org.springframework.web.servlet.mvc.method.annotation.RequestMappingHandlerAdapter.handleInternal(RequestMappingHandlerAdapter.java:831) ~[spring-webmvc-6.1.13.jar:6.1.13]
	at org.springframework.web.servlet.mvc.method.AbstractHandlerMethodAdapter.handle(AbstractHandlerMethodAdapter.java:87) ~[spring-webmvc-6.1.13.jar:6.1.13]
	at org.springframework.web.servlet.DispatcherServlet.doDispatch(DispatcherServlet.java:1089) ~[spring-webmvc-6.1.13.jar:6.1.13]
	at org.springframework.web.servlet.DispatcherServlet.doService(DispatcherServlet.java:979) ~[spring-webmvc-6.1.13.jar:6.1.13]
	at org.springframework.web.servlet.FrameworkServlet.processRequest(FrameworkServlet.java:1014) ~[spring-webmvc-6.1.13.jar:6.1.13]
	at org.springframework.web.servlet.FrameworkServlet.doGet(FrameworkServlet.java:903) ~[spring-webmvc-6.1.13.jar:6.1.13]
	at jakarta.servlet.http.HttpServlet.service(HttpServlet.java:564) ~[tomcat-embed-core-10.1.30.jar:6.0]
	at org.springframework.web.servlet.FrameworkServlet.service(FrameworkServlet.java:885) ~[spring-webmvc-6.1.13.jar:6.1.13]
	at jakarta.servlet.http.HttpServlet.service(HttpServlet.java:658) ~[tomcat-embed-core-10.1.30.jar:6.0]
	at org.apache.catalina.core.ApplicationFilterChain.internalDoFilter(ApplicationFilterChain.java:195) ~[tomcat-embed-core-10.1.30.jar:10.1.30]
	at org.apache.catalina.core.ApplicationFilterChain.doFilter(ApplicationFilterChain.java:140) ~[tomcat-embed-core-10.1.30.jar:10.1.30]
	at org.apache.tomcat.websocket.server.WsFilter.doFilter(WsFilter.java:51) ~[tomcat-embed-websocket-10.1.30.jar:10.1.30]
	at org.apache.catalina.core.ApplicationFilterChain.internalDoFilter(ApplicationFilterChain.java:164) ~[tomcat-embed-core-10.1.30.jar:10.1.30]
	at org.apache.catalina.core.ApplicationFilterChain.doFilter(ApplicationFilterChain.java:140) ~[tomcat-embed-core-10.1.30.jar:10.1.30]
	at org.springframework.web.filter.OncePerRequestFilter.doFilter(OncePerRequestFilter.java:110) ~[spring-web-6.1.13.jar:6.1.13]
	at org.apache.catalina.core.ApplicationFilterChain.internalDoFilter(ApplicationFilterChain.java:164) ~[tomcat-embed-core-10.1.30.jar:10.1.30]
	at org.apache.catalina.core.ApplicationFilterChain.doFilter(ApplicationFilterChain.java:140) ~[tomcat-embed-core-10.1.30.jar:10.1.30]
	at org.springframework.web.filter.CompositeFilter$VirtualFilterChain.doFilter(CompositeFilter.java:108) ~[spring-web-6.1.13.jar:6.1.13]
	at org.springframework.security.web.FilterChainProxy.lambda$doFilterInternal$3(FilterChainProxy.java:231) ~[spring-security-web-6.3.3.jar:6.3.3]
	at org.springframework.security.web.ObservationFilterChainDecorator$FilterObservation$SimpleFilterObservation.lambda$wrap$1(ObservationFilterChainDecorator.java:479) ~[spring-security-web-6.3.3.jar:6.3.3]
	at org.springframework.security.web.ObservationFilterChainDecorator$AroundFilterObservation$SimpleAroundFilterObservation.lambda$wrap$1(ObservationFilterChainDecorator.java:340) ~[spring-security-web-6.3.3.jar:6.3.3]
	at org.springframework.security.web.ObservationFilterChainDecorator.lambda$wrapSecured$0(ObservationFilterChainDecorator.java:82) ~[spring-security-web-6.3.3.jar:6.3.3]
	at org.springframework.security.web.ObservationFilterChainDecorator$VirtualFilterChain.doFilter(ObservationFilterChainDecorator.java:128) ~[spring-security-web-6.3.3.jar:6.3.3]
	at org.springframework.security.web.access.intercept.AuthorizationFilter.doFilter(AuthorizationFilter.java:100) ~[spring-security-web-6.3.3.jar:6.3.3]
	at org.springframework.security.web.ObservationFilterChainDecorator$ObservationFilter.wrapFilter(ObservationFilterChainDecorator.java:240) ~[spring-security-web-6.3.3.jar:6.3.3]
	at org.springframework.security.web.ObservationFilterChainDecorator$ObservationFilter.doFilter(ObservationFilterChainDecorator.java:227) ~[spring-security-web-6.3.3.jar:6.3.3]
	at org.springframework.security.web.ObservationFilterChainDecorator$VirtualFilterChain.doFilter(ObservationFilterChainDecorator.java:137) ~[spring-security-web-6.3.3.jar:6.3.3]
	at org.springframework.security.web.access.ExceptionTranslationFilter.doFilter(ExceptionTranslationFilter.java:126) ~[spring-security-web-6.3.3.jar:6.3.3]
	at org.springframework.security.web.access.ExceptionTranslationFilter.doFilter(ExceptionTranslationFilter.java:120) ~[spring-security-web-6.3.3.jar:6.3.3]
	at org.springframework.security.web.ObservationFilterChainDecorator$ObservationFilter.wrapFilter(ObservationFilterChainDecorator.java:240) ~[spring-security-web-6.3.3.jar:6.3.3]
	at org.springframework.security.web.ObservationFilterChainDecorator$ObservationFilter.doFilter(ObservationFilterChainDecorator.java:227) ~[spring-security-web-6.3.3.jar:6.3.3]
	at org.springframework.security.web.ObservationFilterChainDecorator$VirtualFilterChain.doFilter(ObservationFilterChainDecorator.java:137) ~[spring-security-web-6.3.3.jar:6.3.3]
	at org.springframework.security.web.session.SessionManagementFilter.doFilter(SessionManagementFilter.java:131) ~[spring-security-web-6.3.3.jar:6.3.3]
	at org.springframework.security.web.session.SessionManagementFilter.doFilter(SessionManagementFilter.java:85) ~[spring-security-web-6.3.3.jar:6.3.3]
	at org.springframework.security.web.ObservationFilterChainDecorator$ObservationFilter.wrapFilter(ObservationFilterChainDecorator.java:240) ~[spring-security-web-6.3.3.jar:6.3.3]
	at org.springframework.security.web.ObservationFilterChainDecorator$ObservationFilter.doFilter(ObservationFilterChainDecorator.java:227) ~[spring-security-web-6.3.3.jar:6.3.3]
	at org.springframework.security.web.ObservationFilterChainDecorator$VirtualFilterChain.doFilter(ObservationFilterChainDecorator.java:137) ~[spring-security-web-6.3.3.jar:6.3.3]
	at org.springframework.security.web.authentication.AnonymousAuthenticationFilter.doFilter(AnonymousAuthenticationFilter.java:100) ~[spring-security-web-6.3.3.jar:6.3.3]
	at org.springframework.security.web.ObservationFilterChainDecorator$ObservationFilter.wrapFilter(ObservationFilterChainDecorator.java:240) ~[spring-security-web-6.3.3.jar:6.3.3]
	at org.springframework.security.web.ObservationFilterChainDecorator$ObservationFilter.doFilter(ObservationFilterChainDecorator.java:227) ~[spring-security-web-6.3.3.jar:6.3.3]
	at org.springframework.security.web.ObservationFilterChainDecorator$VirtualFilterChain.doFilter(ObservationFilterChainDecorator.java:137) ~[spring-security-web-6.3.3.jar:6.3.3]
	at org.springframework.security.web.servletapi.SecurityContextHolderAwareRequestFilter.doFilter(SecurityContextHolderAwareRequestFilter.java:179) ~[spring-security-web-6.3.3.jar:6.3.3]
	at org.springframework.security.web.ObservationFilterChainDecorator$ObservationFilter.wrapFilter(ObservationFilterChainDecorator.java:240) ~[spring-security-web-6.3.3.jar:6.3.3]
	at org.springframework.security.web.ObservationFilterChainDecorator$ObservationFilter.doFilter(ObservationFilterChainDecorator.java:227) ~[spring-security-web-6.3.3.jar:6.3.3]
	at org.springframework.security.web.ObservationFilterChainDecorator$VirtualFilterChain.doFilter(ObservationFilterChainDecorator.java:137) ~[spring-security-web-6.3.3.jar:6.3.3]
	at org.springframework.security.web.savedrequest.RequestCacheAwareFilter.doFilter(RequestCacheAwareFilter.java:63) ~[spring-security-web-6.3.3.jar:6.3.3]
	at org.springframework.security.web.ObservationFilterChainDecorator$ObservationFilter.wrapFilter(ObservationFilterChainDecorator.java:240) ~[spring-security-web-6.3.3.jar:6.3.3]
	at org.springframework.security.web.ObservationFilterChainDecorator$ObservationFilter.doFilter(ObservationFilterChainDecorator.java:227) ~[spring-security-web-6.3.3.jar:6.3.3]
	at org.springframework.security.web.ObservationFilterChainDecorator$VirtualFilterChain.doFilter(ObservationFilterChainDecorator.java:137) ~[spring-security-web-6.3.3.jar:6.3.3]
	at org.league.app.filter.JWTFilter.doFilterInternal(JWTFilter.java:78) ~[classes/:na]
	at org.springframework.web.filter.OncePerRequestFilter.doFilter(OncePerRequestFilter.java:116) ~[spring-web-6.1.13.jar:6.1.13]
	at org.springframework.security.web.ObservationFilterChainDecorator$ObservationFilter.wrapFilter(ObservationFilterChainDecorator.java:240) ~[spring-security-web-6.3.3.jar:6.3.3]
	at org.springframework.security.web.ObservationFilterChainDecorator$ObservationFilter.doFilter(ObservationFilterChainDecorator.java:227) ~[spring-security-web-6.3.3.jar:6.3.3]
	at org.springframework.security.web.ObservationFilterChainDecorator$VirtualFilterChain.doFilter(ObservationFilterChainDecorator.java:137) ~[spring-security-web-6.3.3.jar:6.3.3]
	at org.springframework.security.web.authentication.logout.LogoutFilter.doFilter(LogoutFilter.java:107) ~[spring-security-web-6.3.3.jar:6.3.3]
	at org.springframework.security.web.authentication.logout.LogoutFilter.doFilter(LogoutFilter.java:93) ~[spring-security-web-6.3.3.jar:6.3.3]
	at org.springframework.security.web.ObservationFilterChainDecorator$ObservationFilter.wrapFilter(ObservationFilterChainDecorator.java:240) ~[spring-security-web-6.3.3.jar:6.3.3]
	at org.springframework.security.web.ObservationFilterChainDecorator$ObservationFilter.doFilter(ObservationFilterChainDecorator.java:227) ~[spring-security-web-6.3.3.jar:6.3.3]
	at org.springframework.security.web.ObservationFilterChainDecorator$VirtualFilterChain.doFilter(ObservationFilterChainDecorator.java:137) ~[spring-security-web-6.3.3.jar:6.3.3]
	at org.springframework.security.web.header.HeaderWriterFilter.doHeadersAfter(HeaderWriterFilter.java:90) ~[spring-security-web-6.3.3.jar:6.3.3]
	at org.springframework.security.web.header.HeaderWriterFilter.doFilterInternal(HeaderWriterFilter.java:75) ~[spring-security-web-6.3.3.jar:6.3.3]
	at org.springframework.web.filter.OncePerRequestFilter.doFilter(OncePerRequestFilter.java:116) ~[spring-web-6.1.13.jar:6.1.13]
	at org.springframework.security.web.ObservationFilterChainDecorator$ObservationFilter.wrapFilter(ObservationFilterChainDecorator.java:240) ~[spring-security-web-6.3.3.jar:6.3.3]
	at org.springframework.security.web.ObservationFilterChainDecorator$ObservationFilter.doFilter(ObservationFilterChainDecorator.java:227) ~[spring-security-web-6.3.3.jar:6.3.3]
	at org.springframework.security.web.ObservationFilterChainDecorator$VirtualFilterChain.doFilter(ObservationFilterChainDecorator.java:137) ~[spring-security-web-6.3.3.jar:6.3.3]
	at org.springframework.security.web.context.SecurityContextHolderFilter.doFilter(SecurityContextHolderFilter.java:82) ~[spring-security-web-6.3.3.jar:6.3.3]
	at org.springframework.security.web.context.SecurityContextHolderFilter.doFilter(SecurityContextHolderFilter.java:69) ~[spring-security-web-6.3.3.jar:6.3.3]
	at org.springframework.security.web.ObservationFilterChainDecorator$ObservationFilter.wrapFilter(ObservationFilterChainDecorator.java:240) ~[spring-security-web-6.3.3.jar:6.3.3]
	at org.springframework.security.web.ObservationFilterChainDecorator$ObservationFilter.doFilter(ObservationFilterChainDecorator.java:227) ~[spring-security-web-6.3.3.jar:6.3.3]
	at org.springframework.security.web.ObservationFilterChainDecorator$VirtualFilterChain.doFilter(ObservationFilterChainDecorator.java:137) ~[spring-security-web-6.3.3.jar:6.3.3]
	at org.springframework.security.web.context.request.async.WebAsyncManagerIntegrationFilter.doFilterInternal(WebAsyncManagerIntegrationFilter.java:62) ~[spring-security-web-6.3.3.jar:6.3.3]
	at org.springframework.web.filter.OncePerRequestFilter.doFilter(OncePerRequestFilter.java:116) ~[spring-web-6.1.13.jar:6.1.13]
	at org.springframework.security.web.ObservationFilterChainDecorator$ObservationFilter.wrapFilter(ObservationFilterChainDecorator.java:240) ~[spring-security-web-6.3.3.jar:6.3.3]
	at org.springframework.security.web.ObservationFilterChainDecorator$ObservationFilter.doFilter(ObservationFilterChainDecorator.java:227) ~[spring-security-web-6.3.3.jar:6.3.3]
	at org.springframework.security.web.ObservationFilterChainDecorator$VirtualFilterChain.doFilter(ObservationFilterChainDecorator.java:137) ~[spring-security-web-6.3.3.jar:6.3.3]
	at org.springframework.security.web.session.DisableEncodeUrlFilter.doFilterInternal(DisableEncodeUrlFilter.java:42) ~[spring-security-web-6.3.3.jar:6.3.3]
	at org.springframework.web.filter.OncePerRequestFilter.doFilter(OncePerRequestFilter.java:116) ~[spring-web-6.1.13.jar:6.1.13]
	at org.springframework.security.web.ObservationFilterChainDecorator$ObservationFilter.wrapFilter(ObservationFilterChainDecorator.java:240) ~[spring-security-web-6.3.3.jar:6.3.3]
	at org.springframework.security.web.ObservationFilterChainDecorator$AroundFilterObservation$SimpleAroundFilterObservation.lambda$wrap$0(ObservationFilterChainDecorator.java:323) ~[spring-security-web-6.3.3.jar:6.3.3]
	at org.springframework.security.web.ObservationFilterChainDecorator$ObservationFilter.doFilter(ObservationFilterChainDecorator.java:224) ~[spring-security-web-6.3.3.jar:6.3.3]
	at org.springframework.security.web.ObservationFilterChainDecorator$VirtualFilterChain.doFilter(ObservationFilterChainDecorator.java:137) ~[spring-security-web-6.3.3.jar:6.3.3]
	at org.springframework.security.web.FilterChainProxy.doFilterInternal(FilterChainProxy.java:233) ~[spring-security-web-6.3.3.jar:6.3.3]
	at org.springframework.security.web.FilterChainProxy.doFilter(FilterChainProxy.java:191) ~[spring-security-web-6.3.3.jar:6.3.3]
	at org.springframework.web.filter.CompositeFilter$VirtualFilterChain.doFilter(CompositeFilter.java:113) ~[spring-web-6.1.13.jar:6.1.13]
	at org.springframework.web.servlet.handler.HandlerMappingIntrospector.lambda$createCacheFilter$3(HandlerMappingIntrospector.java:195) ~[spring-webmvc-6.1.13.jar:6.1.13]
	at org.springframework.web.filter.CompositeFilter$VirtualFilterChain.doFilter(CompositeFilter.java:113) ~[spring-web-6.1.13.jar:6.1.13]
	at org.springframework.web.filter.CompositeFilter.doFilter(CompositeFilter.java:74) ~[spring-web-6.1.13.jar:6.1.13]
	at org.springframework.security.config.annotation.web.configuration.WebMvcSecurityConfiguration$CompositeFilterChainProxy.doFilter(WebMvcSecurityConfiguration.java:230) ~[spring-security-config-6.3.3.jar:6.3.3]
	at org.springframework.web.filter.DelegatingFilterProxy.invokeDelegate(DelegatingFilterProxy.java:352) ~[spring-web-6.1.13.jar:6.1.13]
	at org.springframework.web.filter.DelegatingFilterProxy.doFilter(DelegatingFilterProxy.java:268) ~[spring-web-6.1.13.jar:6.1.13]
	at org.apache.catalina.core.ApplicationFilterChain.internalDoFilter(ApplicationFilterChain.java:164) ~[tomcat-embed-core-10.1.30.jar:10.1.30]
	at org.apache.catalina.core.ApplicationFilterChain.doFilter(ApplicationFilterChain.java:140) ~[tomcat-embed-core-10.1.30.jar:10.1.30]
	at org.springframework.web.filter.RequestContextFilter.doFilterInternal(RequestContextFilter.java:100) ~[spring-web-6.1.13.jar:6.1.13]
	at org.springframework.web.filter.OncePerRequestFilter.doFilter(OncePerRequestFilter.java:116) ~[spring-web-6.1.13.jar:6.1.13]
	at org.apache.catalina.core.ApplicationFilterChain.internalDoFilter(ApplicationFilterChain.java:164) ~[tomcat-embed-core-10.1.30.jar:10.1.30]
	at org.apache.catalina.core.ApplicationFilterChain.doFilter(ApplicationFilterChain.java:140) ~[tomcat-embed-core-10.1.30.jar:10.1.30]
	at org.springframework.web.filter.FormContentFilter.doFilterInternal(FormContentFilter.java:93) ~[spring-web-6.1.13.jar:6.1.13]
	at org.springframework.web.filter.OncePerRequestFilter.doFilter(OncePerRequestFilter.java:116) ~[spring-web-6.1.13.jar:6.1.13]
	at org.apache.catalina.core.ApplicationFilterChain.internalDoFilter(ApplicationFilterChain.java:164) ~[tomcat-embed-core-10.1.30.jar:10.1.30]
	at org.apache.catalina.core.ApplicationFilterChain.doFilter(ApplicationFilterChain.java:140) ~[tomcat-embed-core-10.1.30.jar:10.1.30]
	at org.springframework.web.filter.ServerHttpObservationFilter.doFilterInternal(ServerHttpObservationFilter.java:113) ~[spring-web-6.1.13.jar:6.1.13]
	at org.springframework.web.filter.OncePerRequestFilter.doFilter(OncePerRequestFilter.java:116) ~[spring-web-6.1.13.jar:6.1.13]
	at org.apache.catalina.core.ApplicationFilterChain.internalDoFilter(ApplicationFilterChain.java:164) ~[tomcat-embed-core-10.1.30.jar:10.1.30]
	at org.apache.catalina.core.ApplicationFilterChain.doFilter(ApplicationFilterChain.java:140) ~[tomcat-embed-core-10.1.30.jar:10.1.30]
	at org.springframework.web.filter.CharacterEncodingFilter.doFilterInternal(CharacterEncodingFilter.java:201) ~[spring-web-6.1.13.jar:6.1.13]
	at org.springframework.web.filter.OncePerRequestFilter.doFilter(OncePerRequestFilter.java:116) ~[spring-web-6.1.13.jar:6.1.13]
	at org.apache.catalina.core.ApplicationFilterChain.internalDoFilter(ApplicationFilterChain.java:164) ~[tomcat-embed-core-10.1.30.jar:10.1.30]
	at org.apache.catalina.core.ApplicationFilterChain.doFilter(ApplicationFilterChain.java:140) ~[tomcat-embed-core-10.1.30.jar:10.1.30]
	at org.apache.catalina.core.StandardWrapperValve.invoke(StandardWrapperValve.java:167) ~[tomcat-embed-core-10.1.30.jar:10.1.30]
	at org.apache.catalina.core.StandardContextValve.invoke(StandardContextValve.java:90) ~[tomcat-embed-core-10.1.30.jar:10.1.30]
	at org.apache.catalina.authenticator.AuthenticatorBase.invoke(AuthenticatorBase.java:483) ~[tomcat-embed-core-10.1.30.jar:10.1.30]
	at org.apache.catalina.core.StandardHostValve.invoke(StandardHostValve.java:115) ~[tomcat-embed-core-10.1.30.jar:10.1.30]
	at org.apache.catalina.valves.ErrorReportValve.invoke(ErrorReportValve.java:93) ~[tomcat-embed-core-10.1.30.jar:10.1.30]
	at org.apache.catalina.core.StandardEngineValve.invoke(StandardEngineValve.java:74) ~[tomcat-embed-core-10.1.30.jar:10.1.30]
	at org.apache.catalina.connector.CoyoteAdapter.service(CoyoteAdapter.java:344) ~[tomcat-embed-core-10.1.30.jar:10.1.30]
	at org.apache.coyote.http11.Http11Processor.service(Http11Processor.java:384) ~[tomcat-embed-core-10.1.30.jar:10.1.30]
	at org.apache.coyote.AbstractProcessorLight.process(AbstractProcessorLight.java:63) ~[tomcat-embed-core-10.1.30.jar:10.1.30]
	at org.apache.coyote.AbstractProtocol$ConnectionHandler.process(AbstractProtocol.java:905) ~[tomcat-embed-core-10.1.30.jar:10.1.30]
	at org.apache.tomcat.util.net.NioEndpoint$SocketProcessor.doRun(NioEndpoint.java:1741) ~[tomcat-embed-core-10.1.30.jar:10.1.30]
	at org.apache.tomcat.util.net.SocketProcessorBase.run(SocketProcessorBase.java:52) ~[tomcat-embed-core-10.1.30.jar:10.1.30]
	at org.apache.tomcat.util.threads.ThreadPoolExecutor.runWorker(ThreadPoolExecutor.java:1190) ~[tomcat-embed-core-10.1.30.jar:10.1.30]
	at org.apache.tomcat.util.threads.ThreadPoolExecutor$Worker.run(ThreadPoolExecutor.java:659) ~[tomcat-embed-core-10.1.30.jar:10.1.30]
	at org.apache.tomcat.util.threads.TaskThread$WrappingRunnable.run(TaskThread.java:63) ~[tomcat-embed-core-10.1.30.jar:10.1.30]
	at java.base/java.lang.Thread.run(Thread.java:1583) ~[na:na]

2025-01-14T20:03:53.988+01:00  INFO 43536 --- [competition-management-service] [http-nio-8084-exec-5] org.league.app.filter.JWTFilter          : Extracted email: ylopatkin@gmail.com
2025-01-14T20:03:53.988+01:00  INFO 43536 --- [competition-management-service] [http-nio-8084-exec-5] org.league.app.filter.JWTFilter          : User email: ylopatkin@gmail.com
2025-01-14T20:03:54.030+01:00 ERROR 43536 --- [competition-management-service] [http-nio-8084-exec-5] o.a.c.c.C.[.[.[/].[dispatcherServlet]    : Servlet.service() for servlet [dispatcherServlet] in context with path [] threw exception [Request processing failed: feign.FeignException$Forbidden: [403] during [GET] to [http://sport-service/api/sport/get-sports-by-name?sportName=o] [SportClientFeign#findByNameSearch(String)]: []] with root cause

feign.FeignException$Forbidden: [403] during [GET] to [http://sport-service/api/sport/get-sports-by-name?sportName=o] [SportClientFeign#findByNameSearch(String)]: []
	at feign.FeignException.clientErrorStatus(FeignException.java:226) ~[feign-core-13.3.jar:na]
	at feign.FeignException.errorStatus(FeignException.java:203) ~[feign-core-13.3.jar:na]
	at feign.FeignException.errorStatus(FeignException.java:194) ~[feign-core-13.3.jar:na]
	at feign.codec.ErrorDecoder$Default.decode(ErrorDecoder.java:103) ~[feign-core-13.3.jar:na]
	at feign.InvocationContext.decodeError(InvocationContext.java:126) ~[feign-core-13.3.jar:na]
	at feign.InvocationContext.proceed(InvocationContext.java:72) ~[feign-core-13.3.jar:na]
	at feign.ResponseHandler.handleResponse(ResponseHandler.java:63) ~[feign-core-13.3.jar:na]
	at feign.SynchronousMethodHandler.executeAndDecode(SynchronousMethodHandler.java:114) ~[feign-core-13.3.jar:na]
	at feign.SynchronousMethodHandler.invoke(SynchronousMethodHandler.java:70) ~[feign-core-13.3.jar:na]
	at feign.ReflectiveFeign$FeignInvocationHandler.invoke(ReflectiveFeign.java:99) ~[feign-core-13.3.jar:na]
	at jdk.proxy2/jdk.proxy2.$Proxy170.findByNameSearch(Unknown Source) ~[na:na]
	at org.league.app.service.GameSystemService.searchGameSystem(GameSystemService.java:66) ~[classes/:na]
	at java.base/jdk.internal.reflect.DirectMethodHandleAccessor.invoke(DirectMethodHandleAccessor.java:103) ~[na:na]
	at java.base/java.lang.reflect.Method.invoke(Method.java:580) ~[na:na]
	at org.springframework.aop.support.AopUtils.invokeJoinpointUsingReflection(AopUtils.java:355) ~[spring-aop-6.1.13.jar:6.1.13]
	at org.springframework.aop.framework.ReflectiveMethodInvocation.invokeJoinpoint(ReflectiveMethodInvocation.java:196) ~[spring-aop-6.1.13.jar:6.1.13]
	at org.springframework.aop.framework.ReflectiveMethodInvocation.proceed(ReflectiveMethodInvocation.java:163) ~[spring-aop-6.1.13.jar:6.1.13]
	at org.springframework.aop.framework.CglibAopProxy$CglibMethodInvocation.proceed(CglibAopProxy.java:768) ~[spring-aop-6.1.13.jar:6.1.13]
	at org.springframework.transaction.interceptor.TransactionAspectSupport.invokeWithinTransaction(TransactionAspectSupport.java:379) ~[spring-tx-6.1.13.jar:6.1.13]
	at org.springframework.transaction.interceptor.TransactionInterceptor.invoke(TransactionInterceptor.java:119) ~[spring-tx-6.1.13.jar:6.1.13]
	at org.springframework.aop.framework.ReflectiveMethodInvocation.proceed(ReflectiveMethodInvocation.java:184) ~[spring-aop-6.1.13.jar:6.1.13]
	at org.springframework.aop.framework.CglibAopProxy$CglibMethodInvocation.proceed(CglibAopProxy.java:768) ~[spring-aop-6.1.13.jar:6.1.13]
	at org.springframework.aop.framework.CglibAopProxy$DynamicAdvisedInterceptor.intercept(CglibAopProxy.java:720) ~[spring-aop-6.1.13.jar:6.1.13]
	at org.league.app.service.GameSystemService$$SpringCGLIB$$0.searchGameSystem(<generated>) ~[classes/:na]
	at org.league.app.controller.GameSystemController.searchGameSystem(GameSystemController.java:40) ~[classes/:na]
	at java.base/jdk.internal.reflect.DirectMethodHandleAccessor.invoke(DirectMethodHandleAccessor.java:103) ~[na:na]
	at java.base/java.lang.reflect.Method.invoke(Method.java:580) ~[na:na]
	at org.springframework.web.method.support.InvocableHandlerMethod.doInvoke(InvocableHandlerMethod.java:255) ~[spring-web-6.1.13.jar:6.1.13]
	at org.springframework.web.method.support.InvocableHandlerMethod.invokeForRequest(InvocableHandlerMethod.java:188) ~[spring-web-6.1.13.jar:6.1.13]
	at org.springframework.web.servlet.mvc.method.annotation.ServletInvocableHandlerMethod.invokeAndHandle(ServletInvocableHandlerMethod.java:118) ~[spring-webmvc-6.1.13.jar:6.1.13]
	at org.springframework.web.servlet.mvc.method.annotation.RequestMappingHandlerAdapter.invokeHandlerMethod(RequestMappingHandlerAdapter.java:926) ~[spring-webmvc-6.1.13.jar:6.1.13]
	at org.springframework.web.servlet.mvc.method.annotation.RequestMappingHandlerAdapter.handleInternal(RequestMappingHandlerAdapter.java:831) ~[spring-webmvc-6.1.13.jar:6.1.13]
	at org.springframework.web.servlet.mvc.method.AbstractHandlerMethodAdapter.handle(AbstractHandlerMethodAdapter.java:87) ~[spring-webmvc-6.1.13.jar:6.1.13]
	at org.springframework.web.servlet.DispatcherServlet.doDispatch(DispatcherServlet.java:1089) ~[spring-webmvc-6.1.13.jar:6.1.13]
	at org.springframework.web.servlet.DispatcherServlet.doService(DispatcherServlet.java:979) ~[spring-webmvc-6.1.13.jar:6.1.13]
	at org.springframework.web.servlet.FrameworkServlet.processRequest(FrameworkServlet.java:1014) ~[spring-webmvc-6.1.13.jar:6.1.13]
	at org.springframework.web.servlet.FrameworkServlet.doGet(FrameworkServlet.java:903) ~[spring-webmvc-6.1.13.jar:6.1.13]
	at jakarta.servlet.http.HttpServlet.service(HttpServlet.java:564) ~[tomcat-embed-core-10.1.30.jar:6.0]
	at org.springframework.web.servlet.FrameworkServlet.service(FrameworkServlet.java:885) ~[spring-webmvc-6.1.13.jar:6.1.13]
	at jakarta.servlet.http.HttpServlet.service(HttpServlet.java:658) ~[tomcat-embed-core-10.1.30.jar:6.0]
	at org.apache.catalina.core.ApplicationFilterChain.internalDoFilter(ApplicationFilterChain.java:195) ~[tomcat-embed-core-10.1.30.jar:10.1.30]
	at org.apache.catalina.core.ApplicationFilterChain.doFilter(ApplicationFilterChain.java:140) ~[tomcat-embed-core-10.1.30.jar:10.1.30]
	at org.apache.tomcat.websocket.server.WsFilter.doFilter(WsFilter.java:51) ~[tomcat-embed-websocket-10.1.30.jar:10.1.30]
	at org.apache.catalina.core.ApplicationFilterChain.internalDoFilter(ApplicationFilterChain.java:164) ~[tomcat-embed-core-10.1.30.jar:10.1.30]
	at org.apache.catalina.core.ApplicationFilterChain.doFilter(ApplicationFilterChain.java:140) ~[tomcat-embed-core-10.1.30.jar:10.1.30]
	at org.springframework.web.filter.OncePerRequestFilter.doFilter(OncePerRequestFilter.java:110) ~[spring-web-6.1.13.jar:6.1.13]
	at org.apache.catalina.core.ApplicationFilterChain.internalDoFilter(ApplicationFilterChain.java:164) ~[tomcat-embed-core-10.1.30.jar:10.1.30]
	at org.apache.catalina.core.ApplicationFilterChain.doFilter(ApplicationFilterChain.java:140) ~[tomcat-embed-core-10.1.30.jar:10.1.30]
	at org.springframework.web.filter.CompositeFilter$VirtualFilterChain.doFilter(CompositeFilter.java:108) ~[spring-web-6.1.13.jar:6.1.13]
	at org.springframework.security.web.FilterChainProxy.lambda$doFilterInternal$3(FilterChainProxy.java:231) ~[spring-security-web-6.3.3.jar:6.3.3]
	at org.springframework.security.web.ObservationFilterChainDecorator$FilterObservation$SimpleFilterObservation.lambda$wrap$1(ObservationFilterChainDecorator.java:479) ~[spring-security-web-6.3.3.jar:6.3.3]
	at org.springframework.security.web.ObservationFilterChainDecorator$AroundFilterObservation$SimpleAroundFilterObservation.lambda$wrap$1(ObservationFilterChainDecorator.java:340) ~[spring-security-web-6.3.3.jar:6.3.3]
	at org.springframework.security.web.ObservationFilterChainDecorator.lambda$wrapSecured$0(ObservationFilterChainDecorator.java:82) ~[spring-security-web-6.3.3.jar:6.3.3]
	at org.springframework.security.web.ObservationFilterChainDecorator$VirtualFilterChain.doFilter(ObservationFilterChainDecorator.java:128) ~[spring-security-web-6.3.3.jar:6.3.3]
	at org.springframework.security.web.access.intercept.AuthorizationFilter.doFilter(AuthorizationFilter.java:100) ~[spring-security-web-6.3.3.jar:6.3.3]
	at org.springframework.security.web.ObservationFilterChainDecorator$ObservationFilter.wrapFilter(ObservationFilterChainDecorator.java:240) ~[spring-security-web-6.3.3.jar:6.3.3]
	at org.springframework.security.web.ObservationFilterChainDecorator$ObservationFilter.doFilter(ObservationFilterChainDecorator.java:227) ~[spring-security-web-6.3.3.jar:6.3.3]
	at org.springframework.security.web.ObservationFilterChainDecorator$VirtualFilterChain.doFilter(ObservationFilterChainDecorator.java:137) ~[spring-security-web-6.3.3.jar:6.3.3]
	at org.springframework.security.web.access.ExceptionTranslationFilter.doFilter(ExceptionTranslationFilter.java:126) ~[spring-security-web-6.3.3.jar:6.3.3]
	at org.springframework.security.web.access.ExceptionTranslationFilter.doFilter(ExceptionTranslationFilter.java:120) ~[spring-security-web-6.3.3.jar:6.3.3]
	at org.springframework.security.web.ObservationFilterChainDecorator$ObservationFilter.wrapFilter(ObservationFilterChainDecorator.java:240) ~[spring-security-web-6.3.3.jar:6.3.3]
	at org.springframework.security.web.ObservationFilterChainDecorator$ObservationFilter.doFilter(ObservationFilterChainDecorator.java:227) ~[spring-security-web-6.3.3.jar:6.3.3]
	at org.springframework.security.web.ObservationFilterChainDecorator$VirtualFilterChain.doFilter(ObservationFilterChainDecorator.java:137) ~[spring-security-web-6.3.3.jar:6.3.3]
	at org.springframework.security.web.session.SessionManagementFilter.doFilter(SessionManagementFilter.java:131) ~[spring-security-web-6.3.3.jar:6.3.3]
	at org.springframework.security.web.session.SessionManagementFilter.doFilter(SessionManagementFilter.java:85) ~[spring-security-web-6.3.3.jar:6.3.3]
	at org.springframework.security.web.ObservationFilterChainDecorator$ObservationFilter.wrapFilter(ObservationFilterChainDecorator.java:240) ~[spring-security-web-6.3.3.jar:6.3.3]
	at org.springframework.security.web.ObservationFilterChainDecorator$ObservationFilter.doFilter(ObservationFilterChainDecorator.java:227) ~[spring-security-web-6.3.3.jar:6.3.3]
	at org.springframework.security.web.ObservationFilterChainDecorator$VirtualFilterChain.doFilter(ObservationFilterChainDecorator.java:137) ~[spring-security-web-6.3.3.jar:6.3.3]
	at org.springframework.security.web.authentication.AnonymousAuthenticationFilter.doFilter(AnonymousAuthenticationFilter.java:100) ~[spring-security-web-6.3.3.jar:6.3.3]
	at org.springframework.security.web.ObservationFilterChainDecorator$ObservationFilter.wrapFilter(ObservationFilterChainDecorator.java:240) ~[spring-security-web-6.3.3.jar:6.3.3]
	at org.springframework.security.web.ObservationFilterChainDecorator$ObservationFilter.doFilter(ObservationFilterChainDecorator.java:227) ~[spring-security-web-6.3.3.jar:6.3.3]
	at org.springframework.security.web.ObservationFilterChainDecorator$VirtualFilterChain.doFilter(ObservationFilterChainDecorator.java:137) ~[spring-security-web-6.3.3.jar:6.3.3]
	at org.springframework.security.web.servletapi.SecurityContextHolderAwareRequestFilter.doFilter(SecurityContextHolderAwareRequestFilter.java:179) ~[spring-security-web-6.3.3.jar:6.3.3]
	at org.springframework.security.web.ObservationFilterChainDecorator$ObservationFilter.wrapFilter(ObservationFilterChainDecorator.java:240) ~[spring-security-web-6.3.3.jar:6.3.3]
	at org.springframework.security.web.ObservationFilterChainDecorator$ObservationFilter.doFilter(ObservationFilterChainDecorator.java:227) ~[spring-security-web-6.3.3.jar:6.3.3]
	at org.springframework.security.web.ObservationFilterChainDecorator$VirtualFilterChain.doFilter(ObservationFilterChainDecorator.java:137) ~[spring-security-web-6.3.3.jar:6.3.3]
	at org.springframework.security.web.savedrequest.RequestCacheAwareFilter.doFilter(RequestCacheAwareFilter.java:63) ~[spring-security-web-6.3.3.jar:6.3.3]
	at org.springframework.security.web.ObservationFilterChainDecorator$ObservationFilter.wrapFilter(ObservationFilterChainDecorator.java:240) ~[spring-security-web-6.3.3.jar:6.3.3]
	at org.springframework.security.web.ObservationFilterChainDecorator$ObservationFilter.doFilter(ObservationFilterChainDecorator.java:227) ~[spring-security-web-6.3.3.jar:6.3.3]
	at org.springframework.security.web.ObservationFilterChainDecorator$VirtualFilterChain.doFilter(ObservationFilterChainDecorator.java:137) ~[spring-security-web-6.3.3.jar:6.3.3]
	at org.league.app.filter.JWTFilter.doFilterInternal(JWTFilter.java:78) ~[classes/:na]
	at org.springframework.web.filter.OncePerRequestFilter.doFilter(OncePerRequestFilter.java:116) ~[spring-web-6.1.13.jar:6.1.13]
	at org.springframework.security.web.ObservationFilterChainDecorator$ObservationFilter.wrapFilter(ObservationFilterChainDecorator.java:240) ~[spring-security-web-6.3.3.jar:6.3.3]
	at org.springframework.security.web.ObservationFilterChainDecorator$ObservationFilter.doFilter(ObservationFilterChainDecorator.java:227) ~[spring-security-web-6.3.3.jar:6.3.3]
	at org.springframework.security.web.ObservationFilterChainDecorator$VirtualFilterChain.doFilter(ObservationFilterChainDecorator.java:137) ~[spring-security-web-6.3.3.jar:6.3.3]
	at org.springframework.security.web.authentication.logout.LogoutFilter.doFilter(LogoutFilter.java:107) ~[spring-security-web-6.3.3.jar:6.3.3]
	at org.springframework.security.web.authentication.logout.LogoutFilter.doFilter(LogoutFilter.java:93) ~[spring-security-web-6.3.3.jar:6.3.3]
	at org.springframework.security.web.ObservationFilterChainDecorator$ObservationFilter.wrapFilter(ObservationFilterChainDecorator.java:240) ~[spring-security-web-6.3.3.jar:6.3.3]
	at org.springframework.security.web.ObservationFilterChainDecorator$ObservationFilter.doFilter(ObservationFilterChainDecorator.java:227) ~[spring-security-web-6.3.3.jar:6.3.3]
	at org.springframework.security.web.ObservationFilterChainDecorator$VirtualFilterChain.doFilter(ObservationFilterChainDecorator.java:137) ~[spring-security-web-6.3.3.jar:6.3.3]
	at org.springframework.security.web.header.HeaderWriterFilter.doHeadersAfter(HeaderWriterFilter.java:90) ~[spring-security-web-6.3.3.jar:6.3.3]
	at org.springframework.security.web.header.HeaderWriterFilter.doFilterInternal(HeaderWriterFilter.java:75) ~[spring-security-web-6.3.3.jar:6.3.3]
	at org.springframework.web.filter.OncePerRequestFilter.doFilter(OncePerRequestFilter.java:116) ~[spring-web-6.1.13.jar:6.1.13]
	at org.springframework.security.web.ObservationFilterChainDecorator$ObservationFilter.wrapFilter(ObservationFilterChainDecorator.java:240) ~[spring-security-web-6.3.3.jar:6.3.3]
	at org.springframework.security.web.ObservationFilterChainDecorator$ObservationFilter.doFilter(ObservationFilterChainDecorator.java:227) ~[spring-security-web-6.3.3.jar:6.3.3]
	at org.springframework.security.web.ObservationFilterChainDecorator$VirtualFilterChain.doFilter(ObservationFilterChainDecorator.java:137) ~[spring-security-web-6.3.3.jar:6.3.3]
	at org.springframework.security.web.context.SecurityContextHolderFilter.doFilter(SecurityContextHolderFilter.java:82) ~[spring-security-web-6.3.3.jar:6.3.3]
	at org.springframework.security.web.context.SecurityContextHolderFilter.doFilter(SecurityContextHolderFilter.java:69) ~[spring-security-web-6.3.3.jar:6.3.3]
	at org.springframework.security.web.ObservationFilterChainDecorator$ObservationFilter.wrapFilter(ObservationFilterChainDecorator.java:240) ~[spring-security-web-6.3.3.jar:6.3.3]
	at org.springframework.security.web.ObservationFilterChainDecorator$ObservationFilter.doFilter(ObservationFilterChainDecorator.java:227) ~[spring-security-web-6.3.3.jar:6.3.3]
	at org.springframework.security.web.ObservationFilterChainDecorator$VirtualFilterChain.doFilter(ObservationFilterChainDecorator.java:137) ~[spring-security-web-6.3.3.jar:6.3.3]
	at org.springframework.security.web.context.request.async.WebAsyncManagerIntegrationFilter.doFilterInternal(WebAsyncManagerIntegrationFilter.java:62) ~[spring-security-web-6.3.3.jar:6.3.3]
	at org.springframework.web.filter.OncePerRequestFilter.doFilter(OncePerRequestFilter.java:116) ~[spring-web-6.1.13.jar:6.1.13]
	at org.springframework.security.web.ObservationFilterChainDecorator$ObservationFilter.wrapFilter(ObservationFilterChainDecorator.java:240) ~[spring-security-web-6.3.3.jar:6.3.3]
	at org.springframework.security.web.ObservationFilterChainDecorator$ObservationFilter.doFilter(ObservationFilterChainDecorator.java:227) ~[spring-security-web-6.3.3.jar:6.3.3]
	at org.springframework.security.web.ObservationFilterChainDecorator$VirtualFilterChain.doFilter(ObservationFilterChainDecorator.java:137) ~[spring-security-web-6.3.3.jar:6.3.3]
	at org.springframework.security.web.session.DisableEncodeUrlFilter.doFilterInternal(DisableEncodeUrlFilter.java:42) ~[spring-security-web-6.3.3.jar:6.3.3]
	at org.springframework.web.filter.OncePerRequestFilter.doFilter(OncePerRequestFilter.java:116) ~[spring-web-6.1.13.jar:6.1.13]
	at org.springframework.security.web.ObservationFilterChainDecorator$ObservationFilter.wrapFilter(ObservationFilterChainDecorator.java:240) ~[spring-security-web-6.3.3.jar:6.3.3]
	at org.springframework.security.web.ObservationFilterChainDecorator$AroundFilterObservation$SimpleAroundFilterObservation.lambda$wrap$0(ObservationFilterChainDecorator.java:323) ~[spring-security-web-6.3.3.jar:6.3.3]
	at org.springframework.security.web.ObservationFilterChainDecorator$ObservationFilter.doFilter(ObservationFilterChainDecorator.java:224) ~[spring-security-web-6.3.3.jar:6.3.3]
	at org.springframework.security.web.ObservationFilterChainDecorator$VirtualFilterChain.doFilter(ObservationFilterChainDecorator.java:137) ~[spring-security-web-6.3.3.jar:6.3.3]
	at org.springframework.security.web.FilterChainProxy.doFilterInternal(FilterChainProxy.java:233) ~[spring-security-web-6.3.3.jar:6.3.3]
	at org.springframework.security.web.FilterChainProxy.doFilter(FilterChainProxy.java:191) ~[spring-security-web-6.3.3.jar:6.3.3]
	at org.springframework.web.filter.CompositeFilter$VirtualFilterChain.doFilter(CompositeFilter.java:113) ~[spring-web-6.1.13.jar:6.1.13]
	at org.springframework.web.servlet.handler.HandlerMappingIntrospector.lambda$createCacheFilter$3(HandlerMappingIntrospector.java:195) ~[spring-webmvc-6.1.13.jar:6.1.13]
	at org.springframework.web.filter.CompositeFilter$VirtualFilterChain.doFilter(CompositeFilter.java:113) ~[spring-web-6.1.13.jar:6.1.13]
	at org.springframework.web.filter.CompositeFilter.doFilter(CompositeFilter.java:74) ~[spring-web-6.1.13.jar:6.1.13]
	at org.springframework.security.config.annotation.web.configuration.WebMvcSecurityConfiguration$CompositeFilterChainProxy.doFilter(WebMvcSecurityConfiguration.java:230) ~[spring-security-config-6.3.3.jar:6.3.3]
	at org.springframework.web.filter.DelegatingFilterProxy.invokeDelegate(DelegatingFilterProxy.java:352) ~[spring-web-6.1.13.jar:6.1.13]
	at org.springframework.web.filter.DelegatingFilterProxy.doFilter(DelegatingFilterProxy.java:268) ~[spring-web-6.1.13.jar:6.1.13]
	at org.apache.catalina.core.ApplicationFilterChain.internalDoFilter(ApplicationFilterChain.java:164) ~[tomcat-embed-core-10.1.30.jar:10.1.30]
	at org.apache.catalina.core.ApplicationFilterChain.doFilter(ApplicationFilterChain.java:140) ~[tomcat-embed-core-10.1.30.jar:10.1.30]
	at org.springframework.web.filter.RequestContextFilter.doFilterInternal(RequestContextFilter.java:100) ~[spring-web-6.1.13.jar:6.1.13]
	at org.springframework.web.filter.OncePerRequestFilter.doFilter(OncePerRequestFilter.java:116) ~[spring-web-6.1.13.jar:6.1.13]
	at org.apache.catalina.core.ApplicationFilterChain.internalDoFilter(ApplicationFilterChain.java:164) ~[tomcat-embed-core-10.1.30.jar:10.1.30]
	at org.apache.catalina.core.ApplicationFilterChain.doFilter(ApplicationFilterChain.java:140) ~[tomcat-embed-core-10.1.30.jar:10.1.30]
	at org.springframework.web.filter.FormContentFilter.doFilterInternal(FormContentFilter.java:93) ~[spring-web-6.1.13.jar:6.1.13]
	at org.springframework.web.filter.OncePerRequestFilter.doFilter(OncePerRequestFilter.java:116) ~[spring-web-6.1.13.jar:6.1.13]
	at org.apache.catalina.core.ApplicationFilterChain.internalDoFilter(ApplicationFilterChain.java:164) ~[tomcat-embed-core-10.1.30.jar:10.1.30]
	at org.apache.catalina.core.ApplicationFilterChain.doFilter(ApplicationFilterChain.java:140) ~[tomcat-embed-core-10.1.30.jar:10.1.30]
	at org.springframework.web.filter.ServerHttpObservationFilter.doFilterInternal(ServerHttpObservationFilter.java:113) ~[spring-web-6.1.13.jar:6.1.13]
	at org.springframework.web.filter.OncePerRequestFilter.doFilter(OncePerRequestFilter.java:116) ~[spring-web-6.1.13.jar:6.1.13]
	at org.apache.catalina.core.ApplicationFilterChain.internalDoFilter(ApplicationFilterChain.java:164) ~[tomcat-embed-core-10.1.30.jar:10.1.30]
	at org.apache.catalina.core.ApplicationFilterChain.doFilter(ApplicationFilterChain.java:140) ~[tomcat-embed-core-10.1.30.jar:10.1.30]
	at org.springframework.web.filter.CharacterEncodingFilter.doFilterInternal(CharacterEncodingFilter.java:201) ~[spring-web-6.1.13.jar:6.1.13]
	at org.springframework.web.filter.OncePerRequestFilter.doFilter(OncePerRequestFilter.java:116) ~[spring-web-6.1.13.jar:6.1.13]
	at org.apache.catalina.core.ApplicationFilterChain.internalDoFilter(ApplicationFilterChain.java:164) ~[tomcat-embed-core-10.1.30.jar:10.1.30]
	at org.apache.catalina.core.ApplicationFilterChain.doFilter(ApplicationFilterChain.java:140) ~[tomcat-embed-core-10.1.30.jar:10.1.30]
	at org.apache.catalina.core.StandardWrapperValve.invoke(StandardWrapperValve.java:167) ~[tomcat-embed-core-10.1.30.jar:10.1.30]
	at org.apache.catalina.core.StandardContextValve.invoke(StandardContextValve.java:90) ~[tomcat-embed-core-10.1.30.jar:10.1.30]
	at org.apache.catalina.authenticator.AuthenticatorBase.invoke(AuthenticatorBase.java:483) ~[tomcat-embed-core-10.1.30.jar:10.1.30]
	at org.apache.catalina.core.StandardHostValve.invoke(StandardHostValve.java:115) ~[tomcat-embed-core-10.1.30.jar:10.1.30]
	at org.apache.catalina.valves.ErrorReportValve.invoke(ErrorReportValve.java:93) ~[tomcat-embed-core-10.1.30.jar:10.1.30]
	at org.apache.catalina.core.StandardEngineValve.invoke(StandardEngineValve.java:74) ~[tomcat-embed-core-10.1.30.jar:10.1.30]
	at org.apache.catalina.connector.CoyoteAdapter.service(CoyoteAdapter.java:344) ~[tomcat-embed-core-10.1.30.jar:10.1.30]
	at org.apache.coyote.http11.Http11Processor.service(Http11Processor.java:384) ~[tomcat-embed-core-10.1.30.jar:10.1.30]
	at org.apache.coyote.AbstractProcessorLight.process(AbstractProcessorLight.java:63) ~[tomcat-embed-core-10.1.30.jar:10.1.30]
	at org.apache.coyote.AbstractProtocol$ConnectionHandler.process(AbstractProtocol.java:905) ~[tomcat-embed-core-10.1.30.jar:10.1.30]
	at org.apache.tomcat.util.net.NioEndpoint$SocketProcessor.doRun(NioEndpoint.java:1741) ~[tomcat-embed-core-10.1.30.jar:10.1.30]
	at org.apache.tomcat.util.net.SocketProcessorBase.run(SocketProcessorBase.java:52) ~[tomcat-embed-core-10.1.30.jar:10.1.30]
	at org.apache.tomcat.util.threads.ThreadPoolExecutor.runWorker(ThreadPoolExecutor.java:1190) ~[tomcat-embed-core-10.1.30.jar:10.1.30]
	at org.apache.tomcat.util.threads.ThreadPoolExecutor$Worker.run(ThreadPoolExecutor.java:659) ~[tomcat-embed-core-10.1.30.jar:10.1.30]
	at org.apache.tomcat.util.threads.TaskThread$WrappingRunnable.run(TaskThread.java:63) ~[tomcat-embed-core-10.1.30.jar:10.1.30]
	at java.base/java.lang.Thread.run(Thread.java:1583) ~[na:na]

2025-01-14T20:03:56.900+01:00  INFO 43536 --- [competition-management-service] [http-nio-8084-exec-7] org.league.app.filter.JWTFilter          : Extracted email: ylopatkin@gmail.com
2025-01-14T20:03:56.900+01:00  INFO 43536 --- [competition-management-service] [http-nio-8084-exec-7] org.league.app.filter.JWTFilter          : User email: ylopatkin@gmail.com
2025-01-14T20:03:56.928+01:00  WARN 43536 --- [competition-management-service] [http-nio-8084-exec-7] .w.s.m.s.DefaultHandlerExceptionResolver : Resolved [org.springframework.web.bind.MissingServletRequestParameterException: Required request parameter 'query' for method parameter type String is not present]
2025-01-14T20:03:59.575+01:00  INFO 43536 --- [competition-management-service] [http-nio-8084-exec-8] org.league.app.filter.JWTFilter          : Extracted email: ylopatkin@gmail.com
2025-01-14T20:03:59.575+01:00  INFO 43536 --- [competition-management-service] [http-nio-8084-exec-8] org.league.app.filter.JWTFilter          : User email: ylopatkin@gmail.com
2025-01-14T20:03:59.602+01:00  WARN 43536 --- [competition-management-service] [http-nio-8084-exec-8] .w.s.m.s.DefaultHandlerExceptionResolver : Resolved [org.springframework.web.bind.MissingServletRequestParameterException: Required request parameter 'query' for method parameter type String is not present]
2025-01-14T20:04:09.477+01:00  INFO 43536 --- [competition-management-service] [http-nio-8084-exec-10] org.league.app.filter.JWTFilter          : Extracted email: ylopatkin@gmail.com
2025-01-14T20:04:09.477+01:00  INFO 43536 --- [competition-management-service] [http-nio-8084-exec-10] org.league.app.filter.JWTFilter          : User email: ylopatkin@gmail.com
2025-01-14T20:04:12.135+01:00  INFO 43536 --- [competition-management-service] [http-nio-8084-exec-1] org.league.app.filter.JWTFilter          : Extracted email: ylopatkin@gmail.com
2025-01-14T20:04:12.135+01:00  INFO 43536 --- [competition-management-service] [http-nio-8084-exec-1] org.league.app.filter.JWTFilter          : User email: ylopatkin@gmail.com
2025-01-14T20:04:12.170+01:00 ERROR 43536 --- [competition-management-service] [http-nio-8084-exec-1] o.a.c.c.C.[.[.[/].[dispatcherServlet]    : Servlet.service() for servlet [dispatcherServlet] in context with path [] threw exception [Request processing failed: feign.FeignException$Forbidden: [403] during [GET] to [http://sport-service/api/sport/get-sports-by-name?sportName=s] [SportClientFeign#findByNameSearch(String)]: []] with root cause

feign.FeignException$Forbidden: [403] during [GET] to [http://sport-service/api/sport/get-sports-by-name?sportName=s] [SportClientFeign#findByNameSearch(String)]: []
	at feign.FeignException.clientErrorStatus(FeignException.java:226) ~[feign-core-13.3.jar:na]
	at feign.FeignException.errorStatus(FeignException.java:203) ~[feign-core-13.3.jar:na]
	at feign.FeignException.errorStatus(FeignException.java:194) ~[feign-core-13.3.jar:na]
	at feign.codec.ErrorDecoder$Default.decode(ErrorDecoder.java:103) ~[feign-core-13.3.jar:na]
	at feign.InvocationContext.decodeError(InvocationContext.java:126) ~[feign-core-13.3.jar:na]
	at feign.InvocationContext.proceed(InvocationContext.java:72) ~[feign-core-13.3.jar:na]
	at feign.ResponseHandler.handleResponse(ResponseHandler.java:63) ~[feign-core-13.3.jar:na]
	at feign.SynchronousMethodHandler.executeAndDecode(SynchronousMethodHandler.java:114) ~[feign-core-13.3.jar:na]
	at feign.SynchronousMethodHandler.invoke(SynchronousMethodHandler.java:70) ~[feign-core-13.3.jar:na]
	at feign.ReflectiveFeign$FeignInvocationHandler.invoke(ReflectiveFeign.java:99) ~[feign-core-13.3.jar:na]
	at jdk.proxy2/jdk.proxy2.$Proxy170.findByNameSearch(Unknown Source) ~[na:na]
	at org.league.app.service.GameSystemService.searchGameSystem(GameSystemService.java:66) ~[classes/:na]
	at java.base/jdk.internal.reflect.DirectMethodHandleAccessor.invoke(DirectMethodHandleAccessor.java:103) ~[na:na]
	at java.base/java.lang.reflect.Method.invoke(Method.java:580) ~[na:na]
	at org.springframework.aop.support.AopUtils.invokeJoinpointUsingReflection(AopUtils.java:355) ~[spring-aop-6.1.13.jar:6.1.13]
	at org.springframework.aop.framework.ReflectiveMethodInvocation.invokeJoinpoint(ReflectiveMethodInvocation.java:196) ~[spring-aop-6.1.13.jar:6.1.13]
	at org.springframework.aop.framework.ReflectiveMethodInvocation.proceed(ReflectiveMethodInvocation.java:163) ~[spring-aop-6.1.13.jar:6.1.13]
	at org.springframework.aop.framework.CglibAopProxy$CglibMethodInvocation.proceed(CglibAopProxy.java:768) ~[spring-aop-6.1.13.jar:6.1.13]
	at org.springframework.transaction.interceptor.TransactionAspectSupport.invokeWithinTransaction(TransactionAspectSupport.java:379) ~[spring-tx-6.1.13.jar:6.1.13]
	at org.springframework.transaction.interceptor.TransactionInterceptor.invoke(TransactionInterceptor.java:119) ~[spring-tx-6.1.13.jar:6.1.13]
	at org.springframework.aop.framework.ReflectiveMethodInvocation.proceed(ReflectiveMethodInvocation.java:184) ~[spring-aop-6.1.13.jar:6.1.13]
	at org.springframework.aop.framework.CglibAopProxy$CglibMethodInvocation.proceed(CglibAopProxy.java:768) ~[spring-aop-6.1.13.jar:6.1.13]
	at org.springframework.aop.framework.CglibAopProxy$DynamicAdvisedInterceptor.intercept(CglibAopProxy.java:720) ~[spring-aop-6.1.13.jar:6.1.13]
	at org.league.app.service.GameSystemService$$SpringCGLIB$$0.searchGameSystem(<generated>) ~[classes/:na]
	at org.league.app.controller.GameSystemController.searchGameSystem(GameSystemController.java:40) ~[classes/:na]
	at java.base/jdk.internal.reflect.DirectMethodHandleAccessor.invoke(DirectMethodHandleAccessor.java:103) ~[na:na]
	at java.base/java.lang.reflect.Method.invoke(Method.java:580) ~[na:na]
	at org.springframework.web.method.support.InvocableHandlerMethod.doInvoke(InvocableHandlerMethod.java:255) ~[spring-web-6.1.13.jar:6.1.13]
	at org.springframework.web.method.support.InvocableHandlerMethod.invokeForRequest(InvocableHandlerMethod.java:188) ~[spring-web-6.1.13.jar:6.1.13]
	at org.springframework.web.servlet.mvc.method.annotation.ServletInvocableHandlerMethod.invokeAndHandle(ServletInvocableHandlerMethod.java:118) ~[spring-webmvc-6.1.13.jar:6.1.13]
	at org.springframework.web.servlet.mvc.method.annotation.RequestMappingHandlerAdapter.invokeHandlerMethod(RequestMappingHandlerAdapter.java:926) ~[spring-webmvc-6.1.13.jar:6.1.13]
	at org.springframework.web.servlet.mvc.method.annotation.RequestMappingHandlerAdapter.handleInternal(RequestMappingHandlerAdapter.java:831) ~[spring-webmvc-6.1.13.jar:6.1.13]
	at org.springframework.web.servlet.mvc.method.AbstractHandlerMethodAdapter.handle(AbstractHandlerMethodAdapter.java:87) ~[spring-webmvc-6.1.13.jar:6.1.13]
	at org.springframework.web.servlet.DispatcherServlet.doDispatch(DispatcherServlet.java:1089) ~[spring-webmvc-6.1.13.jar:6.1.13]
	at org.springframework.web.servlet.DispatcherServlet.doService(DispatcherServlet.java:979) ~[spring-webmvc-6.1.13.jar:6.1.13]
	at org.springframework.web.servlet.FrameworkServlet.processRequest(FrameworkServlet.java:1014) ~[spring-webmvc-6.1.13.jar:6.1.13]
	at org.springframework.web.servlet.FrameworkServlet.doGet(FrameworkServlet.java:903) ~[spring-webmvc-6.1.13.jar:6.1.13]
	at jakarta.servlet.http.HttpServlet.service(HttpServlet.java:564) ~[tomcat-embed-core-10.1.30.jar:6.0]
	at org.springframework.web.servlet.FrameworkServlet.service(FrameworkServlet.java:885) ~[spring-webmvc-6.1.13.jar:6.1.13]
	at jakarta.servlet.http.HttpServlet.service(HttpServlet.java:658) ~[tomcat-embed-core-10.1.30.jar:6.0]
	at org.apache.catalina.core.ApplicationFilterChain.internalDoFilter(ApplicationFilterChain.java:195) ~[tomcat-embed-core-10.1.30.jar:10.1.30]
	at org.apache.catalina.core.ApplicationFilterChain.doFilter(ApplicationFilterChain.java:140) ~[tomcat-embed-core-10.1.30.jar:10.1.30]
	at org.apache.tomcat.websocket.server.WsFilter.doFilter(WsFilter.java:51) ~[tomcat-embed-websocket-10.1.30.jar:10.1.30]
	at org.apache.catalina.core.ApplicationFilterChain.internalDoFilter(ApplicationFilterChain.java:164) ~[tomcat-embed-core-10.1.30.jar:10.1.30]
	at org.apache.catalina.core.ApplicationFilterChain.doFilter(ApplicationFilterChain.java:140) ~[tomcat-embed-core-10.1.30.jar:10.1.30]
	at org.springframework.web.filter.OncePerRequestFilter.doFilter(OncePerRequestFilter.java:110) ~[spring-web-6.1.13.jar:6.1.13]
	at org.apache.catalina.core.ApplicationFilterChain.internalDoFilter(ApplicationFilterChain.java:164) ~[tomcat-embed-core-10.1.30.jar:10.1.30]
	at org.apache.catalina.core.ApplicationFilterChain.doFilter(ApplicationFilterChain.java:140) ~[tomcat-embed-core-10.1.30.jar:10.1.30]
	at org.springframework.web.filter.CompositeFilter$VirtualFilterChain.doFilter(CompositeFilter.java:108) ~[spring-web-6.1.13.jar:6.1.13]
	at org.springframework.security.web.FilterChainProxy.lambda$doFilterInternal$3(FilterChainProxy.java:231) ~[spring-security-web-6.3.3.jar:6.3.3]
	at org.springframework.security.web.ObservationFilterChainDecorator$FilterObservation$SimpleFilterObservation.lambda$wrap$1(ObservationFilterChainDecorator.java:479) ~[spring-security-web-6.3.3.jar:6.3.3]
	at org.springframework.security.web.ObservationFilterChainDecorator$AroundFilterObservation$SimpleAroundFilterObservation.lambda$wrap$1(ObservationFilterChainDecorator.java:340) ~[spring-security-web-6.3.3.jar:6.3.3]
	at org.springframework.security.web.ObservationFilterChainDecorator.lambda$wrapSecured$0(ObservationFilterChainDecorator.java:82) ~[spring-security-web-6.3.3.jar:6.3.3]
	at org.springframework.security.web.ObservationFilterChainDecorator$VirtualFilterChain.doFilter(ObservationFilterChainDecorator.java:128) ~[spring-security-web-6.3.3.jar:6.3.3]
	at org.springframework.security.web.access.intercept.AuthorizationFilter.doFilter(AuthorizationFilter.java:100) ~[spring-security-web-6.3.3.jar:6.3.3]
	at org.springframework.security.web.ObservationFilterChainDecorator$ObservationFilter.wrapFilter(ObservationFilterChainDecorator.java:240) ~[spring-security-web-6.3.3.jar:6.3.3]
	at org.springframework.security.web.ObservationFilterChainDecorator$ObservationFilter.doFilter(ObservationFilterChainDecorator.java:227) ~[spring-security-web-6.3.3.jar:6.3.3]
	at org.springframework.security.web.ObservationFilterChainDecorator$VirtualFilterChain.doFilter(ObservationFilterChainDecorator.java:137) ~[spring-security-web-6.3.3.jar:6.3.3]
	at org.springframework.security.web.access.ExceptionTranslationFilter.doFilter(ExceptionTranslationFilter.java:126) ~[spring-security-web-6.3.3.jar:6.3.3]
	at org.springframework.security.web.access.ExceptionTranslationFilter.doFilter(ExceptionTranslationFilter.java:120) ~[spring-security-web-6.3.3.jar:6.3.3]
	at org.springframework.security.web.ObservationFilterChainDecorator$ObservationFilter.wrapFilter(ObservationFilterChainDecorator.java:240) ~[spring-security-web-6.3.3.jar:6.3.3]
	at org.springframework.security.web.ObservationFilterChainDecorator$ObservationFilter.doFilter(ObservationFilterChainDecorator.java:227) ~[spring-security-web-6.3.3.jar:6.3.3]
	at org.springframework.security.web.ObservationFilterChainDecorator$VirtualFilterChain.doFilter(ObservationFilterChainDecorator.java:137) ~[spring-security-web-6.3.3.jar:6.3.3]
	at org.springframework.security.web.session.SessionManagementFilter.doFilter(SessionManagementFilter.java:131) ~[spring-security-web-6.3.3.jar:6.3.3]
	at org.springframework.security.web.session.SessionManagementFilter.doFilter(SessionManagementFilter.java:85) ~[spring-security-web-6.3.3.jar:6.3.3]
	at org.springframework.security.web.ObservationFilterChainDecorator$ObservationFilter.wrapFilter(ObservationFilterChainDecorator.java:240) ~[spring-security-web-6.3.3.jar:6.3.3]
	at org.springframework.security.web.ObservationFilterChainDecorator$ObservationFilter.doFilter(ObservationFilterChainDecorator.java:227) ~[spring-security-web-6.3.3.jar:6.3.3]
	at org.springframework.security.web.ObservationFilterChainDecorator$VirtualFilterChain.doFilter(ObservationFilterChainDecorator.java:137) ~[spring-security-web-6.3.3.jar:6.3.3]
	at org.springframework.security.web.authentication.AnonymousAuthenticationFilter.doFilter(AnonymousAuthenticationFilter.java:100) ~[spring-security-web-6.3.3.jar:6.3.3]
	at org.springframework.security.web.ObservationFilterChainDecorator$ObservationFilter.wrapFilter(ObservationFilterChainDecorator.java:240) ~[spring-security-web-6.3.3.jar:6.3.3]
	at org.springframework.security.web.ObservationFilterChainDecorator$ObservationFilter.doFilter(ObservationFilterChainDecorator.java:227) ~[spring-security-web-6.3.3.jar:6.3.3]
	at org.springframework.security.web.ObservationFilterChainDecorator$VirtualFilterChain.doFilter(ObservationFilterChainDecorator.java:137) ~[spring-security-web-6.3.3.jar:6.3.3]
	at org.springframework.security.web.servletapi.SecurityContextHolderAwareRequestFilter.doFilter(SecurityContextHolderAwareRequestFilter.java:179) ~[spring-security-web-6.3.3.jar:6.3.3]
	at org.springframework.security.web.ObservationFilterChainDecorator$ObservationFilter.wrapFilter(ObservationFilterChainDecorator.java:240) ~[spring-security-web-6.3.3.jar:6.3.3]
	at org.springframework.security.web.ObservationFilterChainDecorator$ObservationFilter.doFilter(ObservationFilterChainDecorator.java:227) ~[spring-security-web-6.3.3.jar:6.3.3]
	at org.springframework.security.web.ObservationFilterChainDecorator$VirtualFilterChain.doFilter(ObservationFilterChainDecorator.java:137) ~[spring-security-web-6.3.3.jar:6.3.3]
	at org.springframework.security.web.savedrequest.RequestCacheAwareFilter.doFilter(RequestCacheAwareFilter.java:63) ~[spring-security-web-6.3.3.jar:6.3.3]
	at org.springframework.security.web.ObservationFilterChainDecorator$ObservationFilter.wrapFilter(ObservationFilterChainDecorator.java:240) ~[spring-security-web-6.3.3.jar:6.3.3]
	at org.springframework.security.web.ObservationFilterChainDecorator$ObservationFilter.doFilter(ObservationFilterChainDecorator.java:227) ~[spring-security-web-6.3.3.jar:6.3.3]
	at org.springframework.security.web.ObservationFilterChainDecorator$VirtualFilterChain.doFilter(ObservationFilterChainDecorator.java:137) ~[spring-security-web-6.3.3.jar:6.3.3]
	at org.league.app.filter.JWTFilter.doFilterInternal(JWTFilter.java:78) ~[classes/:na]
	at org.springframework.web.filter.OncePerRequestFilter.doFilter(OncePerRequestFilter.java:116) ~[spring-web-6.1.13.jar:6.1.13]
	at org.springframework.security.web.ObservationFilterChainDecorator$ObservationFilter.wrapFilter(ObservationFilterChainDecorator.java:240) ~[spring-security-web-6.3.3.jar:6.3.3]
	at org.springframework.security.web.ObservationFilterChainDecorator$ObservationFilter.doFilter(ObservationFilterChainDecorator.java:227) ~[spring-security-web-6.3.3.jar:6.3.3]
	at org.springframework.security.web.ObservationFilterChainDecorator$VirtualFilterChain.doFilter(ObservationFilterChainDecorator.java:137) ~[spring-security-web-6.3.3.jar:6.3.3]
	at org.springframework.security.web.authentication.logout.LogoutFilter.doFilter(LogoutFilter.java:107) ~[spring-security-web-6.3.3.jar:6.3.3]
	at org.springframework.security.web.authentication.logout.LogoutFilter.doFilter(LogoutFilter.java:93) ~[spring-security-web-6.3.3.jar:6.3.3]
	at org.springframework.security.web.ObservationFilterChainDecorator$ObservationFilter.wrapFilter(ObservationFilterChainDecorator.java:240) ~[spring-security-web-6.3.3.jar:6.3.3]
	at org.springframework.security.web.ObservationFilterChainDecorator$ObservationFilter.doFilter(ObservationFilterChainDecorator.java:227) ~[spring-security-web-6.3.3.jar:6.3.3]
	at org.springframework.security.web.ObservationFilterChainDecorator$VirtualFilterChain.doFilter(ObservationFilterChainDecorator.java:137) ~[spring-security-web-6.3.3.jar:6.3.3]
	at org.springframework.security.web.header.HeaderWriterFilter.doHeadersAfter(HeaderWriterFilter.java:90) ~[spring-security-web-6.3.3.jar:6.3.3]
	at org.springframework.security.web.header.HeaderWriterFilter.doFilterInternal(HeaderWriterFilter.java:75) ~[spring-security-web-6.3.3.jar:6.3.3]
	at org.springframework.web.filter.OncePerRequestFilter.doFilter(OncePerRequestFilter.java:116) ~[spring-web-6.1.13.jar:6.1.13]
	at org.springframework.security.web.ObservationFilterChainDecorator$ObservationFilter.wrapFilter(ObservationFilterChainDecorator.java:240) ~[spring-security-web-6.3.3.jar:6.3.3]
	at org.springframework.security.web.ObservationFilterChainDecorator$ObservationFilter.doFilter(ObservationFilterChainDecorator.java:227) ~[spring-security-web-6.3.3.jar:6.3.3]
	at org.springframework.security.web.ObservationFilterChainDecorator$VirtualFilterChain.doFilter(ObservationFilterChainDecorator.java:137) ~[spring-security-web-6.3.3.jar:6.3.3]
	at org.springframework.security.web.context.SecurityContextHolderFilter.doFilter(SecurityContextHolderFilter.java:82) ~[spring-security-web-6.3.3.jar:6.3.3]
	at org.springframework.security.web.context.SecurityContextHolderFilter.doFilter(SecurityContextHolderFilter.java:69) ~[spring-security-web-6.3.3.jar:6.3.3]
	at org.springframework.security.web.ObservationFilterChainDecorator$ObservationFilter.wrapFilter(ObservationFilterChainDecorator.java:240) ~[spring-security-web-6.3.3.jar:6.3.3]
	at org.springframework.security.web.ObservationFilterChainDecorator$ObservationFilter.doFilter(ObservationFilterChainDecorator.java:227) ~[spring-security-web-6.3.3.jar:6.3.3]
	at org.springframework.security.web.ObservationFilterChainDecorator$VirtualFilterChain.doFilter(ObservationFilterChainDecorator.java:137) ~[spring-security-web-6.3.3.jar:6.3.3]
	at org.springframework.security.web.context.request.async.WebAsyncManagerIntegrationFilter.doFilterInternal(WebAsyncManagerIntegrationFilter.java:62) ~[spring-security-web-6.3.3.jar:6.3.3]
	at org.springframework.web.filter.OncePerRequestFilter.doFilter(OncePerRequestFilter.java:116) ~[spring-web-6.1.13.jar:6.1.13]
	at org.springframework.security.web.ObservationFilterChainDecorator$ObservationFilter.wrapFilter(ObservationFilterChainDecorator.java:240) ~[spring-security-web-6.3.3.jar:6.3.3]
	at org.springframework.security.web.ObservationFilterChainDecorator$ObservationFilter.doFilter(ObservationFilterChainDecorator.java:227) ~[spring-security-web-6.3.3.jar:6.3.3]
	at org.springframework.security.web.ObservationFilterChainDecorator$VirtualFilterChain.doFilter(ObservationFilterChainDecorator.java:137) ~[spring-security-web-6.3.3.jar:6.3.3]
	at org.springframework.security.web.session.DisableEncodeUrlFilter.doFilterInternal(DisableEncodeUrlFilter.java:42) ~[spring-security-web-6.3.3.jar:6.3.3]
	at org.springframework.web.filter.OncePerRequestFilter.doFilter(OncePerRequestFilter.java:116) ~[spring-web-6.1.13.jar:6.1.13]
	at org.springframework.security.web.ObservationFilterChainDecorator$ObservationFilter.wrapFilter(ObservationFilterChainDecorator.java:240) ~[spring-security-web-6.3.3.jar:6.3.3]
	at org.springframework.security.web.ObservationFilterChainDecorator$AroundFilterObservation$SimpleAroundFilterObservation.lambda$wrap$0(ObservationFilterChainDecorator.java:323) ~[spring-security-web-6.3.3.jar:6.3.3]
	at org.springframework.security.web.ObservationFilterChainDecorator$ObservationFilter.doFilter(ObservationFilterChainDecorator.java:224) ~[spring-security-web-6.3.3.jar:6.3.3]
	at org.springframework.security.web.ObservationFilterChainDecorator$VirtualFilterChain.doFilter(ObservationFilterChainDecorator.java:137) ~[spring-security-web-6.3.3.jar:6.3.3]
	at org.springframework.security.web.FilterChainProxy.doFilterInternal(FilterChainProxy.java:233) ~[spring-security-web-6.3.3.jar:6.3.3]
	at org.springframework.security.web.FilterChainProxy.doFilter(FilterChainProxy.java:191) ~[spring-security-web-6.3.3.jar:6.3.3]
	at org.springframework.web.filter.CompositeFilter$VirtualFilterChain.doFilter(CompositeFilter.java:113) ~[spring-web-6.1.13.jar:6.1.13]
	at org.springframework.web.servlet.handler.HandlerMappingIntrospector.lambda$createCacheFilter$3(HandlerMappingIntrospector.java:195) ~[spring-webmvc-6.1.13.jar:6.1.13]
	at org.springframework.web.filter.CompositeFilter$VirtualFilterChain.doFilter(CompositeFilter.java:113) ~[spring-web-6.1.13.jar:6.1.13]
	at org.springframework.web.filter.CompositeFilter.doFilter(CompositeFilter.java:74) ~[spring-web-6.1.13.jar:6.1.13]
	at org.springframework.security.config.annotation.web.configuration.WebMvcSecurityConfiguration$CompositeFilterChainProxy.doFilter(WebMvcSecurityConfiguration.java:230) ~[spring-security-config-6.3.3.jar:6.3.3]
	at org.springframework.web.filter.DelegatingFilterProxy.invokeDelegate(DelegatingFilterProxy.java:352) ~[spring-web-6.1.13.jar:6.1.13]
	at org.springframework.web.filter.DelegatingFilterProxy.doFilter(DelegatingFilterProxy.java:268) ~[spring-web-6.1.13.jar:6.1.13]
	at org.apache.catalina.core.ApplicationFilterChain.internalDoFilter(ApplicationFilterChain.java:164) ~[tomcat-embed-core-10.1.30.jar:10.1.30]
	at org.apache.catalina.core.ApplicationFilterChain.doFilter(ApplicationFilterChain.java:140) ~[tomcat-embed-core-10.1.30.jar:10.1.30]
	at org.springframework.web.filter.RequestContextFilter.doFilterInternal(RequestContextFilter.java:100) ~[spring-web-6.1.13.jar:6.1.13]
	at org.springframework.web.filter.OncePerRequestFilter.doFilter(OncePerRequestFilter.java:116) ~[spring-web-6.1.13.jar:6.1.13]
	at org.apache.catalina.core.ApplicationFilterChain.internalDoFilter(ApplicationFilterChain.java:164) ~[tomcat-embed-core-10.1.30.jar:10.1.30]
	at org.apache.catalina.core.ApplicationFilterChain.doFilter(ApplicationFilterChain.java:140) ~[tomcat-embed-core-10.1.30.jar:10.1.30]
	at org.springframework.web.filter.FormContentFilter.doFilterInternal(FormContentFilter.java:93) ~[spring-web-6.1.13.jar:6.1.13]
	at org.springframework.web.filter.OncePerRequestFilter.doFilter(OncePerRequestFilter.java:116) ~[spring-web-6.1.13.jar:6.1.13]
	at org.apache.catalina.core.ApplicationFilterChain.internalDoFilter(ApplicationFilterChain.java:164) ~[tomcat-embed-core-10.1.30.jar:10.1.30]
	at org.apache.catalina.core.ApplicationFilterChain.doFilter(ApplicationFilterChain.java:140) ~[tomcat-embed-core-10.1.30.jar:10.1.30]
	at org.springframework.web.filter.ServerHttpObservationFilter.doFilterInternal(ServerHttpObservationFilter.java:113) ~[spring-web-6.1.13.jar:6.1.13]
	at org.springframework.web.filter.OncePerRequestFilter.doFilter(OncePerRequestFilter.java:116) ~[spring-web-6.1.13.jar:6.1.13]
	at org.apache.catalina.core.ApplicationFilterChain.internalDoFilter(ApplicationFilterChain.java:164) ~[tomcat-embed-core-10.1.30.jar:10.1.30]
	at org.apache.catalina.core.ApplicationFilterChain.doFilter(ApplicationFilterChain.java:140) ~[tomcat-embed-core-10.1.30.jar:10.1.30]
	at org.springframework.web.filter.CharacterEncodingFilter.doFilterInternal(CharacterEncodingFilter.java:201) ~[spring-web-6.1.13.jar:6.1.13]
	at org.springframework.web.filter.OncePerRequestFilter.doFilter(OncePerRequestFilter.java:116) ~[spring-web-6.1.13.jar:6.1.13]
	at org.apache.catalina.core.ApplicationFilterChain.internalDoFilter(ApplicationFilterChain.java:164) ~[tomcat-embed-core-10.1.30.jar:10.1.30]
	at org.apache.catalina.core.ApplicationFilterChain.doFilter(ApplicationFilterChain.java:140) ~[tomcat-embed-core-10.1.30.jar:10.1.30]
	at org.apache.catalina.core.StandardWrapperValve.invoke(StandardWrapperValve.java:167) ~[tomcat-embed-core-10.1.30.jar:10.1.30]
	at org.apache.catalina.core.StandardContextValve.invoke(StandardContextValve.java:90) ~[tomcat-embed-core-10.1.30.jar:10.1.30]
	at org.apache.catalina.authenticator.AuthenticatorBase.invoke(AuthenticatorBase.java:483) ~[tomcat-embed-core-10.1.30.jar:10.1.30]
	at org.apache.catalina.core.StandardHostValve.invoke(StandardHostValve.java:115) ~[tomcat-embed-core-10.1.30.jar:10.1.30]
	at org.apache.catalina.valves.ErrorReportValve.invoke(ErrorReportValve.java:93) ~[tomcat-embed-core-10.1.30.jar:10.1.30]
	at org.apache.catalina.core.StandardEngineValve.invoke(StandardEngineValve.java:74) ~[tomcat-embed-core-10.1.30.jar:10.1.30]
	at org.apache.catalina.connector.CoyoteAdapter.service(CoyoteAdapter.java:344) ~[tomcat-embed-core-10.1.30.jar:10.1.30]
	at org.apache.coyote.http11.Http11Processor.service(Http11Processor.java:384) ~[tomcat-embed-core-10.1.30.jar:10.1.30]
	at org.apache.coyote.AbstractProcessorLight.process(AbstractProcessorLight.java:63) ~[tomcat-embed-core-10.1.30.jar:10.1.30]
	at org.apache.coyote.AbstractProtocol$ConnectionHandler.process(AbstractProtocol.java:905) ~[tomcat-embed-core-10.1.30.jar:10.1.30]
	at org.apache.tomcat.util.net.NioEndpoint$SocketProcessor.doRun(NioEndpoint.java:1741) ~[tomcat-embed-core-10.1.30.jar:10.1.30]
	at org.apache.tomcat.util.net.SocketProcessorBase.run(SocketProcessorBase.java:52) ~[tomcat-embed-core-10.1.30.jar:10.1.30]
	at org.apache.tomcat.util.threads.ThreadPoolExecutor.runWorker(ThreadPoolExecutor.java:1190) ~[tomcat-embed-core-10.1.30.jar:10.1.30]
	at org.apache.tomcat.util.threads.ThreadPoolExecutor$Worker.run(ThreadPoolExecutor.java:659) ~[tomcat-embed-core-10.1.30.jar:10.1.30]
	at org.apache.tomcat.util.threads.TaskThread$WrappingRunnable.run(TaskThread.java:63) ~[tomcat-embed-core-10.1.30.jar:10.1.30]
	at java.base/java.lang.Thread.run(Thread.java:1583) ~[na:na]

2025-01-14T20:06:22.055+01:00  INFO 43536 --- [competition-management-service] [SpringApplicationShutdownHook] j.LocalContainerEntityManagerFactoryBean : Closing JPA EntityManagerFactory for persistence unit 'default'
2025-01-14T20:06:22.057+01:00  INFO 43536 --- [competition-management-service] [SpringApplicationShutdownHook] com.zaxxer.hikari.HikariDataSource       : HikariPool-1 - Shutdown initiated...
2025-01-14T20:06:22.063+01:00  INFO 43536 --- [competition-management-service] [SpringApplicationShutdownHook] com.zaxxer.hikari.HikariDataSource       : HikariPool-1 - Shutdown completed.
2025-01-14T20:06:22.065+01:00  INFO 43536 --- [competition-management-service] [SpringApplicationShutdownHook] o.s.c.c.s.ConsulServiceRegistry          : Deregistering service with consul: competition-management-service-8084
2025-01-14T20:06:25.929+01:00  INFO 56376 --- [competition-management-service] [main] .CompetitionManagementServiceApplication : Starting CompetitionManagementServiceApplication using Java 21.0.5 with PID 56376 (E:\important\ProLeagueManager\backend\competition-management-service\target\classes started by ylopa in E:\important\ProLeagueManager)
2025-01-14T20:06:25.932+01:00  INFO 56376 --- [competition-management-service] [main] .CompetitionManagementServiceApplication : No active profile set, falling back to 1 default profile: "default"
2025-01-14T20:06:26.917+01:00  INFO 56376 --- [competition-management-service] [main] .s.d.r.c.RepositoryConfigurationDelegate : Bootstrapping Spring Data JPA repositories in DEFAULT mode.
2025-01-14T20:06:27.088+01:00  INFO 56376 --- [competition-management-service] [main] .s.d.r.c.RepositoryConfigurationDelegate : Finished Spring Data repository scanning in 164 ms. Found 4 JPA repository interfaces.
2025-01-14T20:06:27.443+01:00  INFO 56376 --- [competition-management-service] [main] o.s.cloud.context.scope.GenericScope     : BeanFactory id=43e92a26-a0c8-341a-8e34-7d02ead5589e
2025-01-14T20:06:27.743+01:00  WARN 56376 --- [competition-management-service] [main] trationDelegate$BeanPostProcessorChecker : Bean 'org.springframework.cloud.client.loadbalancer.LoadBalancerAutoConfiguration$DeferringLoadBalancerInterceptorConfig' of type [org.springframework.cloud.client.loadbalancer.LoadBalancerAutoConfiguration$DeferringLoadBalancerInterceptorConfig] is not eligible for getting processed by all BeanPostProcessors (for example: not eligible for auto-proxying). The currently created BeanPostProcessor [lbRestClientPostProcessor] is declared through a non-static factory method on that class; consider declaring it as static instead.
2025-01-14T20:06:27.748+01:00  WARN 56376 --- [competition-management-service] [main] trationDelegate$BeanPostProcessorChecker : Bean 'deferringLoadBalancerInterceptor' of type [org.springframework.cloud.client.loadbalancer.DeferringLoadBalancerInterceptor] is not eligible for getting processed by all BeanPostProcessors (for example: not eligible for auto-proxying). Is this bean getting eagerly injected into a currently created BeanPostProcessor [lbRestClientPostProcessor]? Check the corresponding BeanPostProcessor declaration and its dependencies.
2025-01-14T20:06:28.042+01:00  INFO 56376 --- [competition-management-service] [main] o.s.b.w.embedded.tomcat.TomcatWebServer  : Tomcat initialized with port 8084 (http)
2025-01-14T20:06:28.057+01:00  INFO 56376 --- [competition-management-service] [main] o.apache.catalina.core.StandardService   : Starting service [Tomcat]
2025-01-14T20:06:28.057+01:00  INFO 56376 --- [competition-management-service] [main] o.apache.catalina.core.StandardEngine    : Starting Servlet engine: [Apache Tomcat/10.1.30]
2025-01-14T20:06:28.128+01:00  INFO 56376 --- [competition-management-service] [main] o.a.c.c.C.[Tomcat].[localhost].[/]       : Initializing Spring embedded WebApplicationContext
2025-01-14T20:06:28.128+01:00  INFO 56376 --- [competition-management-service] [main] w.s.c.ServletWebServerApplicationContext : Root WebApplicationContext: initialization completed in 2154 ms
2025-01-14T20:06:28.415+01:00  INFO 56376 --- [competition-management-service] [main] o.s.c.openfeign.FeignClientFactoryBean   : For 'user-service' URL not provided. Will try picking an instance via load-balancing.
2025-01-14T20:06:28.845+01:00  INFO 56376 --- [competition-management-service] [main] o.hibernate.jpa.internal.util.LogHelper  : HHH000204: Processing PersistenceUnitInfo [name: default]
2025-01-14T20:06:28.890+01:00  INFO 56376 --- [competition-management-service] [main] org.hibernate.Version                    : HHH000412: Hibernate ORM core version 6.5.3.Final
2025-01-14T20:06:28.920+01:00  INFO 56376 --- [competition-management-service] [main] o.h.c.internal.RegionFactoryInitiator    : HHH000026: Second-level cache disabled
2025-01-14T20:06:29.161+01:00  INFO 56376 --- [competition-management-service] [main] o.s.o.j.p.SpringPersistenceUnitInfo      : No LoadTimeWeaver setup: ignoring JPA class transformer
2025-01-14T20:06:29.188+01:00  INFO 56376 --- [competition-management-service] [main] com.zaxxer.hikari.HikariDataSource       : HikariPool-1 - Starting...
2025-01-14T20:06:29.465+01:00  INFO 56376 --- [competition-management-service] [main] com.zaxxer.hikari.pool.HikariPool        : HikariPool-1 - Added connection org.postgresql.jdbc.PgConnection@71e55e48
2025-01-14T20:06:29.466+01:00  INFO 56376 --- [competition-management-service] [main] com.zaxxer.hikari.HikariDataSource       : HikariPool-1 - Start completed.
2025-01-14T20:06:30.365+01:00  INFO 56376 --- [competition-management-service] [main] o.h.e.t.j.p.i.JtaPlatformInitiator       : HHH000489: No JTA platform available (set 'hibernate.transaction.jta.platform' to enable JTA platform integration)
2025-01-14T20:06:30.507+01:00  INFO 56376 --- [competition-management-service] [main] j.LocalContainerEntityManagerFactoryBean : Initialized JPA EntityManagerFactory for persistence unit 'default'
2025-01-14T20:06:30.597+01:00  INFO 56376 --- [competition-management-service] [main] o.s.c.openfeign.FeignClientFactoryBean   : For 'sport-service' URL not provided. Will try picking an instance via load-balancing.
2025-01-14T20:06:30.999+01:00  WARN 56376 --- [competition-management-service] [main] .s.s.UserDetailsServiceAutoConfiguration : 

Using generated security password: 3fd960e1-cc87-4dba-912b-59ba6732b604

This generated password is for development use only. Your security configuration must be updated before running your application in production.

2025-01-14T20:06:31.021+01:00  INFO 56376 --- [competition-management-service] [main] r$InitializeUserDetailsManagerConfigurer : Global AuthenticationManager configured with UserDetailsService bean with name inMemoryUserDetailsManager
2025-01-14T20:06:31.588+01:00  INFO 56376 --- [competition-management-service] [main] o.s.b.a.e.web.EndpointLinksResolver      : Exposing 1 endpoint beneath base path '/actuator'
2025-01-14T20:06:32.167+01:00  WARN 56376 --- [competition-management-service] [main] iguration$LoadBalancerCaffeineWarnLogger : Spring Cloud LoadBalancer is currently working with the default cache. While this cache implementation is useful for development and tests, it's recommended to use Caffeine cache in production.You can switch to using Caffeine cache, by adding it and org.springframework.cache.caffeine.CaffeineCacheManager to the classpath.
2025-01-14T20:06:32.294+01:00  INFO 56376 --- [competition-management-service] [main] o.s.b.w.embedded.tomcat.TomcatWebServer  : Tomcat started on port 8084 (http) with context path '/'
2025-01-14T20:06:32.298+01:00  INFO 56376 --- [competition-management-service] [main] o.s.c.c.s.ConsulServiceRegistry          : Registering service with consul: NewService{id='competition-management-service-8084', name='competition-management-service', tags=[], address='100.106.2.30', meta={secure=false}, port=8084, enableTagOverride=null, check=Check{script='null', dockerContainerID='null', shell='null', interval='10s', ttl='null', http='http://100.106.2.30:8084/actuator/health', method='null', header={}, tcp='null', timeout='null', deregisterCriticalServiceAfter='null', tlsSkipVerify=null, status='null', grpc='null', grpcUseTLS=null}, checks=null}
2025-01-14T20:06:32.338+01:00  INFO 56376 --- [competition-management-service] [main] .CompetitionManagementServiceApplication : Started CompetitionManagementServiceApplication in 7.451 seconds (process running for 8.257)
2025-01-14T20:06:32.761+01:00  INFO 56376 --- [competition-management-service] [RMI TCP Connection(1)-172.25.208.1] o.a.c.c.C.[Tomcat].[localhost].[/]       : Initializing Spring DispatcherServlet 'dispatcherServlet'
2025-01-14T20:06:32.763+01:00  INFO 56376 --- [competition-management-service] [RMI TCP Connection(1)-172.25.208.1] o.s.web.servlet.DispatcherServlet        : Initializing Servlet 'dispatcherServlet'
2025-01-14T20:06:32.767+01:00  INFO 56376 --- [competition-management-service] [RMI TCP Connection(1)-172.25.208.1] o.s.web.servlet.DispatcherServlet        : Completed initialization in 3 ms
2025-01-14T20:06:55.648+01:00  INFO 56376 --- [competition-management-service] [http-nio-8084-exec-3] org.league.app.filter.JWTFilter          : Extracted email: ylopatkin@gmail.com
2025-01-14T20:06:55.649+01:00  INFO 56376 --- [competition-management-service] [http-nio-8084-exec-3] org.league.app.filter.JWTFilter          : User email: ylopatkin@gmail.com
2025-01-14T20:07:06.041+01:00  INFO 56376 --- [competition-management-service] [http-nio-8084-exec-5] org.league.app.filter.JWTFilter          : Extracted email: ylopatkin@gmail.com
2025-01-14T20:07:06.041+01:00  INFO 56376 --- [competition-management-service] [http-nio-8084-exec-5] org.league.app.filter.JWTFilter          : User email: ylopatkin@gmail.com
2025-01-14T20:07:08.522+01:00  INFO 56376 --- [competition-management-service] [http-nio-8084-exec-7] org.league.app.filter.JWTFilter          : Extracted email: ylopatkin@gmail.com
2025-01-14T20:07:08.523+01:00  INFO 56376 --- [competition-management-service] [http-nio-8084-exec-7] org.league.app.filter.JWTFilter          : User email: ylopatkin@gmail.com
2025-01-14T20:07:08.617+01:00 ERROR 56376 --- [competition-management-service] [http-nio-8084-exec-7] o.a.c.c.C.[.[.[/].[dispatcherServlet]    : Servlet.service() for servlet [dispatcherServlet] in context with path [] threw exception [Request processing failed: feign.FeignException$Forbidden: [403] during [GET] to [http://sport-service/api/sport/get-sports-by-name?sportName=s] [SportClientFeign#findByNameSearch(String)]: []] with root cause

feign.FeignException$Forbidden: [403] during [GET] to [http://sport-service/api/sport/get-sports-by-name?sportName=s] [SportClientFeign#findByNameSearch(String)]: []
	at feign.FeignException.clientErrorStatus(FeignException.java:226) ~[feign-core-13.3.jar:na]
	at feign.FeignException.errorStatus(FeignException.java:203) ~[feign-core-13.3.jar:na]
	at feign.FeignException.errorStatus(FeignException.java:194) ~[feign-core-13.3.jar:na]
	at feign.codec.ErrorDecoder$Default.decode(ErrorDecoder.java:103) ~[feign-core-13.3.jar:na]
	at feign.InvocationContext.decodeError(InvocationContext.java:126) ~[feign-core-13.3.jar:na]
	at feign.InvocationContext.proceed(InvocationContext.java:72) ~[feign-core-13.3.jar:na]
	at feign.ResponseHandler.handleResponse(ResponseHandler.java:63) ~[feign-core-13.3.jar:na]
	at feign.SynchronousMethodHandler.executeAndDecode(SynchronousMethodHandler.java:114) ~[feign-core-13.3.jar:na]
	at feign.SynchronousMethodHandler.invoke(SynchronousMethodHandler.java:70) ~[feign-core-13.3.jar:na]
	at feign.ReflectiveFeign$FeignInvocationHandler.invoke(ReflectiveFeign.java:99) ~[feign-core-13.3.jar:na]
	at jdk.proxy2/jdk.proxy2.$Proxy170.findByNameSearch(Unknown Source) ~[na:na]
	at org.league.app.service.GameSystemService.searchGameSystem(GameSystemService.java:66) ~[classes/:na]
	at java.base/jdk.internal.reflect.DirectMethodHandleAccessor.invoke(DirectMethodHandleAccessor.java:103) ~[na:na]
	at java.base/java.lang.reflect.Method.invoke(Method.java:580) ~[na:na]
	at org.springframework.aop.support.AopUtils.invokeJoinpointUsingReflection(AopUtils.java:355) ~[spring-aop-6.1.13.jar:6.1.13]
	at org.springframework.aop.framework.ReflectiveMethodInvocation.invokeJoinpoint(ReflectiveMethodInvocation.java:196) ~[spring-aop-6.1.13.jar:6.1.13]
	at org.springframework.aop.framework.ReflectiveMethodInvocation.proceed(ReflectiveMethodInvocation.java:163) ~[spring-aop-6.1.13.jar:6.1.13]
	at org.springframework.aop.framework.CglibAopProxy$CglibMethodInvocation.proceed(CglibAopProxy.java:768) ~[spring-aop-6.1.13.jar:6.1.13]
	at org.springframework.transaction.interceptor.TransactionAspectSupport.invokeWithinTransaction(TransactionAspectSupport.java:379) ~[spring-tx-6.1.13.jar:6.1.13]
	at org.springframework.transaction.interceptor.TransactionInterceptor.invoke(TransactionInterceptor.java:119) ~[spring-tx-6.1.13.jar:6.1.13]
	at org.springframework.aop.framework.ReflectiveMethodInvocation.proceed(ReflectiveMethodInvocation.java:184) ~[spring-aop-6.1.13.jar:6.1.13]
	at org.springframework.aop.framework.CglibAopProxy$CglibMethodInvocation.proceed(CglibAopProxy.java:768) ~[spring-aop-6.1.13.jar:6.1.13]
	at org.springframework.aop.framework.CglibAopProxy$DynamicAdvisedInterceptor.intercept(CglibAopProxy.java:720) ~[spring-aop-6.1.13.jar:6.1.13]
	at org.league.app.service.GameSystemService$$SpringCGLIB$$0.searchGameSystem(<generated>) ~[classes/:na]
	at org.league.app.controller.GameSystemController.searchGameSystem(GameSystemController.java:40) ~[classes/:na]
	at java.base/jdk.internal.reflect.DirectMethodHandleAccessor.invoke(DirectMethodHandleAccessor.java:103) ~[na:na]
	at java.base/java.lang.reflect.Method.invoke(Method.java:580) ~[na:na]
	at org.springframework.web.method.support.InvocableHandlerMethod.doInvoke(InvocableHandlerMethod.java:255) ~[spring-web-6.1.13.jar:6.1.13]
	at org.springframework.web.method.support.InvocableHandlerMethod.invokeForRequest(InvocableHandlerMethod.java:188) ~[spring-web-6.1.13.jar:6.1.13]
	at org.springframework.web.servlet.mvc.method.annotation.ServletInvocableHandlerMethod.invokeAndHandle(ServletInvocableHandlerMethod.java:118) ~[spring-webmvc-6.1.13.jar:6.1.13]
	at org.springframework.web.servlet.mvc.method.annotation.RequestMappingHandlerAdapter.invokeHandlerMethod(RequestMappingHandlerAdapter.java:926) ~[spring-webmvc-6.1.13.jar:6.1.13]
	at org.springframework.web.servlet.mvc.method.annotation.RequestMappingHandlerAdapter.handleInternal(RequestMappingHandlerAdapter.java:831) ~[spring-webmvc-6.1.13.jar:6.1.13]
	at org.springframework.web.servlet.mvc.method.AbstractHandlerMethodAdapter.handle(AbstractHandlerMethodAdapter.java:87) ~[spring-webmvc-6.1.13.jar:6.1.13]
	at org.springframework.web.servlet.DispatcherServlet.doDispatch(DispatcherServlet.java:1089) ~[spring-webmvc-6.1.13.jar:6.1.13]
	at org.springframework.web.servlet.DispatcherServlet.doService(DispatcherServlet.java:979) ~[spring-webmvc-6.1.13.jar:6.1.13]
	at org.springframework.web.servlet.FrameworkServlet.processRequest(FrameworkServlet.java:1014) ~[spring-webmvc-6.1.13.jar:6.1.13]
	at org.springframework.web.servlet.FrameworkServlet.doGet(FrameworkServlet.java:903) ~[spring-webmvc-6.1.13.jar:6.1.13]
	at jakarta.servlet.http.HttpServlet.service(HttpServlet.java:564) ~[tomcat-embed-core-10.1.30.jar:6.0]
	at org.springframework.web.servlet.FrameworkServlet.service(FrameworkServlet.java:885) ~[spring-webmvc-6.1.13.jar:6.1.13]
	at jakarta.servlet.http.HttpServlet.service(HttpServlet.java:658) ~[tomcat-embed-core-10.1.30.jar:6.0]
	at org.apache.catalina.core.ApplicationFilterChain.internalDoFilter(ApplicationFilterChain.java:195) ~[tomcat-embed-core-10.1.30.jar:10.1.30]
	at org.apache.catalina.core.ApplicationFilterChain.doFilter(ApplicationFilterChain.java:140) ~[tomcat-embed-core-10.1.30.jar:10.1.30]
	at org.apache.tomcat.websocket.server.WsFilter.doFilter(WsFilter.java:51) ~[tomcat-embed-websocket-10.1.30.jar:10.1.30]
	at org.apache.catalina.core.ApplicationFilterChain.internalDoFilter(ApplicationFilterChain.java:164) ~[tomcat-embed-core-10.1.30.jar:10.1.30]
	at org.apache.catalina.core.ApplicationFilterChain.doFilter(ApplicationFilterChain.java:140) ~[tomcat-embed-core-10.1.30.jar:10.1.30]
	at org.springframework.web.filter.OncePerRequestFilter.doFilter(OncePerRequestFilter.java:110) ~[spring-web-6.1.13.jar:6.1.13]
	at org.apache.catalina.core.ApplicationFilterChain.internalDoFilter(ApplicationFilterChain.java:164) ~[tomcat-embed-core-10.1.30.jar:10.1.30]
	at org.apache.catalina.core.ApplicationFilterChain.doFilter(ApplicationFilterChain.java:140) ~[tomcat-embed-core-10.1.30.jar:10.1.30]
	at org.springframework.web.filter.CompositeFilter$VirtualFilterChain.doFilter(CompositeFilter.java:108) ~[spring-web-6.1.13.jar:6.1.13]
	at org.springframework.security.web.FilterChainProxy.lambda$doFilterInternal$3(FilterChainProxy.java:231) ~[spring-security-web-6.3.3.jar:6.3.3]
	at org.springframework.security.web.ObservationFilterChainDecorator$FilterObservation$SimpleFilterObservation.lambda$wrap$1(ObservationFilterChainDecorator.java:479) ~[spring-security-web-6.3.3.jar:6.3.3]
	at org.springframework.security.web.ObservationFilterChainDecorator$AroundFilterObservation$SimpleAroundFilterObservation.lambda$wrap$1(ObservationFilterChainDecorator.java:340) ~[spring-security-web-6.3.3.jar:6.3.3]
	at org.springframework.security.web.ObservationFilterChainDecorator.lambda$wrapSecured$0(ObservationFilterChainDecorator.java:82) ~[spring-security-web-6.3.3.jar:6.3.3]
	at org.springframework.security.web.ObservationFilterChainDecorator$VirtualFilterChain.doFilter(ObservationFilterChainDecorator.java:128) ~[spring-security-web-6.3.3.jar:6.3.3]
	at org.springframework.security.web.access.intercept.AuthorizationFilter.doFilter(AuthorizationFilter.java:100) ~[spring-security-web-6.3.3.jar:6.3.3]
	at org.springframework.security.web.ObservationFilterChainDecorator$ObservationFilter.wrapFilter(ObservationFilterChainDecorator.java:240) ~[spring-security-web-6.3.3.jar:6.3.3]
	at org.springframework.security.web.ObservationFilterChainDecorator$ObservationFilter.doFilter(ObservationFilterChainDecorator.java:227) ~[spring-security-web-6.3.3.jar:6.3.3]
	at org.springframework.security.web.ObservationFilterChainDecorator$VirtualFilterChain.doFilter(ObservationFilterChainDecorator.java:137) ~[spring-security-web-6.3.3.jar:6.3.3]
	at org.springframework.security.web.access.ExceptionTranslationFilter.doFilter(ExceptionTranslationFilter.java:126) ~[spring-security-web-6.3.3.jar:6.3.3]
	at org.springframework.security.web.access.ExceptionTranslationFilter.doFilter(ExceptionTranslationFilter.java:120) ~[spring-security-web-6.3.3.jar:6.3.3]
	at org.springframework.security.web.ObservationFilterChainDecorator$ObservationFilter.wrapFilter(ObservationFilterChainDecorator.java:240) ~[spring-security-web-6.3.3.jar:6.3.3]
	at org.springframework.security.web.ObservationFilterChainDecorator$ObservationFilter.doFilter(ObservationFilterChainDecorator.java:227) ~[spring-security-web-6.3.3.jar:6.3.3]
	at org.springframework.security.web.ObservationFilterChainDecorator$VirtualFilterChain.doFilter(ObservationFilterChainDecorator.java:137) ~[spring-security-web-6.3.3.jar:6.3.3]
	at org.springframework.security.web.session.SessionManagementFilter.doFilter(SessionManagementFilter.java:131) ~[spring-security-web-6.3.3.jar:6.3.3]
	at org.springframework.security.web.session.SessionManagementFilter.doFilter(SessionManagementFilter.java:85) ~[spring-security-web-6.3.3.jar:6.3.3]
	at org.springframework.security.web.ObservationFilterChainDecorator$ObservationFilter.wrapFilter(ObservationFilterChainDecorator.java:240) ~[spring-security-web-6.3.3.jar:6.3.3]
	at org.springframework.security.web.ObservationFilterChainDecorator$ObservationFilter.doFilter(ObservationFilterChainDecorator.java:227) ~[spring-security-web-6.3.3.jar:6.3.3]
	at org.springframework.security.web.ObservationFilterChainDecorator$VirtualFilterChain.doFilter(ObservationFilterChainDecorator.java:137) ~[spring-security-web-6.3.3.jar:6.3.3]
	at org.springframework.security.web.authentication.AnonymousAuthenticationFilter.doFilter(AnonymousAuthenticationFilter.java:100) ~[spring-security-web-6.3.3.jar:6.3.3]
	at org.springframework.security.web.ObservationFilterChainDecorator$ObservationFilter.wrapFilter(ObservationFilterChainDecorator.java:240) ~[spring-security-web-6.3.3.jar:6.3.3]
	at org.springframework.security.web.ObservationFilterChainDecorator$ObservationFilter.doFilter(ObservationFilterChainDecorator.java:227) ~[spring-security-web-6.3.3.jar:6.3.3]
	at org.springframework.security.web.ObservationFilterChainDecorator$VirtualFilterChain.doFilter(ObservationFilterChainDecorator.java:137) ~[spring-security-web-6.3.3.jar:6.3.3]
	at org.springframework.security.web.servletapi.SecurityContextHolderAwareRequestFilter.doFilter(SecurityContextHolderAwareRequestFilter.java:179) ~[spring-security-web-6.3.3.jar:6.3.3]
	at org.springframework.security.web.ObservationFilterChainDecorator$ObservationFilter.wrapFilter(ObservationFilterChainDecorator.java:240) ~[spring-security-web-6.3.3.jar:6.3.3]
	at org.springframework.security.web.ObservationFilterChainDecorator$ObservationFilter.doFilter(ObservationFilterChainDecorator.java:227) ~[spring-security-web-6.3.3.jar:6.3.3]
	at org.springframework.security.web.ObservationFilterChainDecorator$VirtualFilterChain.doFilter(ObservationFilterChainDecorator.java:137) ~[spring-security-web-6.3.3.jar:6.3.3]
	at org.springframework.security.web.savedrequest.RequestCacheAwareFilter.doFilter(RequestCacheAwareFilter.java:63) ~[spring-security-web-6.3.3.jar:6.3.3]
	at org.springframework.security.web.ObservationFilterChainDecorator$ObservationFilter.wrapFilter(ObservationFilterChainDecorator.java:240) ~[spring-security-web-6.3.3.jar:6.3.3]
	at org.springframework.security.web.ObservationFilterChainDecorator$ObservationFilter.doFilter(ObservationFilterChainDecorator.java:227) ~[spring-security-web-6.3.3.jar:6.3.3]
	at org.springframework.security.web.ObservationFilterChainDecorator$VirtualFilterChain.doFilter(ObservationFilterChainDecorator.java:137) ~[spring-security-web-6.3.3.jar:6.3.3]
	at org.league.app.filter.JWTFilter.doFilterInternal(JWTFilter.java:78) ~[classes/:na]
	at org.springframework.web.filter.OncePerRequestFilter.doFilter(OncePerRequestFilter.java:116) ~[spring-web-6.1.13.jar:6.1.13]
	at org.springframework.security.web.ObservationFilterChainDecorator$ObservationFilter.wrapFilter(ObservationFilterChainDecorator.java:240) ~[spring-security-web-6.3.3.jar:6.3.3]
	at org.springframework.security.web.ObservationFilterChainDecorator$ObservationFilter.doFilter(ObservationFilterChainDecorator.java:227) ~[spring-security-web-6.3.3.jar:6.3.3]
	at org.springframework.security.web.ObservationFilterChainDecorator$VirtualFilterChain.doFilter(ObservationFilterChainDecorator.java:137) ~[spring-security-web-6.3.3.jar:6.3.3]
	at org.springframework.security.web.authentication.logout.LogoutFilter.doFilter(LogoutFilter.java:107) ~[spring-security-web-6.3.3.jar:6.3.3]
	at org.springframework.security.web.authentication.logout.LogoutFilter.doFilter(LogoutFilter.java:93) ~[spring-security-web-6.3.3.jar:6.3.3]
	at org.springframework.security.web.ObservationFilterChainDecorator$ObservationFilter.wrapFilter(ObservationFilterChainDecorator.java:240) ~[spring-security-web-6.3.3.jar:6.3.3]
	at org.springframework.security.web.ObservationFilterChainDecorator$ObservationFilter.doFilter(ObservationFilterChainDecorator.java:227) ~[spring-security-web-6.3.3.jar:6.3.3]
	at org.springframework.security.web.ObservationFilterChainDecorator$VirtualFilterChain.doFilter(ObservationFilterChainDecorator.java:137) ~[spring-security-web-6.3.3.jar:6.3.3]
	at org.springframework.security.web.header.HeaderWriterFilter.doHeadersAfter(HeaderWriterFilter.java:90) ~[spring-security-web-6.3.3.jar:6.3.3]
	at org.springframework.security.web.header.HeaderWriterFilter.doFilterInternal(HeaderWriterFilter.java:75) ~[spring-security-web-6.3.3.jar:6.3.3]
	at org.springframework.web.filter.OncePerRequestFilter.doFilter(OncePerRequestFilter.java:116) ~[spring-web-6.1.13.jar:6.1.13]
	at org.springframework.security.web.ObservationFilterChainDecorator$ObservationFilter.wrapFilter(ObservationFilterChainDecorator.java:240) ~[spring-security-web-6.3.3.jar:6.3.3]
	at org.springframework.security.web.ObservationFilterChainDecorator$ObservationFilter.doFilter(ObservationFilterChainDecorator.java:227) ~[spring-security-web-6.3.3.jar:6.3.3]
	at org.springframework.security.web.ObservationFilterChainDecorator$VirtualFilterChain.doFilter(ObservationFilterChainDecorator.java:137) ~[spring-security-web-6.3.3.jar:6.3.3]
	at org.springframework.security.web.context.SecurityContextHolderFilter.doFilter(SecurityContextHolderFilter.java:82) ~[spring-security-web-6.3.3.jar:6.3.3]
	at org.springframework.security.web.context.SecurityContextHolderFilter.doFilter(SecurityContextHolderFilter.java:69) ~[spring-security-web-6.3.3.jar:6.3.3]
	at org.springframework.security.web.ObservationFilterChainDecorator$ObservationFilter.wrapFilter(ObservationFilterChainDecorator.java:240) ~[spring-security-web-6.3.3.jar:6.3.3]
	at org.springframework.security.web.ObservationFilterChainDecorator$ObservationFilter.doFilter(ObservationFilterChainDecorator.java:227) ~[spring-security-web-6.3.3.jar:6.3.3]
	at org.springframework.security.web.ObservationFilterChainDecorator$VirtualFilterChain.doFilter(ObservationFilterChainDecorator.java:137) ~[spring-security-web-6.3.3.jar:6.3.3]
	at org.springframework.security.web.context.request.async.WebAsyncManagerIntegrationFilter.doFilterInternal(WebAsyncManagerIntegrationFilter.java:62) ~[spring-security-web-6.3.3.jar:6.3.3]
	at org.springframework.web.filter.OncePerRequestFilter.doFilter(OncePerRequestFilter.java:116) ~[spring-web-6.1.13.jar:6.1.13]
	at org.springframework.security.web.ObservationFilterChainDecorator$ObservationFilter.wrapFilter(ObservationFilterChainDecorator.java:240) ~[spring-security-web-6.3.3.jar:6.3.3]
	at org.springframework.security.web.ObservationFilterChainDecorator$ObservationFilter.doFilter(ObservationFilterChainDecorator.java:227) ~[spring-security-web-6.3.3.jar:6.3.3]
	at org.springframework.security.web.ObservationFilterChainDecorator$VirtualFilterChain.doFilter(ObservationFilterChainDecorator.java:137) ~[spring-security-web-6.3.3.jar:6.3.3]
	at org.springframework.security.web.session.DisableEncodeUrlFilter.doFilterInternal(DisableEncodeUrlFilter.java:42) ~[spring-security-web-6.3.3.jar:6.3.3]
	at org.springframework.web.filter.OncePerRequestFilter.doFilter(OncePerRequestFilter.java:116) ~[spring-web-6.1.13.jar:6.1.13]
	at org.springframework.security.web.ObservationFilterChainDecorator$ObservationFilter.wrapFilter(ObservationFilterChainDecorator.java:240) ~[spring-security-web-6.3.3.jar:6.3.3]
	at org.springframework.security.web.ObservationFilterChainDecorator$AroundFilterObservation$SimpleAroundFilterObservation.lambda$wrap$0(ObservationFilterChainDecorator.java:323) ~[spring-security-web-6.3.3.jar:6.3.3]
	at org.springframework.security.web.ObservationFilterChainDecorator$ObservationFilter.doFilter(ObservationFilterChainDecorator.java:224) ~[spring-security-web-6.3.3.jar:6.3.3]
	at org.springframework.security.web.ObservationFilterChainDecorator$VirtualFilterChain.doFilter(ObservationFilterChainDecorator.java:137) ~[spring-security-web-6.3.3.jar:6.3.3]
	at org.springframework.security.web.FilterChainProxy.doFilterInternal(FilterChainProxy.java:233) ~[spring-security-web-6.3.3.jar:6.3.3]
	at org.springframework.security.web.FilterChainProxy.doFilter(FilterChainProxy.java:191) ~[spring-security-web-6.3.3.jar:6.3.3]
	at org.springframework.web.filter.CompositeFilter$VirtualFilterChain.doFilter(CompositeFilter.java:113) ~[spring-web-6.1.13.jar:6.1.13]
	at org.springframework.web.servlet.handler.HandlerMappingIntrospector.lambda$createCacheFilter$3(HandlerMappingIntrospector.java:195) ~[spring-webmvc-6.1.13.jar:6.1.13]
	at org.springframework.web.filter.CompositeFilter$VirtualFilterChain.doFilter(CompositeFilter.java:113) ~[spring-web-6.1.13.jar:6.1.13]
	at org.springframework.web.filter.CompositeFilter.doFilter(CompositeFilter.java:74) ~[spring-web-6.1.13.jar:6.1.13]
	at org.springframework.security.config.annotation.web.configuration.WebMvcSecurityConfiguration$CompositeFilterChainProxy.doFilter(WebMvcSecurityConfiguration.java:230) ~[spring-security-config-6.3.3.jar:6.3.3]
	at org.springframework.web.filter.DelegatingFilterProxy.invokeDelegate(DelegatingFilterProxy.java:352) ~[spring-web-6.1.13.jar:6.1.13]
	at org.springframework.web.filter.DelegatingFilterProxy.doFilter(DelegatingFilterProxy.java:268) ~[spring-web-6.1.13.jar:6.1.13]
	at org.apache.catalina.core.ApplicationFilterChain.internalDoFilter(ApplicationFilterChain.java:164) ~[tomcat-embed-core-10.1.30.jar:10.1.30]
	at org.apache.catalina.core.ApplicationFilterChain.doFilter(ApplicationFilterChain.java:140) ~[tomcat-embed-core-10.1.30.jar:10.1.30]
	at org.springframework.web.filter.RequestContextFilter.doFilterInternal(RequestContextFilter.java:100) ~[spring-web-6.1.13.jar:6.1.13]
	at org.springframework.web.filter.OncePerRequestFilter.doFilter(OncePerRequestFilter.java:116) ~[spring-web-6.1.13.jar:6.1.13]
	at org.apache.catalina.core.ApplicationFilterChain.internalDoFilter(ApplicationFilterChain.java:164) ~[tomcat-embed-core-10.1.30.jar:10.1.30]
	at org.apache.catalina.core.ApplicationFilterChain.doFilter(ApplicationFilterChain.java:140) ~[tomcat-embed-core-10.1.30.jar:10.1.30]
	at org.springframework.web.filter.FormContentFilter.doFilterInternal(FormContentFilter.java:93) ~[spring-web-6.1.13.jar:6.1.13]
	at org.springframework.web.filter.OncePerRequestFilter.doFilter(OncePerRequestFilter.java:116) ~[spring-web-6.1.13.jar:6.1.13]
	at org.apache.catalina.core.ApplicationFilterChain.internalDoFilter(ApplicationFilterChain.java:164) ~[tomcat-embed-core-10.1.30.jar:10.1.30]
	at org.apache.catalina.core.ApplicationFilterChain.doFilter(ApplicationFilterChain.java:140) ~[tomcat-embed-core-10.1.30.jar:10.1.30]
	at org.springframework.web.filter.ServerHttpObservationFilter.doFilterInternal(ServerHttpObservationFilter.java:113) ~[spring-web-6.1.13.jar:6.1.13]
	at org.springframework.web.filter.OncePerRequestFilter.doFilter(OncePerRequestFilter.java:116) ~[spring-web-6.1.13.jar:6.1.13]
	at org.apache.catalina.core.ApplicationFilterChain.internalDoFilter(ApplicationFilterChain.java:164) ~[tomcat-embed-core-10.1.30.jar:10.1.30]
	at org.apache.catalina.core.ApplicationFilterChain.doFilter(ApplicationFilterChain.java:140) ~[tomcat-embed-core-10.1.30.jar:10.1.30]
	at org.springframework.web.filter.CharacterEncodingFilter.doFilterInternal(CharacterEncodingFilter.java:201) ~[spring-web-6.1.13.jar:6.1.13]
	at org.springframework.web.filter.OncePerRequestFilter.doFilter(OncePerRequestFilter.java:116) ~[spring-web-6.1.13.jar:6.1.13]
	at org.apache.catalina.core.ApplicationFilterChain.internalDoFilter(ApplicationFilterChain.java:164) ~[tomcat-embed-core-10.1.30.jar:10.1.30]
	at org.apache.catalina.core.ApplicationFilterChain.doFilter(ApplicationFilterChain.java:140) ~[tomcat-embed-core-10.1.30.jar:10.1.30]
	at org.apache.catalina.core.StandardWrapperValve.invoke(StandardWrapperValve.java:167) ~[tomcat-embed-core-10.1.30.jar:10.1.30]
	at org.apache.catalina.core.StandardContextValve.invoke(StandardContextValve.java:90) ~[tomcat-embed-core-10.1.30.jar:10.1.30]
	at org.apache.catalina.authenticator.AuthenticatorBase.invoke(AuthenticatorBase.java:483) ~[tomcat-embed-core-10.1.30.jar:10.1.30]
	at org.apache.catalina.core.StandardHostValve.invoke(StandardHostValve.java:115) ~[tomcat-embed-core-10.1.30.jar:10.1.30]
	at org.apache.catalina.valves.ErrorReportValve.invoke(ErrorReportValve.java:93) ~[tomcat-embed-core-10.1.30.jar:10.1.30]
	at org.apache.catalina.core.StandardEngineValve.invoke(StandardEngineValve.java:74) ~[tomcat-embed-core-10.1.30.jar:10.1.30]
	at org.apache.catalina.connector.CoyoteAdapter.service(CoyoteAdapter.java:344) ~[tomcat-embed-core-10.1.30.jar:10.1.30]
	at org.apache.coyote.http11.Http11Processor.service(Http11Processor.java:384) ~[tomcat-embed-core-10.1.30.jar:10.1.30]
	at org.apache.coyote.AbstractProcessorLight.process(AbstractProcessorLight.java:63) ~[tomcat-embed-core-10.1.30.jar:10.1.30]
	at org.apache.coyote.AbstractProtocol$ConnectionHandler.process(AbstractProtocol.java:905) ~[tomcat-embed-core-10.1.30.jar:10.1.30]
	at org.apache.tomcat.util.net.NioEndpoint$SocketProcessor.doRun(NioEndpoint.java:1741) ~[tomcat-embed-core-10.1.30.jar:10.1.30]
	at org.apache.tomcat.util.net.SocketProcessorBase.run(SocketProcessorBase.java:52) ~[tomcat-embed-core-10.1.30.jar:10.1.30]
	at org.apache.tomcat.util.threads.ThreadPoolExecutor.runWorker(ThreadPoolExecutor.java:1190) ~[tomcat-embed-core-10.1.30.jar:10.1.30]
	at org.apache.tomcat.util.threads.ThreadPoolExecutor$Worker.run(ThreadPoolExecutor.java:659) ~[tomcat-embed-core-10.1.30.jar:10.1.30]
	at org.apache.tomcat.util.threads.TaskThread$WrappingRunnable.run(TaskThread.java:63) ~[tomcat-embed-core-10.1.30.jar:10.1.30]
	at java.base/java.lang.Thread.run(Thread.java:1583) ~[na:na]

2025-01-14T20:07:11.013+01:00  INFO 56376 --- [competition-management-service] [http-nio-8084-exec-8] org.league.app.filter.JWTFilter          : Extracted email: ylopatkin@gmail.com
2025-01-14T20:07:11.013+01:00  INFO 56376 --- [competition-management-service] [http-nio-8084-exec-8] org.league.app.filter.JWTFilter          : User email: ylopatkin@gmail.com
2025-01-14T20:07:11.055+01:00 ERROR 56376 --- [competition-management-service] [http-nio-8084-exec-8] o.a.c.c.C.[.[.[/].[dispatcherServlet]    : Servlet.service() for servlet [dispatcherServlet] in context with path [] threw exception [Request processing failed: feign.FeignException$Forbidden: [403] during [GET] to [http://sport-service/api/sport/get-sports-by-name?sportName=chess] [SportClientFeign#findByNameSearch(String)]: []] with root cause

feign.FeignException$Forbidden: [403] during [GET] to [http://sport-service/api/sport/get-sports-by-name?sportName=chess] [SportClientFeign#findByNameSearch(String)]: []
	at feign.FeignException.clientErrorStatus(FeignException.java:226) ~[feign-core-13.3.jar:na]
	at feign.FeignException.errorStatus(FeignException.java:203) ~[feign-core-13.3.jar:na]
	at feign.FeignException.errorStatus(FeignException.java:194) ~[feign-core-13.3.jar:na]
	at feign.codec.ErrorDecoder$Default.decode(ErrorDecoder.java:103) ~[feign-core-13.3.jar:na]
	at feign.InvocationContext.decodeError(InvocationContext.java:126) ~[feign-core-13.3.jar:na]
	at feign.InvocationContext.proceed(InvocationContext.java:72) ~[feign-core-13.3.jar:na]
	at feign.ResponseHandler.handleResponse(ResponseHandler.java:63) ~[feign-core-13.3.jar:na]
	at feign.SynchronousMethodHandler.executeAndDecode(SynchronousMethodHandler.java:114) ~[feign-core-13.3.jar:na]
	at feign.SynchronousMethodHandler.invoke(SynchronousMethodHandler.java:70) ~[feign-core-13.3.jar:na]
	at feign.ReflectiveFeign$FeignInvocationHandler.invoke(ReflectiveFeign.java:99) ~[feign-core-13.3.jar:na]
	at jdk.proxy2/jdk.proxy2.$Proxy170.findByNameSearch(Unknown Source) ~[na:na]
	at org.league.app.service.GameSystemService.searchGameSystem(GameSystemService.java:66) ~[classes/:na]
	at java.base/jdk.internal.reflect.DirectMethodHandleAccessor.invoke(DirectMethodHandleAccessor.java:103) ~[na:na]
	at java.base/java.lang.reflect.Method.invoke(Method.java:580) ~[na:na]
	at org.springframework.aop.support.AopUtils.invokeJoinpointUsingReflection(AopUtils.java:355) ~[spring-aop-6.1.13.jar:6.1.13]
	at org.springframework.aop.framework.ReflectiveMethodInvocation.invokeJoinpoint(ReflectiveMethodInvocation.java:196) ~[spring-aop-6.1.13.jar:6.1.13]
	at org.springframework.aop.framework.ReflectiveMethodInvocation.proceed(ReflectiveMethodInvocation.java:163) ~[spring-aop-6.1.13.jar:6.1.13]
	at org.springframework.aop.framework.CglibAopProxy$CglibMethodInvocation.proceed(CglibAopProxy.java:768) ~[spring-aop-6.1.13.jar:6.1.13]
	at org.springframework.transaction.interceptor.TransactionAspectSupport.invokeWithinTransaction(TransactionAspectSupport.java:379) ~[spring-tx-6.1.13.jar:6.1.13]
	at org.springframework.transaction.interceptor.TransactionInterceptor.invoke(TransactionInterceptor.java:119) ~[spring-tx-6.1.13.jar:6.1.13]
	at org.springframework.aop.framework.ReflectiveMethodInvocation.proceed(ReflectiveMethodInvocation.java:184) ~[spring-aop-6.1.13.jar:6.1.13]
	at org.springframework.aop.framework.CglibAopProxy$CglibMethodInvocation.proceed(CglibAopProxy.java:768) ~[spring-aop-6.1.13.jar:6.1.13]
	at org.springframework.aop.framework.CglibAopProxy$DynamicAdvisedInterceptor.intercept(CglibAopProxy.java:720) ~[spring-aop-6.1.13.jar:6.1.13]
	at org.league.app.service.GameSystemService$$SpringCGLIB$$0.searchGameSystem(<generated>) ~[classes/:na]
	at org.league.app.controller.GameSystemController.searchGameSystem(GameSystemController.java:40) ~[classes/:na]
	at java.base/jdk.internal.reflect.DirectMethodHandleAccessor.invoke(DirectMethodHandleAccessor.java:103) ~[na:na]
	at java.base/java.lang.reflect.Method.invoke(Method.java:580) ~[na:na]
	at org.springframework.web.method.support.InvocableHandlerMethod.doInvoke(InvocableHandlerMethod.java:255) ~[spring-web-6.1.13.jar:6.1.13]
	at org.springframework.web.method.support.InvocableHandlerMethod.invokeForRequest(InvocableHandlerMethod.java:188) ~[spring-web-6.1.13.jar:6.1.13]
	at org.springframework.web.servlet.mvc.method.annotation.ServletInvocableHandlerMethod.invokeAndHandle(ServletInvocableHandlerMethod.java:118) ~[spring-webmvc-6.1.13.jar:6.1.13]
	at org.springframework.web.servlet.mvc.method.annotation.RequestMappingHandlerAdapter.invokeHandlerMethod(RequestMappingHandlerAdapter.java:926) ~[spring-webmvc-6.1.13.jar:6.1.13]
	at org.springframework.web.servlet.mvc.method.annotation.RequestMappingHandlerAdapter.handleInternal(RequestMappingHandlerAdapter.java:831) ~[spring-webmvc-6.1.13.jar:6.1.13]
	at org.springframework.web.servlet.mvc.method.AbstractHandlerMethodAdapter.handle(AbstractHandlerMethodAdapter.java:87) ~[spring-webmvc-6.1.13.jar:6.1.13]
	at org.springframework.web.servlet.DispatcherServlet.doDispatch(DispatcherServlet.java:1089) ~[spring-webmvc-6.1.13.jar:6.1.13]
	at org.springframework.web.servlet.DispatcherServlet.doService(DispatcherServlet.java:979) ~[spring-webmvc-6.1.13.jar:6.1.13]
	at org.springframework.web.servlet.FrameworkServlet.processRequest(FrameworkServlet.java:1014) ~[spring-webmvc-6.1.13.jar:6.1.13]
	at org.springframework.web.servlet.FrameworkServlet.doGet(FrameworkServlet.java:903) ~[spring-webmvc-6.1.13.jar:6.1.13]
	at jakarta.servlet.http.HttpServlet.service(HttpServlet.java:564) ~[tomcat-embed-core-10.1.30.jar:6.0]
	at org.springframework.web.servlet.FrameworkServlet.service(FrameworkServlet.java:885) ~[spring-webmvc-6.1.13.jar:6.1.13]
	at jakarta.servlet.http.HttpServlet.service(HttpServlet.java:658) ~[tomcat-embed-core-10.1.30.jar:6.0]
	at org.apache.catalina.core.ApplicationFilterChain.internalDoFilter(ApplicationFilterChain.java:195) ~[tomcat-embed-core-10.1.30.jar:10.1.30]
	at org.apache.catalina.core.ApplicationFilterChain.doFilter(ApplicationFilterChain.java:140) ~[tomcat-embed-core-10.1.30.jar:10.1.30]
	at org.apache.tomcat.websocket.server.WsFilter.doFilter(WsFilter.java:51) ~[tomcat-embed-websocket-10.1.30.jar:10.1.30]
	at org.apache.catalina.core.ApplicationFilterChain.internalDoFilter(ApplicationFilterChain.java:164) ~[tomcat-embed-core-10.1.30.jar:10.1.30]
	at org.apache.catalina.core.ApplicationFilterChain.doFilter(ApplicationFilterChain.java:140) ~[tomcat-embed-core-10.1.30.jar:10.1.30]
	at org.springframework.web.filter.OncePerRequestFilter.doFilter(OncePerRequestFilter.java:110) ~[spring-web-6.1.13.jar:6.1.13]
	at org.apache.catalina.core.ApplicationFilterChain.internalDoFilter(ApplicationFilterChain.java:164) ~[tomcat-embed-core-10.1.30.jar:10.1.30]
	at org.apache.catalina.core.ApplicationFilterChain.doFilter(ApplicationFilterChain.java:140) ~[tomcat-embed-core-10.1.30.jar:10.1.30]
	at org.springframework.web.filter.CompositeFilter$VirtualFilterChain.doFilter(CompositeFilter.java:108) ~[spring-web-6.1.13.jar:6.1.13]
	at org.springframework.security.web.FilterChainProxy.lambda$doFilterInternal$3(FilterChainProxy.java:231) ~[spring-security-web-6.3.3.jar:6.3.3]
	at org.springframework.security.web.ObservationFilterChainDecorator$FilterObservation$SimpleFilterObservation.lambda$wrap$1(ObservationFilterChainDecorator.java:479) ~[spring-security-web-6.3.3.jar:6.3.3]
	at org.springframework.security.web.ObservationFilterChainDecorator$AroundFilterObservation$SimpleAroundFilterObservation.lambda$wrap$1(ObservationFilterChainDecorator.java:340) ~[spring-security-web-6.3.3.jar:6.3.3]
	at org.springframework.security.web.ObservationFilterChainDecorator.lambda$wrapSecured$0(ObservationFilterChainDecorator.java:82) ~[spring-security-web-6.3.3.jar:6.3.3]
	at org.springframework.security.web.ObservationFilterChainDecorator$VirtualFilterChain.doFilter(ObservationFilterChainDecorator.java:128) ~[spring-security-web-6.3.3.jar:6.3.3]
	at org.springframework.security.web.access.intercept.AuthorizationFilter.doFilter(AuthorizationFilter.java:100) ~[spring-security-web-6.3.3.jar:6.3.3]
	at org.springframework.security.web.ObservationFilterChainDecorator$ObservationFilter.wrapFilter(ObservationFilterChainDecorator.java:240) ~[spring-security-web-6.3.3.jar:6.3.3]
	at org.springframework.security.web.ObservationFilterChainDecorator$ObservationFilter.doFilter(ObservationFilterChainDecorator.java:227) ~[spring-security-web-6.3.3.jar:6.3.3]
	at org.springframework.security.web.ObservationFilterChainDecorator$VirtualFilterChain.doFilter(ObservationFilterChainDecorator.java:137) ~[spring-security-web-6.3.3.jar:6.3.3]
	at org.springframework.security.web.access.ExceptionTranslationFilter.doFilter(ExceptionTranslationFilter.java:126) ~[spring-security-web-6.3.3.jar:6.3.3]
	at org.springframework.security.web.access.ExceptionTranslationFilter.doFilter(ExceptionTranslationFilter.java:120) ~[spring-security-web-6.3.3.jar:6.3.3]
	at org.springframework.security.web.ObservationFilterChainDecorator$ObservationFilter.wrapFilter(ObservationFilterChainDecorator.java:240) ~[spring-security-web-6.3.3.jar:6.3.3]
	at org.springframework.security.web.ObservationFilterChainDecorator$ObservationFilter.doFilter(ObservationFilterChainDecorator.java:227) ~[spring-security-web-6.3.3.jar:6.3.3]
	at org.springframework.security.web.ObservationFilterChainDecorator$VirtualFilterChain.doFilter(ObservationFilterChainDecorator.java:137) ~[spring-security-web-6.3.3.jar:6.3.3]
	at org.springframework.security.web.session.SessionManagementFilter.doFilter(SessionManagementFilter.java:131) ~[spring-security-web-6.3.3.jar:6.3.3]
	at org.springframework.security.web.session.SessionManagementFilter.doFilter(SessionManagementFilter.java:85) ~[spring-security-web-6.3.3.jar:6.3.3]
	at org.springframework.security.web.ObservationFilterChainDecorator$ObservationFilter.wrapFilter(ObservationFilterChainDecorator.java:240) ~[spring-security-web-6.3.3.jar:6.3.3]
	at org.springframework.security.web.ObservationFilterChainDecorator$ObservationFilter.doFilter(ObservationFilterChainDecorator.java:227) ~[spring-security-web-6.3.3.jar:6.3.3]
	at org.springframework.security.web.ObservationFilterChainDecorator$VirtualFilterChain.doFilter(ObservationFilterChainDecorator.java:137) ~[spring-security-web-6.3.3.jar:6.3.3]
	at org.springframework.security.web.authentication.AnonymousAuthenticationFilter.doFilter(AnonymousAuthenticationFilter.java:100) ~[spring-security-web-6.3.3.jar:6.3.3]
	at org.springframework.security.web.ObservationFilterChainDecorator$ObservationFilter.wrapFilter(ObservationFilterChainDecorator.java:240) ~[spring-security-web-6.3.3.jar:6.3.3]
	at org.springframework.security.web.ObservationFilterChainDecorator$ObservationFilter.doFilter(ObservationFilterChainDecorator.java:227) ~[spring-security-web-6.3.3.jar:6.3.3]
	at org.springframework.security.web.ObservationFilterChainDecorator$VirtualFilterChain.doFilter(ObservationFilterChainDecorator.java:137) ~[spring-security-web-6.3.3.jar:6.3.3]
	at org.springframework.security.web.servletapi.SecurityContextHolderAwareRequestFilter.doFilter(SecurityContextHolderAwareRequestFilter.java:179) ~[spring-security-web-6.3.3.jar:6.3.3]
	at org.springframework.security.web.ObservationFilterChainDecorator$ObservationFilter.wrapFilter(ObservationFilterChainDecorator.java:240) ~[spring-security-web-6.3.3.jar:6.3.3]
	at org.springframework.security.web.ObservationFilterChainDecorator$ObservationFilter.doFilter(ObservationFilterChainDecorator.java:227) ~[spring-security-web-6.3.3.jar:6.3.3]
	at org.springframework.security.web.ObservationFilterChainDecorator$VirtualFilterChain.doFilter(ObservationFilterChainDecorator.java:137) ~[spring-security-web-6.3.3.jar:6.3.3]
	at org.springframework.security.web.savedrequest.RequestCacheAwareFilter.doFilter(RequestCacheAwareFilter.java:63) ~[spring-security-web-6.3.3.jar:6.3.3]
	at org.springframework.security.web.ObservationFilterChainDecorator$ObservationFilter.wrapFilter(ObservationFilterChainDecorator.java:240) ~[spring-security-web-6.3.3.jar:6.3.3]
	at org.springframework.security.web.ObservationFilterChainDecorator$ObservationFilter.doFilter(ObservationFilterChainDecorator.java:227) ~[spring-security-web-6.3.3.jar:6.3.3]
	at org.springframework.security.web.ObservationFilterChainDecorator$VirtualFilterChain.doFilter(ObservationFilterChainDecorator.java:137) ~[spring-security-web-6.3.3.jar:6.3.3]
	at org.league.app.filter.JWTFilter.doFilterInternal(JWTFilter.java:78) ~[classes/:na]
	at org.springframework.web.filter.OncePerRequestFilter.doFilter(OncePerRequestFilter.java:116) ~[spring-web-6.1.13.jar:6.1.13]
	at org.springframework.security.web.ObservationFilterChainDecorator$ObservationFilter.wrapFilter(ObservationFilterChainDecorator.java:240) ~[spring-security-web-6.3.3.jar:6.3.3]
	at org.springframework.security.web.ObservationFilterChainDecorator$ObservationFilter.doFilter(ObservationFilterChainDecorator.java:227) ~[spring-security-web-6.3.3.jar:6.3.3]
	at org.springframework.security.web.ObservationFilterChainDecorator$VirtualFilterChain.doFilter(ObservationFilterChainDecorator.java:137) ~[spring-security-web-6.3.3.jar:6.3.3]
	at org.springframework.security.web.authentication.logout.LogoutFilter.doFilter(LogoutFilter.java:107) ~[spring-security-web-6.3.3.jar:6.3.3]
	at org.springframework.security.web.authentication.logout.LogoutFilter.doFilter(LogoutFilter.java:93) ~[spring-security-web-6.3.3.jar:6.3.3]
	at org.springframework.security.web.ObservationFilterChainDecorator$ObservationFilter.wrapFilter(ObservationFilterChainDecorator.java:240) ~[spring-security-web-6.3.3.jar:6.3.3]
	at org.springframework.security.web.ObservationFilterChainDecorator$ObservationFilter.doFilter(ObservationFilterChainDecorator.java:227) ~[spring-security-web-6.3.3.jar:6.3.3]
	at org.springframework.security.web.ObservationFilterChainDecorator$VirtualFilterChain.doFilter(ObservationFilterChainDecorator.java:137) ~[spring-security-web-6.3.3.jar:6.3.3]
	at org.springframework.security.web.header.HeaderWriterFilter.doHeadersAfter(HeaderWriterFilter.java:90) ~[spring-security-web-6.3.3.jar:6.3.3]
	at org.springframework.security.web.header.HeaderWriterFilter.doFilterInternal(HeaderWriterFilter.java:75) ~[spring-security-web-6.3.3.jar:6.3.3]
	at org.springframework.web.filter.OncePerRequestFilter.doFilter(OncePerRequestFilter.java:116) ~[spring-web-6.1.13.jar:6.1.13]
	at org.springframework.security.web.ObservationFilterChainDecorator$ObservationFilter.wrapFilter(ObservationFilterChainDecorator.java:240) ~[spring-security-web-6.3.3.jar:6.3.3]
	at org.springframework.security.web.ObservationFilterChainDecorator$ObservationFilter.doFilter(ObservationFilterChainDecorator.java:227) ~[spring-security-web-6.3.3.jar:6.3.3]
	at org.springframework.security.web.ObservationFilterChainDecorator$VirtualFilterChain.doFilter(ObservationFilterChainDecorator.java:137) ~[spring-security-web-6.3.3.jar:6.3.3]
	at org.springframework.security.web.context.SecurityContextHolderFilter.doFilter(SecurityContextHolderFilter.java:82) ~[spring-security-web-6.3.3.jar:6.3.3]
	at org.springframework.security.web.context.SecurityContextHolderFilter.doFilter(SecurityContextHolderFilter.java:69) ~[spring-security-web-6.3.3.jar:6.3.3]
	at org.springframework.security.web.ObservationFilterChainDecorator$ObservationFilter.wrapFilter(ObservationFilterChainDecorator.java:240) ~[spring-security-web-6.3.3.jar:6.3.3]
	at org.springframework.security.web.ObservationFilterChainDecorator$ObservationFilter.doFilter(ObservationFilterChainDecorator.java:227) ~[spring-security-web-6.3.3.jar:6.3.3]
	at org.springframework.security.web.ObservationFilterChainDecorator$VirtualFilterChain.doFilter(ObservationFilterChainDecorator.java:137) ~[spring-security-web-6.3.3.jar:6.3.3]
	at org.springframework.security.web.context.request.async.WebAsyncManagerIntegrationFilter.doFilterInternal(WebAsyncManagerIntegrationFilter.java:62) ~[spring-security-web-6.3.3.jar:6.3.3]
	at org.springframework.web.filter.OncePerRequestFilter.doFilter(OncePerRequestFilter.java:116) ~[spring-web-6.1.13.jar:6.1.13]
	at org.springframework.security.web.ObservationFilterChainDecorator$ObservationFilter.wrapFilter(ObservationFilterChainDecorator.java:240) ~[spring-security-web-6.3.3.jar:6.3.3]
	at org.springframework.security.web.ObservationFilterChainDecorator$ObservationFilter.doFilter(ObservationFilterChainDecorator.java:227) ~[spring-security-web-6.3.3.jar:6.3.3]
	at org.springframework.security.web.ObservationFilterChainDecorator$VirtualFilterChain.doFilter(ObservationFilterChainDecorator.java:137) ~[spring-security-web-6.3.3.jar:6.3.3]
	at org.springframework.security.web.session.DisableEncodeUrlFilter.doFilterInternal(DisableEncodeUrlFilter.java:42) ~[spring-security-web-6.3.3.jar:6.3.3]
	at org.springframework.web.filter.OncePerRequestFilter.doFilter(OncePerRequestFilter.java:116) ~[spring-web-6.1.13.jar:6.1.13]
	at org.springframework.security.web.ObservationFilterChainDecorator$ObservationFilter.wrapFilter(ObservationFilterChainDecorator.java:240) ~[spring-security-web-6.3.3.jar:6.3.3]
	at org.springframework.security.web.ObservationFilterChainDecorator$AroundFilterObservation$SimpleAroundFilterObservation.lambda$wrap$0(ObservationFilterChainDecorator.java:323) ~[spring-security-web-6.3.3.jar:6.3.3]
	at org.springframework.security.web.ObservationFilterChainDecorator$ObservationFilter.doFilter(ObservationFilterChainDecorator.java:224) ~[spring-security-web-6.3.3.jar:6.3.3]
	at org.springframework.security.web.ObservationFilterChainDecorator$VirtualFilterChain.doFilter(ObservationFilterChainDecorator.java:137) ~[spring-security-web-6.3.3.jar:6.3.3]
	at org.springframework.security.web.FilterChainProxy.doFilterInternal(FilterChainProxy.java:233) ~[spring-security-web-6.3.3.jar:6.3.3]
	at org.springframework.security.web.FilterChainProxy.doFilter(FilterChainProxy.java:191) ~[spring-security-web-6.3.3.jar:6.3.3]
	at org.springframework.web.filter.CompositeFilter$VirtualFilterChain.doFilter(CompositeFilter.java:113) ~[spring-web-6.1.13.jar:6.1.13]
	at org.springframework.web.servlet.handler.HandlerMappingIntrospector.lambda$createCacheFilter$3(HandlerMappingIntrospector.java:195) ~[spring-webmvc-6.1.13.jar:6.1.13]
	at org.springframework.web.filter.CompositeFilter$VirtualFilterChain.doFilter(CompositeFilter.java:113) ~[spring-web-6.1.13.jar:6.1.13]
	at org.springframework.web.filter.CompositeFilter.doFilter(CompositeFilter.java:74) ~[spring-web-6.1.13.jar:6.1.13]
	at org.springframework.security.config.annotation.web.configuration.WebMvcSecurityConfiguration$CompositeFilterChainProxy.doFilter(WebMvcSecurityConfiguration.java:230) ~[spring-security-config-6.3.3.jar:6.3.3]
	at org.springframework.web.filter.DelegatingFilterProxy.invokeDelegate(DelegatingFilterProxy.java:352) ~[spring-web-6.1.13.jar:6.1.13]
	at org.springframework.web.filter.DelegatingFilterProxy.doFilter(DelegatingFilterProxy.java:268) ~[spring-web-6.1.13.jar:6.1.13]
	at org.apache.catalina.core.ApplicationFilterChain.internalDoFilter(ApplicationFilterChain.java:164) ~[tomcat-embed-core-10.1.30.jar:10.1.30]
	at org.apache.catalina.core.ApplicationFilterChain.doFilter(ApplicationFilterChain.java:140) ~[tomcat-embed-core-10.1.30.jar:10.1.30]
	at org.springframework.web.filter.RequestContextFilter.doFilterInternal(RequestContextFilter.java:100) ~[spring-web-6.1.13.jar:6.1.13]
	at org.springframework.web.filter.OncePerRequestFilter.doFilter(OncePerRequestFilter.java:116) ~[spring-web-6.1.13.jar:6.1.13]
	at org.apache.catalina.core.ApplicationFilterChain.internalDoFilter(ApplicationFilterChain.java:164) ~[tomcat-embed-core-10.1.30.jar:10.1.30]
	at org.apache.catalina.core.ApplicationFilterChain.doFilter(ApplicationFilterChain.java:140) ~[tomcat-embed-core-10.1.30.jar:10.1.30]
	at org.springframework.web.filter.FormContentFilter.doFilterInternal(FormContentFilter.java:93) ~[spring-web-6.1.13.jar:6.1.13]
	at org.springframework.web.filter.OncePerRequestFilter.doFilter(OncePerRequestFilter.java:116) ~[spring-web-6.1.13.jar:6.1.13]
	at org.apache.catalina.core.ApplicationFilterChain.internalDoFilter(ApplicationFilterChain.java:164) ~[tomcat-embed-core-10.1.30.jar:10.1.30]
	at org.apache.catalina.core.ApplicationFilterChain.doFilter(ApplicationFilterChain.java:140) ~[tomcat-embed-core-10.1.30.jar:10.1.30]
	at org.springframework.web.filter.ServerHttpObservationFilter.doFilterInternal(ServerHttpObservationFilter.java:113) ~[spring-web-6.1.13.jar:6.1.13]
	at org.springframework.web.filter.OncePerRequestFilter.doFilter(OncePerRequestFilter.java:116) ~[spring-web-6.1.13.jar:6.1.13]
	at org.apache.catalina.core.ApplicationFilterChain.internalDoFilter(ApplicationFilterChain.java:164) ~[tomcat-embed-core-10.1.30.jar:10.1.30]
	at org.apache.catalina.core.ApplicationFilterChain.doFilter(ApplicationFilterChain.java:140) ~[tomcat-embed-core-10.1.30.jar:10.1.30]
	at org.springframework.web.filter.CharacterEncodingFilter.doFilterInternal(CharacterEncodingFilter.java:201) ~[spring-web-6.1.13.jar:6.1.13]
	at org.springframework.web.filter.OncePerRequestFilter.doFilter(OncePerRequestFilter.java:116) ~[spring-web-6.1.13.jar:6.1.13]
	at org.apache.catalina.core.ApplicationFilterChain.internalDoFilter(ApplicationFilterChain.java:164) ~[tomcat-embed-core-10.1.30.jar:10.1.30]
	at org.apache.catalina.core.ApplicationFilterChain.doFilter(ApplicationFilterChain.java:140) ~[tomcat-embed-core-10.1.30.jar:10.1.30]
	at org.apache.catalina.core.StandardWrapperValve.invoke(StandardWrapperValve.java:167) ~[tomcat-embed-core-10.1.30.jar:10.1.30]
	at org.apache.catalina.core.StandardContextValve.invoke(StandardContextValve.java:90) ~[tomcat-embed-core-10.1.30.jar:10.1.30]
	at org.apache.catalina.authenticator.AuthenticatorBase.invoke(AuthenticatorBase.java:483) ~[tomcat-embed-core-10.1.30.jar:10.1.30]
	at org.apache.catalina.core.StandardHostValve.invoke(StandardHostValve.java:115) ~[tomcat-embed-core-10.1.30.jar:10.1.30]
	at org.apache.catalina.valves.ErrorReportValve.invoke(ErrorReportValve.java:93) ~[tomcat-embed-core-10.1.30.jar:10.1.30]
	at org.apache.catalina.core.StandardEngineValve.invoke(StandardEngineValve.java:74) ~[tomcat-embed-core-10.1.30.jar:10.1.30]
	at org.apache.catalina.connector.CoyoteAdapter.service(CoyoteAdapter.java:344) ~[tomcat-embed-core-10.1.30.jar:10.1.30]
	at org.apache.coyote.http11.Http11Processor.service(Http11Processor.java:384) ~[tomcat-embed-core-10.1.30.jar:10.1.30]
	at org.apache.coyote.AbstractProcessorLight.process(AbstractProcessorLight.java:63) ~[tomcat-embed-core-10.1.30.jar:10.1.30]
	at org.apache.coyote.AbstractProtocol$ConnectionHandler.process(AbstractProtocol.java:905) ~[tomcat-embed-core-10.1.30.jar:10.1.30]
	at org.apache.tomcat.util.net.NioEndpoint$SocketProcessor.doRun(NioEndpoint.java:1741) ~[tomcat-embed-core-10.1.30.jar:10.1.30]
	at org.apache.tomcat.util.net.SocketProcessorBase.run(SocketProcessorBase.java:52) ~[tomcat-embed-core-10.1.30.jar:10.1.30]
	at org.apache.tomcat.util.threads.ThreadPoolExecutor.runWorker(ThreadPoolExecutor.java:1190) ~[tomcat-embed-core-10.1.30.jar:10.1.30]
	at org.apache.tomcat.util.threads.ThreadPoolExecutor$Worker.run(ThreadPoolExecutor.java:659) ~[tomcat-embed-core-10.1.30.jar:10.1.30]
	at org.apache.tomcat.util.threads.TaskThread$WrappingRunnable.run(TaskThread.java:63) ~[tomcat-embed-core-10.1.30.jar:10.1.30]
	at java.base/java.lang.Thread.run(Thread.java:1583) ~[na:na]

2025-01-14T20:11:36.540+01:00  INFO 56376 --- [competition-management-service] [SpringApplicationShutdownHook] j.LocalContainerEntityManagerFactoryBean : Closing JPA EntityManagerFactory for persistence unit 'default'
2025-01-14T20:11:36.544+01:00  INFO 56376 --- [competition-management-service] [SpringApplicationShutdownHook] com.zaxxer.hikari.HikariDataSource       : HikariPool-1 - Shutdown initiated...
2025-01-14T20:11:36.560+01:00  INFO 56376 --- [competition-management-service] [SpringApplicationShutdownHook] com.zaxxer.hikari.HikariDataSource       : HikariPool-1 - Shutdown completed.
2025-01-14T20:11:36.562+01:00  INFO 56376 --- [competition-management-service] [SpringApplicationShutdownHook] o.s.c.c.s.ConsulServiceRegistry          : Deregistering service with consul: competition-management-service-8084
2025-01-14T20:12:59.449+01:00  INFO 65340 --- [competition-management-service] [main] .CompetitionManagementServiceApplication : Starting CompetitionManagementServiceApplication using Java 21.0.5 with PID 65340 (E:\important\ProLeagueManager\backend\competition-management-service\target\classes started by ylopa in E:\important\ProLeagueManager)
2025-01-14T20:12:59.453+01:00  INFO 65340 --- [competition-management-service] [main] .CompetitionManagementServiceApplication : No active profile set, falling back to 1 default profile: "default"
2025-01-14T20:13:01.305+01:00  INFO 65340 --- [competition-management-service] [main] .s.d.r.c.RepositoryConfigurationDelegate : Bootstrapping Spring Data JPA repositories in DEFAULT mode.
2025-01-14T20:13:01.605+01:00  INFO 65340 --- [competition-management-service] [main] .s.d.r.c.RepositoryConfigurationDelegate : Finished Spring Data repository scanning in 283 ms. Found 4 JPA repository interfaces.
2025-01-14T20:13:02.171+01:00  INFO 65340 --- [competition-management-service] [main] o.s.cloud.context.scope.GenericScope     : BeanFactory id=43e92a26-a0c8-341a-8e34-7d02ead5589e
2025-01-14T20:13:02.947+01:00  WARN 65340 --- [competition-management-service] [main] trationDelegate$BeanPostProcessorChecker : Bean 'org.springframework.cloud.client.loadbalancer.LoadBalancerAutoConfiguration$DeferringLoadBalancerInterceptorConfig' of type [org.springframework.cloud.client.loadbalancer.LoadBalancerAutoConfiguration$DeferringLoadBalancerInterceptorConfig] is not eligible for getting processed by all BeanPostProcessors (for example: not eligible for auto-proxying). The currently created BeanPostProcessor [lbRestClientPostProcessor] is declared through a non-static factory method on that class; consider declaring it as static instead.
2025-01-14T20:13:02.954+01:00  WARN 65340 --- [competition-management-service] [main] trationDelegate$BeanPostProcessorChecker : Bean 'deferringLoadBalancerInterceptor' of type [org.springframework.cloud.client.loadbalancer.DeferringLoadBalancerInterceptor] is not eligible for getting processed by all BeanPostProcessors (for example: not eligible for auto-proxying). Is this bean getting eagerly injected into a currently created BeanPostProcessor [lbRestClientPostProcessor]? Check the corresponding BeanPostProcessor declaration and its dependencies.
2025-01-14T20:13:03.487+01:00  INFO 65340 --- [competition-management-service] [main] o.s.b.w.embedded.tomcat.TomcatWebServer  : Tomcat initialized with port 8084 (http)
2025-01-14T20:13:03.519+01:00  INFO 65340 --- [competition-management-service] [main] o.apache.catalina.core.StandardService   : Starting service [Tomcat]
2025-01-14T20:13:03.520+01:00  INFO 65340 --- [competition-management-service] [main] o.apache.catalina.core.StandardEngine    : Starting Servlet engine: [Apache Tomcat/10.1.30]
2025-01-14T20:13:03.648+01:00  INFO 65340 --- [competition-management-service] [main] o.a.c.c.C.[Tomcat].[localhost].[/]       : Initializing Spring embedded WebApplicationContext
2025-01-14T20:13:03.649+01:00  INFO 65340 --- [competition-management-service] [main] w.s.c.ServletWebServerApplicationContext : Root WebApplicationContext: initialization completed in 4108 ms
2025-01-14T20:13:04.080+01:00  INFO 65340 --- [competition-management-service] [main] o.s.c.openfeign.FeignClientFactoryBean   : For 'user-service' URL not provided. Will try picking an instance via load-balancing.
2025-01-14T20:13:05.137+01:00  INFO 65340 --- [competition-management-service] [main] o.hibernate.jpa.internal.util.LogHelper  : HHH000204: Processing PersistenceUnitInfo [name: default]
2025-01-14T20:13:05.261+01:00  INFO 65340 --- [competition-management-service] [main] org.hibernate.Version                    : HHH000412: Hibernate ORM core version 6.5.3.Final
2025-01-14T20:13:05.371+01:00  INFO 65340 --- [competition-management-service] [main] o.h.c.internal.RegionFactoryInitiator    : HHH000026: Second-level cache disabled
2025-01-14T20:13:06.248+01:00  INFO 65340 --- [competition-management-service] [main] o.s.o.j.p.SpringPersistenceUnitInfo      : No LoadTimeWeaver setup: ignoring JPA class transformer
2025-01-14T20:13:06.346+01:00  INFO 65340 --- [competition-management-service] [main] com.zaxxer.hikari.HikariDataSource       : HikariPool-1 - Starting...
2025-01-14T20:13:06.637+01:00  INFO 65340 --- [competition-management-service] [main] com.zaxxer.hikari.pool.HikariPool        : HikariPool-1 - Added connection org.postgresql.jdbc.PgConnection@7da1ef46
2025-01-14T20:13:06.640+01:00  INFO 65340 --- [competition-management-service] [main] com.zaxxer.hikari.HikariDataSource       : HikariPool-1 - Start completed.
2025-01-14T20:13:09.077+01:00  INFO 65340 --- [competition-management-service] [main] o.h.e.t.j.p.i.JtaPlatformInitiator       : HHH000489: No JTA platform available (set 'hibernate.transaction.jta.platform' to enable JTA platform integration)
2025-01-14T20:13:09.331+01:00  INFO 65340 --- [competition-management-service] [main] j.LocalContainerEntityManagerFactoryBean : Initialized JPA EntityManagerFactory for persistence unit 'default'
2025-01-14T20:13:09.408+01:00  INFO 65340 --- [competition-management-service] [main] o.s.c.openfeign.FeignClientFactoryBean   : For 'sport-service' URL not provided. Will try picking an instance via load-balancing.
2025-01-14T20:13:10.107+01:00  WARN 65340 --- [competition-management-service] [main] .s.s.UserDetailsServiceAutoConfiguration : 

Using generated security password: ee81d0ac-a916-4bc7-94c2-01a5c0c92996

This generated password is for development use only. Your security configuration must be updated before running your application in production.

2025-01-14T20:13:10.134+01:00  INFO 65340 --- [competition-management-service] [main] r$InitializeUserDetailsManagerConfigurer : Global AuthenticationManager configured with UserDetailsService bean with name inMemoryUserDetailsManager
2025-01-14T20:13:11.136+01:00  INFO 65340 --- [competition-management-service] [main] o.s.b.a.e.web.EndpointLinksResolver      : Exposing 1 endpoint beneath base path '/actuator'
2025-01-14T20:13:12.392+01:00  WARN 65340 --- [competition-management-service] [main] iguration$LoadBalancerCaffeineWarnLogger : Spring Cloud LoadBalancer is currently working with the default cache. While this cache implementation is useful for development and tests, it's recommended to use Caffeine cache in production.You can switch to using Caffeine cache, by adding it and org.springframework.cache.caffeine.CaffeineCacheManager to the classpath.
2025-01-14T20:13:12.589+01:00  INFO 65340 --- [competition-management-service] [main] o.s.b.w.embedded.tomcat.TomcatWebServer  : Tomcat started on port 8084 (http) with context path '/'
2025-01-14T20:13:12.593+01:00  INFO 65340 --- [competition-management-service] [main] o.s.c.c.s.ConsulServiceRegistry          : Registering service with consul: NewService{id='competition-management-service-8084', name='competition-management-service', tags=[], address='100.106.2.30', meta={secure=false}, port=8084, enableTagOverride=null, check=Check{script='null', dockerContainerID='null', shell='null', interval='10s', ttl='null', http='http://100.106.2.30:8084/actuator/health', method='null', header={}, tcp='null', timeout='null', deregisterCriticalServiceAfter='null', tlsSkipVerify=null, status='null', grpc='null', grpcUseTLS=null}, checks=null}
2025-01-14T20:13:12.650+01:00  INFO 65340 --- [competition-management-service] [main] .CompetitionManagementServiceApplication : Started CompetitionManagementServiceApplication in 14.472 seconds (process running for 15.573)
2025-01-14T20:13:13.004+01:00  INFO 65340 --- [competition-management-service] [RMI TCP Connection(4)-172.25.208.1] o.a.c.c.C.[Tomcat].[localhost].[/]       : Initializing Spring DispatcherServlet 'dispatcherServlet'
2025-01-14T20:13:13.004+01:00  INFO 65340 --- [competition-management-service] [RMI TCP Connection(4)-172.25.208.1] o.s.web.servlet.DispatcherServlet        : Initializing Servlet 'dispatcherServlet'
2025-01-14T20:13:13.008+01:00  INFO 65340 --- [competition-management-service] [RMI TCP Connection(4)-172.25.208.1] o.s.web.servlet.DispatcherServlet        : Completed initialization in 3 ms
2025-01-14T20:14:06.482+01:00  INFO 65340 --- [competition-management-service] [http-nio-8084-exec-7] org.league.app.filter.JWTFilter          : Extracted email: ylopatkin@gmail.com
2025-01-14T20:14:06.482+01:00  INFO 65340 --- [competition-management-service] [http-nio-8084-exec-7] org.league.app.filter.JWTFilter          : User email: ylopatkin@gmail.com
2025-01-14T20:14:08.947+01:00  INFO 65340 --- [competition-management-service] [http-nio-8084-exec-8] org.league.app.filter.JWTFilter          : Extracted email: ylopatkin@gmail.com
2025-01-14T20:14:08.947+01:00  INFO 65340 --- [competition-management-service] [http-nio-8084-exec-8] org.league.app.filter.JWTFilter          : User email: ylopatkin@gmail.com
2025-01-14T20:14:10.414+01:00  INFO 65340 --- [competition-management-service] [http-nio-8084-exec-9] org.league.app.filter.JWTFilter          : Extracted email: ylopatkin@gmail.com
2025-01-14T20:14:10.416+01:00  INFO 65340 --- [competition-management-service] [http-nio-8084-exec-9] org.league.app.filter.JWTFilter          : User email: ylopatkin@gmail.com
2025-01-14T20:14:10.476+01:00 ERROR 65340 --- [competition-management-service] [http-nio-8084-exec-9] o.a.c.c.C.[.[.[/].[dispatcherServlet]    : Servlet.service() for servlet [dispatcherServlet] in context with path [] threw exception [Request processing failed: org.league.app.exception.GameSystemNotFoundException: Game system not found] with root cause

org.league.app.exception.GameSystemNotFoundException: Game system not found
	at org.league.app.service.GameSystemService.lambda$getGameSystemById$1(GameSystemService.java:47) ~[classes/:na]
	at java.base/java.util.Optional.orElseThrow(Optional.java:403) ~[na:na]
	at org.league.app.service.GameSystemService.getGameSystemById(GameSystemService.java:47) ~[classes/:na]
	at java.base/jdk.internal.reflect.DirectMethodHandleAccessor.invoke(DirectMethodHandleAccessor.java:103) ~[na:na]
	at java.base/java.lang.reflect.Method.invoke(Method.java:580) ~[na:na]
	at org.springframework.aop.support.AopUtils.invokeJoinpointUsingReflection(AopUtils.java:355) ~[spring-aop-6.1.13.jar:6.1.13]
	at org.springframework.aop.framework.ReflectiveMethodInvocation.invokeJoinpoint(ReflectiveMethodInvocation.java:196) ~[spring-aop-6.1.13.jar:6.1.13]
	at org.springframework.aop.framework.ReflectiveMethodInvocation.proceed(ReflectiveMethodInvocation.java:163) ~[spring-aop-6.1.13.jar:6.1.13]
	at org.springframework.aop.framework.CglibAopProxy$CglibMethodInvocation.proceed(CglibAopProxy.java:768) ~[spring-aop-6.1.13.jar:6.1.13]
	at org.springframework.transaction.interceptor.TransactionAspectSupport.invokeWithinTransaction(TransactionAspectSupport.java:379) ~[spring-tx-6.1.13.jar:6.1.13]
	at org.springframework.transaction.interceptor.TransactionInterceptor.invoke(TransactionInterceptor.java:119) ~[spring-tx-6.1.13.jar:6.1.13]
	at org.springframework.aop.framework.ReflectiveMethodInvocation.proceed(ReflectiveMethodInvocation.java:184) ~[spring-aop-6.1.13.jar:6.1.13]
	at org.springframework.aop.framework.CglibAopProxy$CglibMethodInvocation.proceed(CglibAopProxy.java:768) ~[spring-aop-6.1.13.jar:6.1.13]
	at org.springframework.aop.framework.CglibAopProxy$DynamicAdvisedInterceptor.intercept(CglibAopProxy.java:720) ~[spring-aop-6.1.13.jar:6.1.13]
	at org.league.app.service.GameSystemService$$SpringCGLIB$$0.getGameSystemById(<generated>) ~[classes/:na]
	at org.league.app.controller.GameSystemController.getGameSystemById(GameSystemController.java:27) ~[classes/:na]
	at java.base/jdk.internal.reflect.DirectMethodHandleAccessor.invoke(DirectMethodHandleAccessor.java:103) ~[na:na]
	at java.base/java.lang.reflect.Method.invoke(Method.java:580) ~[na:na]
	at org.springframework.web.method.support.InvocableHandlerMethod.doInvoke(InvocableHandlerMethod.java:255) ~[spring-web-6.1.13.jar:6.1.13]
	at org.springframework.web.method.support.InvocableHandlerMethod.invokeForRequest(InvocableHandlerMethod.java:188) ~[spring-web-6.1.13.jar:6.1.13]
	at org.springframework.web.servlet.mvc.method.annotation.ServletInvocableHandlerMethod.invokeAndHandle(ServletInvocableHandlerMethod.java:118) ~[spring-webmvc-6.1.13.jar:6.1.13]
	at org.springframework.web.servlet.mvc.method.annotation.RequestMappingHandlerAdapter.invokeHandlerMethod(RequestMappingHandlerAdapter.java:926) ~[spring-webmvc-6.1.13.jar:6.1.13]
	at org.springframework.web.servlet.mvc.method.annotation.RequestMappingHandlerAdapter.handleInternal(RequestMappingHandlerAdapter.java:831) ~[spring-webmvc-6.1.13.jar:6.1.13]
	at org.springframework.web.servlet.mvc.method.AbstractHandlerMethodAdapter.handle(AbstractHandlerMethodAdapter.java:87) ~[spring-webmvc-6.1.13.jar:6.1.13]
	at org.springframework.web.servlet.DispatcherServlet.doDispatch(DispatcherServlet.java:1089) ~[spring-webmvc-6.1.13.jar:6.1.13]
	at org.springframework.web.servlet.DispatcherServlet.doService(DispatcherServlet.java:979) ~[spring-webmvc-6.1.13.jar:6.1.13]
	at org.springframework.web.servlet.FrameworkServlet.processRequest(FrameworkServlet.java:1014) ~[spring-webmvc-6.1.13.jar:6.1.13]
	at org.springframework.web.servlet.FrameworkServlet.doGet(FrameworkServlet.java:903) ~[spring-webmvc-6.1.13.jar:6.1.13]
	at jakarta.servlet.http.HttpServlet.service(HttpServlet.java:564) ~[tomcat-embed-core-10.1.30.jar:6.0]
	at org.springframework.web.servlet.FrameworkServlet.service(FrameworkServlet.java:885) ~[spring-webmvc-6.1.13.jar:6.1.13]
	at jakarta.servlet.http.HttpServlet.service(HttpServlet.java:658) ~[tomcat-embed-core-10.1.30.jar:6.0]
	at org.apache.catalina.core.ApplicationFilterChain.internalDoFilter(ApplicationFilterChain.java:195) ~[tomcat-embed-core-10.1.30.jar:10.1.30]
	at org.apache.catalina.core.ApplicationFilterChain.doFilter(ApplicationFilterChain.java:140) ~[tomcat-embed-core-10.1.30.jar:10.1.30]
	at org.apache.tomcat.websocket.server.WsFilter.doFilter(WsFilter.java:51) ~[tomcat-embed-websocket-10.1.30.jar:10.1.30]
	at org.apache.catalina.core.ApplicationFilterChain.internalDoFilter(ApplicationFilterChain.java:164) ~[tomcat-embed-core-10.1.30.jar:10.1.30]
	at org.apache.catalina.core.ApplicationFilterChain.doFilter(ApplicationFilterChain.java:140) ~[tomcat-embed-core-10.1.30.jar:10.1.30]
	at org.springframework.web.filter.OncePerRequestFilter.doFilter(OncePerRequestFilter.java:110) ~[spring-web-6.1.13.jar:6.1.13]
	at org.apache.catalina.core.ApplicationFilterChain.internalDoFilter(ApplicationFilterChain.java:164) ~[tomcat-embed-core-10.1.30.jar:10.1.30]
	at org.apache.catalina.core.ApplicationFilterChain.doFilter(ApplicationFilterChain.java:140) ~[tomcat-embed-core-10.1.30.jar:10.1.30]
	at org.springframework.web.filter.CompositeFilter$VirtualFilterChain.doFilter(CompositeFilter.java:108) ~[spring-web-6.1.13.jar:6.1.13]
	at org.springframework.security.web.FilterChainProxy.lambda$doFilterInternal$3(FilterChainProxy.java:231) ~[spring-security-web-6.3.3.jar:6.3.3]
	at org.springframework.security.web.ObservationFilterChainDecorator$FilterObservation$SimpleFilterObservation.lambda$wrap$1(ObservationFilterChainDecorator.java:479) ~[spring-security-web-6.3.3.jar:6.3.3]
	at org.springframework.security.web.ObservationFilterChainDecorator$AroundFilterObservation$SimpleAroundFilterObservation.lambda$wrap$1(ObservationFilterChainDecorator.java:340) ~[spring-security-web-6.3.3.jar:6.3.3]
	at org.springframework.security.web.ObservationFilterChainDecorator.lambda$wrapSecured$0(ObservationFilterChainDecorator.java:82) ~[spring-security-web-6.3.3.jar:6.3.3]
	at org.springframework.security.web.ObservationFilterChainDecorator$VirtualFilterChain.doFilter(ObservationFilterChainDecorator.java:128) ~[spring-security-web-6.3.3.jar:6.3.3]
	at org.springframework.security.web.access.intercept.AuthorizationFilter.doFilter(AuthorizationFilter.java:100) ~[spring-security-web-6.3.3.jar:6.3.3]
	at org.springframework.security.web.ObservationFilterChainDecorator$ObservationFilter.wrapFilter(ObservationFilterChainDecorator.java:240) ~[spring-security-web-6.3.3.jar:6.3.3]
	at org.springframework.security.web.ObservationFilterChainDecorator$ObservationFilter.doFilter(ObservationFilterChainDecorator.java:227) ~[spring-security-web-6.3.3.jar:6.3.3]
	at org.springframework.security.web.ObservationFilterChainDecorator$VirtualFilterChain.doFilter(ObservationFilterChainDecorator.java:137) ~[spring-security-web-6.3.3.jar:6.3.3]
	at org.springframework.security.web.access.ExceptionTranslationFilter.doFilter(ExceptionTranslationFilter.java:126) ~[spring-security-web-6.3.3.jar:6.3.3]
	at org.springframework.security.web.access.ExceptionTranslationFilter.doFilter(ExceptionTranslationFilter.java:120) ~[spring-security-web-6.3.3.jar:6.3.3]
	at org.springframework.security.web.ObservationFilterChainDecorator$ObservationFilter.wrapFilter(ObservationFilterChainDecorator.java:240) ~[spring-security-web-6.3.3.jar:6.3.3]
	at org.springframework.security.web.ObservationFilterChainDecorator$ObservationFilter.doFilter(ObservationFilterChainDecorator.java:227) ~[spring-security-web-6.3.3.jar:6.3.3]
	at org.springframework.security.web.ObservationFilterChainDecorator$VirtualFilterChain.doFilter(ObservationFilterChainDecorator.java:137) ~[spring-security-web-6.3.3.jar:6.3.3]
	at org.springframework.security.web.session.SessionManagementFilter.doFilter(SessionManagementFilter.java:131) ~[spring-security-web-6.3.3.jar:6.3.3]
	at org.springframework.security.web.session.SessionManagementFilter.doFilter(SessionManagementFilter.java:85) ~[spring-security-web-6.3.3.jar:6.3.3]
	at org.springframework.security.web.ObservationFilterChainDecorator$ObservationFilter.wrapFilter(ObservationFilterChainDecorator.java:240) ~[spring-security-web-6.3.3.jar:6.3.3]
	at org.springframework.security.web.ObservationFilterChainDecorator$ObservationFilter.doFilter(ObservationFilterChainDecorator.java:227) ~[spring-security-web-6.3.3.jar:6.3.3]
	at org.springframework.security.web.ObservationFilterChainDecorator$VirtualFilterChain.doFilter(ObservationFilterChainDecorator.java:137) ~[spring-security-web-6.3.3.jar:6.3.3]
	at org.springframework.security.web.authentication.AnonymousAuthenticationFilter.doFilter(AnonymousAuthenticationFilter.java:100) ~[spring-security-web-6.3.3.jar:6.3.3]
	at org.springframework.security.web.ObservationFilterChainDecorator$ObservationFilter.wrapFilter(ObservationFilterChainDecorator.java:240) ~[spring-security-web-6.3.3.jar:6.3.3]
	at org.springframework.security.web.ObservationFilterChainDecorator$ObservationFilter.doFilter(ObservationFilterChainDecorator.java:227) ~[spring-security-web-6.3.3.jar:6.3.3]
	at org.springframework.security.web.ObservationFilterChainDecorator$VirtualFilterChain.doFilter(ObservationFilterChainDecorator.java:137) ~[spring-security-web-6.3.3.jar:6.3.3]
	at org.springframework.security.web.servletapi.SecurityContextHolderAwareRequestFilter.doFilter(SecurityContextHolderAwareRequestFilter.java:179) ~[spring-security-web-6.3.3.jar:6.3.3]
	at org.springframework.security.web.ObservationFilterChainDecorator$ObservationFilter.wrapFilter(ObservationFilterChainDecorator.java:240) ~[spring-security-web-6.3.3.jar:6.3.3]
	at org.springframework.security.web.ObservationFilterChainDecorator$ObservationFilter.doFilter(ObservationFilterChainDecorator.java:227) ~[spring-security-web-6.3.3.jar:6.3.3]
	at org.springframework.security.web.ObservationFilterChainDecorator$VirtualFilterChain.doFilter(ObservationFilterChainDecorator.java:137) ~[spring-security-web-6.3.3.jar:6.3.3]
	at org.springframework.security.web.savedrequest.RequestCacheAwareFilter.doFilter(RequestCacheAwareFilter.java:63) ~[spring-security-web-6.3.3.jar:6.3.3]
	at org.springframework.security.web.ObservationFilterChainDecorator$ObservationFilter.wrapFilter(ObservationFilterChainDecorator.java:240) ~[spring-security-web-6.3.3.jar:6.3.3]
	at org.springframework.security.web.ObservationFilterChainDecorator$ObservationFilter.doFilter(ObservationFilterChainDecorator.java:227) ~[spring-security-web-6.3.3.jar:6.3.3]
	at org.springframework.security.web.ObservationFilterChainDecorator$VirtualFilterChain.doFilter(ObservationFilterChainDecorator.java:137) ~[spring-security-web-6.3.3.jar:6.3.3]
	at org.league.app.filter.JWTFilter.doFilterInternal(JWTFilter.java:78) ~[classes/:na]
	at org.springframework.web.filter.OncePerRequestFilter.doFilter(OncePerRequestFilter.java:116) ~[spring-web-6.1.13.jar:6.1.13]
	at org.springframework.security.web.ObservationFilterChainDecorator$ObservationFilter.wrapFilter(ObservationFilterChainDecorator.java:240) ~[spring-security-web-6.3.3.jar:6.3.3]
	at org.springframework.security.web.ObservationFilterChainDecorator$ObservationFilter.doFilter(ObservationFilterChainDecorator.java:227) ~[spring-security-web-6.3.3.jar:6.3.3]
	at org.springframework.security.web.ObservationFilterChainDecorator$VirtualFilterChain.doFilter(ObservationFilterChainDecorator.java:137) ~[spring-security-web-6.3.3.jar:6.3.3]
	at org.springframework.security.web.authentication.logout.LogoutFilter.doFilter(LogoutFilter.java:107) ~[spring-security-web-6.3.3.jar:6.3.3]
	at org.springframework.security.web.authentication.logout.LogoutFilter.doFilter(LogoutFilter.java:93) ~[spring-security-web-6.3.3.jar:6.3.3]
	at org.springframework.security.web.ObservationFilterChainDecorator$ObservationFilter.wrapFilter(ObservationFilterChainDecorator.java:240) ~[spring-security-web-6.3.3.jar:6.3.3]
	at org.springframework.security.web.ObservationFilterChainDecorator$ObservationFilter.doFilter(ObservationFilterChainDecorator.java:227) ~[spring-security-web-6.3.3.jar:6.3.3]
	at org.springframework.security.web.ObservationFilterChainDecorator$VirtualFilterChain.doFilter(ObservationFilterChainDecorator.java:137) ~[spring-security-web-6.3.3.jar:6.3.3]
	at org.springframework.security.web.header.HeaderWriterFilter.doHeadersAfter(HeaderWriterFilter.java:90) ~[spring-security-web-6.3.3.jar:6.3.3]
	at org.springframework.security.web.header.HeaderWriterFilter.doFilterInternal(HeaderWriterFilter.java:75) ~[spring-security-web-6.3.3.jar:6.3.3]
	at org.springframework.web.filter.OncePerRequestFilter.doFilter(OncePerRequestFilter.java:116) ~[spring-web-6.1.13.jar:6.1.13]
	at org.springframework.security.web.ObservationFilterChainDecorator$ObservationFilter.wrapFilter(ObservationFilterChainDecorator.java:240) ~[spring-security-web-6.3.3.jar:6.3.3]
	at org.springframework.security.web.ObservationFilterChainDecorator$ObservationFilter.doFilter(ObservationFilterChainDecorator.java:227) ~[spring-security-web-6.3.3.jar:6.3.3]
	at org.springframework.security.web.ObservationFilterChainDecorator$VirtualFilterChain.doFilter(ObservationFilterChainDecorator.java:137) ~[spring-security-web-6.3.3.jar:6.3.3]
	at org.springframework.security.web.context.SecurityContextHolderFilter.doFilter(SecurityContextHolderFilter.java:82) ~[spring-security-web-6.3.3.jar:6.3.3]
	at org.springframework.security.web.context.SecurityContextHolderFilter.doFilter(SecurityContextHolderFilter.java:69) ~[spring-security-web-6.3.3.jar:6.3.3]
	at org.springframework.security.web.ObservationFilterChainDecorator$ObservationFilter.wrapFilter(ObservationFilterChainDecorator.java:240) ~[spring-security-web-6.3.3.jar:6.3.3]
	at org.springframework.security.web.ObservationFilterChainDecorator$ObservationFilter.doFilter(ObservationFilterChainDecorator.java:227) ~[spring-security-web-6.3.3.jar:6.3.3]
	at org.springframework.security.web.ObservationFilterChainDecorator$VirtualFilterChain.doFilter(ObservationFilterChainDecorator.java:137) ~[spring-security-web-6.3.3.jar:6.3.3]
	at org.springframework.security.web.context.request.async.WebAsyncManagerIntegrationFilter.doFilterInternal(WebAsyncManagerIntegrationFilter.java:62) ~[spring-security-web-6.3.3.jar:6.3.3]
	at org.springframework.web.filter.OncePerRequestFilter.doFilter(OncePerRequestFilter.java:116) ~[spring-web-6.1.13.jar:6.1.13]
	at org.springframework.security.web.ObservationFilterChainDecorator$ObservationFilter.wrapFilter(ObservationFilterChainDecorator.java:240) ~[spring-security-web-6.3.3.jar:6.3.3]
	at org.springframework.security.web.ObservationFilterChainDecorator$ObservationFilter.doFilter(ObservationFilterChainDecorator.java:227) ~[spring-security-web-6.3.3.jar:6.3.3]
	at org.springframework.security.web.ObservationFilterChainDecorator$VirtualFilterChain.doFilter(ObservationFilterChainDecorator.java:137) ~[spring-security-web-6.3.3.jar:6.3.3]
	at org.springframework.security.web.session.DisableEncodeUrlFilter.doFilterInternal(DisableEncodeUrlFilter.java:42) ~[spring-security-web-6.3.3.jar:6.3.3]
	at org.springframework.web.filter.OncePerRequestFilter.doFilter(OncePerRequestFilter.java:116) ~[spring-web-6.1.13.jar:6.1.13]
	at org.springframework.security.web.ObservationFilterChainDecorator$ObservationFilter.wrapFilter(ObservationFilterChainDecorator.java:240) ~[spring-security-web-6.3.3.jar:6.3.3]
	at org.springframework.security.web.ObservationFilterChainDecorator$AroundFilterObservation$SimpleAroundFilterObservation.lambda$wrap$0(ObservationFilterChainDecorator.java:323) ~[spring-security-web-6.3.3.jar:6.3.3]
	at org.springframework.security.web.ObservationFilterChainDecorator$ObservationFilter.doFilter(ObservationFilterChainDecorator.java:224) ~[spring-security-web-6.3.3.jar:6.3.3]
	at org.springframework.security.web.ObservationFilterChainDecorator$VirtualFilterChain.doFilter(ObservationFilterChainDecorator.java:137) ~[spring-security-web-6.3.3.jar:6.3.3]
	at org.springframework.security.web.FilterChainProxy.doFilterInternal(FilterChainProxy.java:233) ~[spring-security-web-6.3.3.jar:6.3.3]
	at org.springframework.security.web.FilterChainProxy.doFilter(FilterChainProxy.java:191) ~[spring-security-web-6.3.3.jar:6.3.3]
	at org.springframework.web.filter.CompositeFilter$VirtualFilterChain.doFilter(CompositeFilter.java:113) ~[spring-web-6.1.13.jar:6.1.13]
	at org.springframework.web.servlet.handler.HandlerMappingIntrospector.lambda$createCacheFilter$3(HandlerMappingIntrospector.java:195) ~[spring-webmvc-6.1.13.jar:6.1.13]
	at org.springframework.web.filter.CompositeFilter$VirtualFilterChain.doFilter(CompositeFilter.java:113) ~[spring-web-6.1.13.jar:6.1.13]
	at org.springframework.web.filter.CompositeFilter.doFilter(CompositeFilter.java:74) ~[spring-web-6.1.13.jar:6.1.13]
	at org.springframework.security.config.annotation.web.configuration.WebMvcSecurityConfiguration$CompositeFilterChainProxy.doFilter(WebMvcSecurityConfiguration.java:230) ~[spring-security-config-6.3.3.jar:6.3.3]
	at org.springframework.web.filter.DelegatingFilterProxy.invokeDelegate(DelegatingFilterProxy.java:352) ~[spring-web-6.1.13.jar:6.1.13]
	at org.springframework.web.filter.DelegatingFilterProxy.doFilter(DelegatingFilterProxy.java:268) ~[spring-web-6.1.13.jar:6.1.13]
	at org.apache.catalina.core.ApplicationFilterChain.internalDoFilter(ApplicationFilterChain.java:164) ~[tomcat-embed-core-10.1.30.jar:10.1.30]
	at org.apache.catalina.core.ApplicationFilterChain.doFilter(ApplicationFilterChain.java:140) ~[tomcat-embed-core-10.1.30.jar:10.1.30]
	at org.springframework.web.filter.RequestContextFilter.doFilterInternal(RequestContextFilter.java:100) ~[spring-web-6.1.13.jar:6.1.13]
	at org.springframework.web.filter.OncePerRequestFilter.doFilter(OncePerRequestFilter.java:116) ~[spring-web-6.1.13.jar:6.1.13]
	at org.apache.catalina.core.ApplicationFilterChain.internalDoFilter(ApplicationFilterChain.java:164) ~[tomcat-embed-core-10.1.30.jar:10.1.30]
	at org.apache.catalina.core.ApplicationFilterChain.doFilter(ApplicationFilterChain.java:140) ~[tomcat-embed-core-10.1.30.jar:10.1.30]
	at org.springframework.web.filter.FormContentFilter.doFilterInternal(FormContentFilter.java:93) ~[spring-web-6.1.13.jar:6.1.13]
	at org.springframework.web.filter.OncePerRequestFilter.doFilter(OncePerRequestFilter.java:116) ~[spring-web-6.1.13.jar:6.1.13]
	at org.apache.catalina.core.ApplicationFilterChain.internalDoFilter(ApplicationFilterChain.java:164) ~[tomcat-embed-core-10.1.30.jar:10.1.30]
	at org.apache.catalina.core.ApplicationFilterChain.doFilter(ApplicationFilterChain.java:140) ~[tomcat-embed-core-10.1.30.jar:10.1.30]
	at org.springframework.web.filter.ServerHttpObservationFilter.doFilterInternal(ServerHttpObservationFilter.java:113) ~[spring-web-6.1.13.jar:6.1.13]
	at org.springframework.web.filter.OncePerRequestFilter.doFilter(OncePerRequestFilter.java:116) ~[spring-web-6.1.13.jar:6.1.13]
	at org.apache.catalina.core.ApplicationFilterChain.internalDoFilter(ApplicationFilterChain.java:164) ~[tomcat-embed-core-10.1.30.jar:10.1.30]
	at org.apache.catalina.core.ApplicationFilterChain.doFilter(ApplicationFilterChain.java:140) ~[tomcat-embed-core-10.1.30.jar:10.1.30]
	at org.springframework.web.filter.CharacterEncodingFilter.doFilterInternal(CharacterEncodingFilter.java:201) ~[spring-web-6.1.13.jar:6.1.13]
	at org.springframework.web.filter.OncePerRequestFilter.doFilter(OncePerRequestFilter.java:116) ~[spring-web-6.1.13.jar:6.1.13]
	at org.apache.catalina.core.ApplicationFilterChain.internalDoFilter(ApplicationFilterChain.java:164) ~[tomcat-embed-core-10.1.30.jar:10.1.30]
	at org.apache.catalina.core.ApplicationFilterChain.doFilter(ApplicationFilterChain.java:140) ~[tomcat-embed-core-10.1.30.jar:10.1.30]
	at org.apache.catalina.core.StandardWrapperValve.invoke(StandardWrapperValve.java:167) ~[tomcat-embed-core-10.1.30.jar:10.1.30]
	at org.apache.catalina.core.StandardContextValve.invoke(StandardContextValve.java:90) ~[tomcat-embed-core-10.1.30.jar:10.1.30]
	at org.apache.catalina.authenticator.AuthenticatorBase.invoke(AuthenticatorBase.java:483) ~[tomcat-embed-core-10.1.30.jar:10.1.30]
	at org.apache.catalina.core.StandardHostValve.invoke(StandardHostValve.java:115) ~[tomcat-embed-core-10.1.30.jar:10.1.30]
	at org.apache.catalina.valves.ErrorReportValve.invoke(ErrorReportValve.java:93) ~[tomcat-embed-core-10.1.30.jar:10.1.30]
	at org.apache.catalina.core.StandardEngineValve.invoke(StandardEngineValve.java:74) ~[tomcat-embed-core-10.1.30.jar:10.1.30]
	at org.apache.catalina.connector.CoyoteAdapter.service(CoyoteAdapter.java:344) ~[tomcat-embed-core-10.1.30.jar:10.1.30]
	at org.apache.coyote.http11.Http11Processor.service(Http11Processor.java:384) ~[tomcat-embed-core-10.1.30.jar:10.1.30]
	at org.apache.coyote.AbstractProcessorLight.process(AbstractProcessorLight.java:63) ~[tomcat-embed-core-10.1.30.jar:10.1.30]
	at org.apache.coyote.AbstractProtocol$ConnectionHandler.process(AbstractProtocol.java:905) ~[tomcat-embed-core-10.1.30.jar:10.1.30]
	at org.apache.tomcat.util.net.NioEndpoint$SocketProcessor.doRun(NioEndpoint.java:1741) ~[tomcat-embed-core-10.1.30.jar:10.1.30]
	at org.apache.tomcat.util.net.SocketProcessorBase.run(SocketProcessorBase.java:52) ~[tomcat-embed-core-10.1.30.jar:10.1.30]
	at org.apache.tomcat.util.threads.ThreadPoolExecutor.runWorker(ThreadPoolExecutor.java:1190) ~[tomcat-embed-core-10.1.30.jar:10.1.30]
	at org.apache.tomcat.util.threads.ThreadPoolExecutor$Worker.run(ThreadPoolExecutor.java:659) ~[tomcat-embed-core-10.1.30.jar:10.1.30]
	at org.apache.tomcat.util.threads.TaskThread$WrappingRunnable.run(TaskThread.java:63) ~[tomcat-embed-core-10.1.30.jar:10.1.30]
	at java.base/java.lang.Thread.run(Thread.java:1583) ~[na:na]

2025-01-14T20:14:13.384+01:00  INFO 65340 --- [competition-management-service] [http-nio-8084-exec-10] org.league.app.filter.JWTFilter          : Extracted email: ylopatkin@gmail.com
2025-01-14T20:14:13.384+01:00  INFO 65340 --- [competition-management-service] [http-nio-8084-exec-10] org.league.app.filter.JWTFilter          : User email: ylopatkin@gmail.com
2025-01-14T20:14:13.428+01:00 ERROR 65340 --- [competition-management-service] [http-nio-8084-exec-10] o.a.c.c.C.[.[.[/].[dispatcherServlet]    : Servlet.service() for servlet [dispatcherServlet] in context with path [] threw exception [Request processing failed: org.league.app.exception.GameSystemNotFoundException: Game system not found] with root cause

org.league.app.exception.GameSystemNotFoundException: Game system not found
	at org.league.app.service.GameSystemService.lambda$getGameSystemById$1(GameSystemService.java:47) ~[classes/:na]
	at java.base/java.util.Optional.orElseThrow(Optional.java:403) ~[na:na]
	at org.league.app.service.GameSystemService.getGameSystemById(GameSystemService.java:47) ~[classes/:na]
	at java.base/jdk.internal.reflect.DirectMethodHandleAccessor.invoke(DirectMethodHandleAccessor.java:103) ~[na:na]
	at java.base/java.lang.reflect.Method.invoke(Method.java:580) ~[na:na]
	at org.springframework.aop.support.AopUtils.invokeJoinpointUsingReflection(AopUtils.java:355) ~[spring-aop-6.1.13.jar:6.1.13]
	at org.springframework.aop.framework.ReflectiveMethodInvocation.invokeJoinpoint(ReflectiveMethodInvocation.java:196) ~[spring-aop-6.1.13.jar:6.1.13]
	at org.springframework.aop.framework.ReflectiveMethodInvocation.proceed(ReflectiveMethodInvocation.java:163) ~[spring-aop-6.1.13.jar:6.1.13]
	at org.springframework.aop.framework.CglibAopProxy$CglibMethodInvocation.proceed(CglibAopProxy.java:768) ~[spring-aop-6.1.13.jar:6.1.13]
	at org.springframework.transaction.interceptor.TransactionAspectSupport.invokeWithinTransaction(TransactionAspectSupport.java:379) ~[spring-tx-6.1.13.jar:6.1.13]
	at org.springframework.transaction.interceptor.TransactionInterceptor.invoke(TransactionInterceptor.java:119) ~[spring-tx-6.1.13.jar:6.1.13]
	at org.springframework.aop.framework.ReflectiveMethodInvocation.proceed(ReflectiveMethodInvocation.java:184) ~[spring-aop-6.1.13.jar:6.1.13]
	at org.springframework.aop.framework.CglibAopProxy$CglibMethodInvocation.proceed(CglibAopProxy.java:768) ~[spring-aop-6.1.13.jar:6.1.13]
	at org.springframework.aop.framework.CglibAopProxy$DynamicAdvisedInterceptor.intercept(CglibAopProxy.java:720) ~[spring-aop-6.1.13.jar:6.1.13]
	at org.league.app.service.GameSystemService$$SpringCGLIB$$0.getGameSystemById(<generated>) ~[classes/:na]
	at org.league.app.controller.GameSystemController.getGameSystemById(GameSystemController.java:27) ~[classes/:na]
	at java.base/jdk.internal.reflect.DirectMethodHandleAccessor.invoke(DirectMethodHandleAccessor.java:103) ~[na:na]
	at java.base/java.lang.reflect.Method.invoke(Method.java:580) ~[na:na]
	at org.springframework.web.method.support.InvocableHandlerMethod.doInvoke(InvocableHandlerMethod.java:255) ~[spring-web-6.1.13.jar:6.1.13]
	at org.springframework.web.method.support.InvocableHandlerMethod.invokeForRequest(InvocableHandlerMethod.java:188) ~[spring-web-6.1.13.jar:6.1.13]
	at org.springframework.web.servlet.mvc.method.annotation.ServletInvocableHandlerMethod.invokeAndHandle(ServletInvocableHandlerMethod.java:118) ~[spring-webmvc-6.1.13.jar:6.1.13]
	at org.springframework.web.servlet.mvc.method.annotation.RequestMappingHandlerAdapter.invokeHandlerMethod(RequestMappingHandlerAdapter.java:926) ~[spring-webmvc-6.1.13.jar:6.1.13]
	at org.springframework.web.servlet.mvc.method.annotation.RequestMappingHandlerAdapter.handleInternal(RequestMappingHandlerAdapter.java:831) ~[spring-webmvc-6.1.13.jar:6.1.13]
	at org.springframework.web.servlet.mvc.method.AbstractHandlerMethodAdapter.handle(AbstractHandlerMethodAdapter.java:87) ~[spring-webmvc-6.1.13.jar:6.1.13]
	at org.springframework.web.servlet.DispatcherServlet.doDispatch(DispatcherServlet.java:1089) ~[spring-webmvc-6.1.13.jar:6.1.13]
	at org.springframework.web.servlet.DispatcherServlet.doService(DispatcherServlet.java:979) ~[spring-webmvc-6.1.13.jar:6.1.13]
	at org.springframework.web.servlet.FrameworkServlet.processRequest(FrameworkServlet.java:1014) ~[spring-webmvc-6.1.13.jar:6.1.13]
	at org.springframework.web.servlet.FrameworkServlet.doGet(FrameworkServlet.java:903) ~[spring-webmvc-6.1.13.jar:6.1.13]
	at jakarta.servlet.http.HttpServlet.service(HttpServlet.java:564) ~[tomcat-embed-core-10.1.30.jar:6.0]
	at org.springframework.web.servlet.FrameworkServlet.service(FrameworkServlet.java:885) ~[spring-webmvc-6.1.13.jar:6.1.13]
	at jakarta.servlet.http.HttpServlet.service(HttpServlet.java:658) ~[tomcat-embed-core-10.1.30.jar:6.0]
	at org.apache.catalina.core.ApplicationFilterChain.internalDoFilter(ApplicationFilterChain.java:195) ~[tomcat-embed-core-10.1.30.jar:10.1.30]
	at org.apache.catalina.core.ApplicationFilterChain.doFilter(ApplicationFilterChain.java:140) ~[tomcat-embed-core-10.1.30.jar:10.1.30]
	at org.apache.tomcat.websocket.server.WsFilter.doFilter(WsFilter.java:51) ~[tomcat-embed-websocket-10.1.30.jar:10.1.30]
	at org.apache.catalina.core.ApplicationFilterChain.internalDoFilter(ApplicationFilterChain.java:164) ~[tomcat-embed-core-10.1.30.jar:10.1.30]
	at org.apache.catalina.core.ApplicationFilterChain.doFilter(ApplicationFilterChain.java:140) ~[tomcat-embed-core-10.1.30.jar:10.1.30]
	at org.springframework.web.filter.OncePerRequestFilter.doFilter(OncePerRequestFilter.java:110) ~[spring-web-6.1.13.jar:6.1.13]
	at org.apache.catalina.core.ApplicationFilterChain.internalDoFilter(ApplicationFilterChain.java:164) ~[tomcat-embed-core-10.1.30.jar:10.1.30]
	at org.apache.catalina.core.ApplicationFilterChain.doFilter(ApplicationFilterChain.java:140) ~[tomcat-embed-core-10.1.30.jar:10.1.30]
	at org.springframework.web.filter.CompositeFilter$VirtualFilterChain.doFilter(CompositeFilter.java:108) ~[spring-web-6.1.13.jar:6.1.13]
	at org.springframework.security.web.FilterChainProxy.lambda$doFilterInternal$3(FilterChainProxy.java:231) ~[spring-security-web-6.3.3.jar:6.3.3]
	at org.springframework.security.web.ObservationFilterChainDecorator$FilterObservation$SimpleFilterObservation.lambda$wrap$1(ObservationFilterChainDecorator.java:479) ~[spring-security-web-6.3.3.jar:6.3.3]
	at org.springframework.security.web.ObservationFilterChainDecorator$AroundFilterObservation$SimpleAroundFilterObservation.lambda$wrap$1(ObservationFilterChainDecorator.java:340) ~[spring-security-web-6.3.3.jar:6.3.3]
	at org.springframework.security.web.ObservationFilterChainDecorator.lambda$wrapSecured$0(ObservationFilterChainDecorator.java:82) ~[spring-security-web-6.3.3.jar:6.3.3]
	at org.springframework.security.web.ObservationFilterChainDecorator$VirtualFilterChain.doFilter(ObservationFilterChainDecorator.java:128) ~[spring-security-web-6.3.3.jar:6.3.3]
	at org.springframework.security.web.access.intercept.AuthorizationFilter.doFilter(AuthorizationFilter.java:100) ~[spring-security-web-6.3.3.jar:6.3.3]
	at org.springframework.security.web.ObservationFilterChainDecorator$ObservationFilter.wrapFilter(ObservationFilterChainDecorator.java:240) ~[spring-security-web-6.3.3.jar:6.3.3]
	at org.springframework.security.web.ObservationFilterChainDecorator$ObservationFilter.doFilter(ObservationFilterChainDecorator.java:227) ~[spring-security-web-6.3.3.jar:6.3.3]
	at org.springframework.security.web.ObservationFilterChainDecorator$VirtualFilterChain.doFilter(ObservationFilterChainDecorator.java:137) ~[spring-security-web-6.3.3.jar:6.3.3]
	at org.springframework.security.web.access.ExceptionTranslationFilter.doFilter(ExceptionTranslationFilter.java:126) ~[spring-security-web-6.3.3.jar:6.3.3]
	at org.springframework.security.web.access.ExceptionTranslationFilter.doFilter(ExceptionTranslationFilter.java:120) ~[spring-security-web-6.3.3.jar:6.3.3]
	at org.springframework.security.web.ObservationFilterChainDecorator$ObservationFilter.wrapFilter(ObservationFilterChainDecorator.java:240) ~[spring-security-web-6.3.3.jar:6.3.3]
	at org.springframework.security.web.ObservationFilterChainDecorator$ObservationFilter.doFilter(ObservationFilterChainDecorator.java:227) ~[spring-security-web-6.3.3.jar:6.3.3]
	at org.springframework.security.web.ObservationFilterChainDecorator$VirtualFilterChain.doFilter(ObservationFilterChainDecorator.java:137) ~[spring-security-web-6.3.3.jar:6.3.3]
	at org.springframework.security.web.session.SessionManagementFilter.doFilter(SessionManagementFilter.java:131) ~[spring-security-web-6.3.3.jar:6.3.3]
	at org.springframework.security.web.session.SessionManagementFilter.doFilter(SessionManagementFilter.java:85) ~[spring-security-web-6.3.3.jar:6.3.3]
	at org.springframework.security.web.ObservationFilterChainDecorator$ObservationFilter.wrapFilter(ObservationFilterChainDecorator.java:240) ~[spring-security-web-6.3.3.jar:6.3.3]
	at org.springframework.security.web.ObservationFilterChainDecorator$ObservationFilter.doFilter(ObservationFilterChainDecorator.java:227) ~[spring-security-web-6.3.3.jar:6.3.3]
	at org.springframework.security.web.ObservationFilterChainDecorator$VirtualFilterChain.doFilter(ObservationFilterChainDecorator.java:137) ~[spring-security-web-6.3.3.jar:6.3.3]
	at org.springframework.security.web.authentication.AnonymousAuthenticationFilter.doFilter(AnonymousAuthenticationFilter.java:100) ~[spring-security-web-6.3.3.jar:6.3.3]
	at org.springframework.security.web.ObservationFilterChainDecorator$ObservationFilter.wrapFilter(ObservationFilterChainDecorator.java:240) ~[spring-security-web-6.3.3.jar:6.3.3]
	at org.springframework.security.web.ObservationFilterChainDecorator$ObservationFilter.doFilter(ObservationFilterChainDecorator.java:227) ~[spring-security-web-6.3.3.jar:6.3.3]
	at org.springframework.security.web.ObservationFilterChainDecorator$VirtualFilterChain.doFilter(ObservationFilterChainDecorator.java:137) ~[spring-security-web-6.3.3.jar:6.3.3]
	at org.springframework.security.web.servletapi.SecurityContextHolderAwareRequestFilter.doFilter(SecurityContextHolderAwareRequestFilter.java:179) ~[spring-security-web-6.3.3.jar:6.3.3]
	at org.springframework.security.web.ObservationFilterChainDecorator$ObservationFilter.wrapFilter(ObservationFilterChainDecorator.java:240) ~[spring-security-web-6.3.3.jar:6.3.3]
	at org.springframework.security.web.ObservationFilterChainDecorator$ObservationFilter.doFilter(ObservationFilterChainDecorator.java:227) ~[spring-security-web-6.3.3.jar:6.3.3]
	at org.springframework.security.web.ObservationFilterChainDecorator$VirtualFilterChain.doFilter(ObservationFilterChainDecorator.java:137) ~[spring-security-web-6.3.3.jar:6.3.3]
	at org.springframework.security.web.savedrequest.RequestCacheAwareFilter.doFilter(RequestCacheAwareFilter.java:63) ~[spring-security-web-6.3.3.jar:6.3.3]
	at org.springframework.security.web.ObservationFilterChainDecorator$ObservationFilter.wrapFilter(ObservationFilterChainDecorator.java:240) ~[spring-security-web-6.3.3.jar:6.3.3]
	at org.springframework.security.web.ObservationFilterChainDecorator$ObservationFilter.doFilter(ObservationFilterChainDecorator.java:227) ~[spring-security-web-6.3.3.jar:6.3.3]
	at org.springframework.security.web.ObservationFilterChainDecorator$VirtualFilterChain.doFilter(ObservationFilterChainDecorator.java:137) ~[spring-security-web-6.3.3.jar:6.3.3]
	at org.league.app.filter.JWTFilter.doFilterInternal(JWTFilter.java:78) ~[classes/:na]
	at org.springframework.web.filter.OncePerRequestFilter.doFilter(OncePerRequestFilter.java:116) ~[spring-web-6.1.13.jar:6.1.13]
	at org.springframework.security.web.ObservationFilterChainDecorator$ObservationFilter.wrapFilter(ObservationFilterChainDecorator.java:240) ~[spring-security-web-6.3.3.jar:6.3.3]
	at org.springframework.security.web.ObservationFilterChainDecorator$ObservationFilter.doFilter(ObservationFilterChainDecorator.java:227) ~[spring-security-web-6.3.3.jar:6.3.3]
	at org.springframework.security.web.ObservationFilterChainDecorator$VirtualFilterChain.doFilter(ObservationFilterChainDecorator.java:137) ~[spring-security-web-6.3.3.jar:6.3.3]
	at org.springframework.security.web.authentication.logout.LogoutFilter.doFilter(LogoutFilter.java:107) ~[spring-security-web-6.3.3.jar:6.3.3]
	at org.springframework.security.web.authentication.logout.LogoutFilter.doFilter(LogoutFilter.java:93) ~[spring-security-web-6.3.3.jar:6.3.3]
	at org.springframework.security.web.ObservationFilterChainDecorator$ObservationFilter.wrapFilter(ObservationFilterChainDecorator.java:240) ~[spring-security-web-6.3.3.jar:6.3.3]
	at org.springframework.security.web.ObservationFilterChainDecorator$ObservationFilter.doFilter(ObservationFilterChainDecorator.java:227) ~[spring-security-web-6.3.3.jar:6.3.3]
	at org.springframework.security.web.ObservationFilterChainDecorator$VirtualFilterChain.doFilter(ObservationFilterChainDecorator.java:137) ~[spring-security-web-6.3.3.jar:6.3.3]
	at org.springframework.security.web.header.HeaderWriterFilter.doHeadersAfter(HeaderWriterFilter.java:90) ~[spring-security-web-6.3.3.jar:6.3.3]
	at org.springframework.security.web.header.HeaderWriterFilter.doFilterInternal(HeaderWriterFilter.java:75) ~[spring-security-web-6.3.3.jar:6.3.3]
	at org.springframework.web.filter.OncePerRequestFilter.doFilter(OncePerRequestFilter.java:116) ~[spring-web-6.1.13.jar:6.1.13]
	at org.springframework.security.web.ObservationFilterChainDecorator$ObservationFilter.wrapFilter(ObservationFilterChainDecorator.java:240) ~[spring-security-web-6.3.3.jar:6.3.3]
	at org.springframework.security.web.ObservationFilterChainDecorator$ObservationFilter.doFilter(ObservationFilterChainDecorator.java:227) ~[spring-security-web-6.3.3.jar:6.3.3]
	at org.springframework.security.web.ObservationFilterChainDecorator$VirtualFilterChain.doFilter(ObservationFilterChainDecorator.java:137) ~[spring-security-web-6.3.3.jar:6.3.3]
	at org.springframework.security.web.context.SecurityContextHolderFilter.doFilter(SecurityContextHolderFilter.java:82) ~[spring-security-web-6.3.3.jar:6.3.3]
	at org.springframework.security.web.context.SecurityContextHolderFilter.doFilter(SecurityContextHolderFilter.java:69) ~[spring-security-web-6.3.3.jar:6.3.3]
	at org.springframework.security.web.ObservationFilterChainDecorator$ObservationFilter.wrapFilter(ObservationFilterChainDecorator.java:240) ~[spring-security-web-6.3.3.jar:6.3.3]
	at org.springframework.security.web.ObservationFilterChainDecorator$ObservationFilter.doFilter(ObservationFilterChainDecorator.java:227) ~[spring-security-web-6.3.3.jar:6.3.3]
	at org.springframework.security.web.ObservationFilterChainDecorator$VirtualFilterChain.doFilter(ObservationFilterChainDecorator.java:137) ~[spring-security-web-6.3.3.jar:6.3.3]
	at org.springframework.security.web.context.request.async.WebAsyncManagerIntegrationFilter.doFilterInternal(WebAsyncManagerIntegrationFilter.java:62) ~[spring-security-web-6.3.3.jar:6.3.3]
	at org.springframework.web.filter.OncePerRequestFilter.doFilter(OncePerRequestFilter.java:116) ~[spring-web-6.1.13.jar:6.1.13]
	at org.springframework.security.web.ObservationFilterChainDecorator$ObservationFilter.wrapFilter(ObservationFilterChainDecorator.java:240) ~[spring-security-web-6.3.3.jar:6.3.3]
	at org.springframework.security.web.ObservationFilterChainDecorator$ObservationFilter.doFilter(ObservationFilterChainDecorator.java:227) ~[spring-security-web-6.3.3.jar:6.3.3]
	at org.springframework.security.web.ObservationFilterChainDecorator$VirtualFilterChain.doFilter(ObservationFilterChainDecorator.java:137) ~[spring-security-web-6.3.3.jar:6.3.3]
	at org.springframework.security.web.session.DisableEncodeUrlFilter.doFilterInternal(DisableEncodeUrlFilter.java:42) ~[spring-security-web-6.3.3.jar:6.3.3]
	at org.springframework.web.filter.OncePerRequestFilter.doFilter(OncePerRequestFilter.java:116) ~[spring-web-6.1.13.jar:6.1.13]
	at org.springframework.security.web.ObservationFilterChainDecorator$ObservationFilter.wrapFilter(ObservationFilterChainDecorator.java:240) ~[spring-security-web-6.3.3.jar:6.3.3]
	at org.springframework.security.web.ObservationFilterChainDecorator$AroundFilterObservation$SimpleAroundFilterObservation.lambda$wrap$0(ObservationFilterChainDecorator.java:323) ~[spring-security-web-6.3.3.jar:6.3.3]
	at org.springframework.security.web.ObservationFilterChainDecorator$ObservationFilter.doFilter(ObservationFilterChainDecorator.java:224) ~[spring-security-web-6.3.3.jar:6.3.3]
	at org.springframework.security.web.ObservationFilterChainDecorator$VirtualFilterChain.doFilter(ObservationFilterChainDecorator.java:137) ~[spring-security-web-6.3.3.jar:6.3.3]
	at org.springframework.security.web.FilterChainProxy.doFilterInternal(FilterChainProxy.java:233) ~[spring-security-web-6.3.3.jar:6.3.3]
	at org.springframework.security.web.FilterChainProxy.doFilter(FilterChainProxy.java:191) ~[spring-security-web-6.3.3.jar:6.3.3]
	at org.springframework.web.filter.CompositeFilter$VirtualFilterChain.doFilter(CompositeFilter.java:113) ~[spring-web-6.1.13.jar:6.1.13]
	at org.springframework.web.servlet.handler.HandlerMappingIntrospector.lambda$createCacheFilter$3(HandlerMappingIntrospector.java:195) ~[spring-webmvc-6.1.13.jar:6.1.13]
	at org.springframework.web.filter.CompositeFilter$VirtualFilterChain.doFilter(CompositeFilter.java:113) ~[spring-web-6.1.13.jar:6.1.13]
	at org.springframework.web.filter.CompositeFilter.doFilter(CompositeFilter.java:74) ~[spring-web-6.1.13.jar:6.1.13]
	at org.springframework.security.config.annotation.web.configuration.WebMvcSecurityConfiguration$CompositeFilterChainProxy.doFilter(WebMvcSecurityConfiguration.java:230) ~[spring-security-config-6.3.3.jar:6.3.3]
	at org.springframework.web.filter.DelegatingFilterProxy.invokeDelegate(DelegatingFilterProxy.java:352) ~[spring-web-6.1.13.jar:6.1.13]
	at org.springframework.web.filter.DelegatingFilterProxy.doFilter(DelegatingFilterProxy.java:268) ~[spring-web-6.1.13.jar:6.1.13]
	at org.apache.catalina.core.ApplicationFilterChain.internalDoFilter(ApplicationFilterChain.java:164) ~[tomcat-embed-core-10.1.30.jar:10.1.30]
	at org.apache.catalina.core.ApplicationFilterChain.doFilter(ApplicationFilterChain.java:140) ~[tomcat-embed-core-10.1.30.jar:10.1.30]
	at org.springframework.web.filter.RequestContextFilter.doFilterInternal(RequestContextFilter.java:100) ~[spring-web-6.1.13.jar:6.1.13]
	at org.springframework.web.filter.OncePerRequestFilter.doFilter(OncePerRequestFilter.java:116) ~[spring-web-6.1.13.jar:6.1.13]
	at org.apache.catalina.core.ApplicationFilterChain.internalDoFilter(ApplicationFilterChain.java:164) ~[tomcat-embed-core-10.1.30.jar:10.1.30]
	at org.apache.catalina.core.ApplicationFilterChain.doFilter(ApplicationFilterChain.java:140) ~[tomcat-embed-core-10.1.30.jar:10.1.30]
	at org.springframework.web.filter.FormContentFilter.doFilterInternal(FormContentFilter.java:93) ~[spring-web-6.1.13.jar:6.1.13]
	at org.springframework.web.filter.OncePerRequestFilter.doFilter(OncePerRequestFilter.java:116) ~[spring-web-6.1.13.jar:6.1.13]
	at org.apache.catalina.core.ApplicationFilterChain.internalDoFilter(ApplicationFilterChain.java:164) ~[tomcat-embed-core-10.1.30.jar:10.1.30]
	at org.apache.catalina.core.ApplicationFilterChain.doFilter(ApplicationFilterChain.java:140) ~[tomcat-embed-core-10.1.30.jar:10.1.30]
	at org.springframework.web.filter.ServerHttpObservationFilter.doFilterInternal(ServerHttpObservationFilter.java:113) ~[spring-web-6.1.13.jar:6.1.13]
	at org.springframework.web.filter.OncePerRequestFilter.doFilter(OncePerRequestFilter.java:116) ~[spring-web-6.1.13.jar:6.1.13]
	at org.apache.catalina.core.ApplicationFilterChain.internalDoFilter(ApplicationFilterChain.java:164) ~[tomcat-embed-core-10.1.30.jar:10.1.30]
	at org.apache.catalina.core.ApplicationFilterChain.doFilter(ApplicationFilterChain.java:140) ~[tomcat-embed-core-10.1.30.jar:10.1.30]
	at org.springframework.web.filter.CharacterEncodingFilter.doFilterInternal(CharacterEncodingFilter.java:201) ~[spring-web-6.1.13.jar:6.1.13]
	at org.springframework.web.filter.OncePerRequestFilter.doFilter(OncePerRequestFilter.java:116) ~[spring-web-6.1.13.jar:6.1.13]
	at org.apache.catalina.core.ApplicationFilterChain.internalDoFilter(ApplicationFilterChain.java:164) ~[tomcat-embed-core-10.1.30.jar:10.1.30]
	at org.apache.catalina.core.ApplicationFilterChain.doFilter(ApplicationFilterChain.java:140) ~[tomcat-embed-core-10.1.30.jar:10.1.30]
	at org.apache.catalina.core.StandardWrapperValve.invoke(StandardWrapperValve.java:167) ~[tomcat-embed-core-10.1.30.jar:10.1.30]
	at org.apache.catalina.core.StandardContextValve.invoke(StandardContextValve.java:90) ~[tomcat-embed-core-10.1.30.jar:10.1.30]
	at org.apache.catalina.authenticator.AuthenticatorBase.invoke(AuthenticatorBase.java:483) ~[tomcat-embed-core-10.1.30.jar:10.1.30]
	at org.apache.catalina.core.StandardHostValve.invoke(StandardHostValve.java:115) ~[tomcat-embed-core-10.1.30.jar:10.1.30]
	at org.apache.catalina.valves.ErrorReportValve.invoke(ErrorReportValve.java:93) ~[tomcat-embed-core-10.1.30.jar:10.1.30]
	at org.apache.catalina.core.StandardEngineValve.invoke(StandardEngineValve.java:74) ~[tomcat-embed-core-10.1.30.jar:10.1.30]
	at org.apache.catalina.connector.CoyoteAdapter.service(CoyoteAdapter.java:344) ~[tomcat-embed-core-10.1.30.jar:10.1.30]
	at org.apache.coyote.http11.Http11Processor.service(Http11Processor.java:384) ~[tomcat-embed-core-10.1.30.jar:10.1.30]
	at org.apache.coyote.AbstractProcessorLight.process(AbstractProcessorLight.java:63) ~[tomcat-embed-core-10.1.30.jar:10.1.30]
	at org.apache.coyote.AbstractProtocol$ConnectionHandler.process(AbstractProtocol.java:905) ~[tomcat-embed-core-10.1.30.jar:10.1.30]
	at org.apache.tomcat.util.net.NioEndpoint$SocketProcessor.doRun(NioEndpoint.java:1741) ~[tomcat-embed-core-10.1.30.jar:10.1.30]
	at org.apache.tomcat.util.net.SocketProcessorBase.run(SocketProcessorBase.java:52) ~[tomcat-embed-core-10.1.30.jar:10.1.30]
	at org.apache.tomcat.util.threads.ThreadPoolExecutor.runWorker(ThreadPoolExecutor.java:1190) ~[tomcat-embed-core-10.1.30.jar:10.1.30]
	at org.apache.tomcat.util.threads.ThreadPoolExecutor$Worker.run(ThreadPoolExecutor.java:659) ~[tomcat-embed-core-10.1.30.jar:10.1.30]
	at org.apache.tomcat.util.threads.TaskThread$WrappingRunnable.run(TaskThread.java:63) ~[tomcat-embed-core-10.1.30.jar:10.1.30]
	at java.base/java.lang.Thread.run(Thread.java:1583) ~[na:na]

2025-01-14T20:14:14.943+01:00  INFO 65340 --- [competition-management-service] [http-nio-8084-exec-2] org.league.app.filter.JWTFilter          : Extracted email: ylopatkin@gmail.com
2025-01-14T20:14:14.944+01:00  INFO 65340 --- [competition-management-service] [http-nio-8084-exec-2] org.league.app.filter.JWTFilter          : User email: ylopatkin@gmail.com
2025-01-14T20:14:46.594+01:00  INFO 65340 --- [competition-management-service] [http-nio-8084-exec-6] org.league.app.filter.JWTFilter          : Extracted email: ylopatkin@gmail.com
2025-01-14T20:14:46.594+01:00  INFO 65340 --- [competition-management-service] [http-nio-8084-exec-6] org.league.app.filter.JWTFilter          : User email: ylopatkin@gmail.com
2025-01-14T20:14:46.745+01:00 ERROR 65340 --- [competition-management-service] [http-nio-8084-exec-6] o.a.c.c.C.[.[.[/].[dispatcherServlet]    : Servlet.service() for servlet [dispatcherServlet] in context with path [] threw exception [Request processing failed: feign.FeignException$Forbidden: [403] during [GET] to [http://sport-service/api/sport/get-sports-by-name?sportName=o] [SportClientFeign#findByNameSearch(String)]: []] with root cause

feign.FeignException$Forbidden: [403] during [GET] to [http://sport-service/api/sport/get-sports-by-name?sportName=o] [SportClientFeign#findByNameSearch(String)]: []
	at feign.FeignException.clientErrorStatus(FeignException.java:226) ~[feign-core-13.3.jar:na]
	at feign.FeignException.errorStatus(FeignException.java:203) ~[feign-core-13.3.jar:na]
	at feign.FeignException.errorStatus(FeignException.java:194) ~[feign-core-13.3.jar:na]
	at feign.codec.ErrorDecoder$Default.decode(ErrorDecoder.java:103) ~[feign-core-13.3.jar:na]
	at feign.InvocationContext.decodeError(InvocationContext.java:126) ~[feign-core-13.3.jar:na]
	at feign.InvocationContext.proceed(InvocationContext.java:72) ~[feign-core-13.3.jar:na]
	at feign.ResponseHandler.handleResponse(ResponseHandler.java:63) ~[feign-core-13.3.jar:na]
	at feign.SynchronousMethodHandler.executeAndDecode(SynchronousMethodHandler.java:114) ~[feign-core-13.3.jar:na]
	at feign.SynchronousMethodHandler.invoke(SynchronousMethodHandler.java:70) ~[feign-core-13.3.jar:na]
	at feign.ReflectiveFeign$FeignInvocationHandler.invoke(ReflectiveFeign.java:99) ~[feign-core-13.3.jar:na]
	at jdk.proxy2/jdk.proxy2.$Proxy170.findByNameSearch(Unknown Source) ~[na:na]
	at org.league.app.service.GameSystemService.searchGameSystem(GameSystemService.java:66) ~[classes/:na]
	at java.base/jdk.internal.reflect.DirectMethodHandleAccessor.invoke(DirectMethodHandleAccessor.java:103) ~[na:na]
	at java.base/java.lang.reflect.Method.invoke(Method.java:580) ~[na:na]
	at org.springframework.aop.support.AopUtils.invokeJoinpointUsingReflection(AopUtils.java:355) ~[spring-aop-6.1.13.jar:6.1.13]
	at org.springframework.aop.framework.ReflectiveMethodInvocation.invokeJoinpoint(ReflectiveMethodInvocation.java:196) ~[spring-aop-6.1.13.jar:6.1.13]
	at org.springframework.aop.framework.ReflectiveMethodInvocation.proceed(ReflectiveMethodInvocation.java:163) ~[spring-aop-6.1.13.jar:6.1.13]
	at org.springframework.aop.framework.CglibAopProxy$CglibMethodInvocation.proceed(CglibAopProxy.java:768) ~[spring-aop-6.1.13.jar:6.1.13]
	at org.springframework.transaction.interceptor.TransactionAspectSupport.invokeWithinTransaction(TransactionAspectSupport.java:379) ~[spring-tx-6.1.13.jar:6.1.13]
	at org.springframework.transaction.interceptor.TransactionInterceptor.invoke(TransactionInterceptor.java:119) ~[spring-tx-6.1.13.jar:6.1.13]
	at org.springframework.aop.framework.ReflectiveMethodInvocation.proceed(ReflectiveMethodInvocation.java:184) ~[spring-aop-6.1.13.jar:6.1.13]
	at org.springframework.aop.framework.CglibAopProxy$CglibMethodInvocation.proceed(CglibAopProxy.java:768) ~[spring-aop-6.1.13.jar:6.1.13]
	at org.springframework.aop.framework.CglibAopProxy$DynamicAdvisedInterceptor.intercept(CglibAopProxy.java:720) ~[spring-aop-6.1.13.jar:6.1.13]
	at org.league.app.service.GameSystemService$$SpringCGLIB$$0.searchGameSystem(<generated>) ~[classes/:na]
	at org.league.app.controller.GameSystemController.searchGameSystem(GameSystemController.java:40) ~[classes/:na]
	at java.base/jdk.internal.reflect.DirectMethodHandleAccessor.invoke(DirectMethodHandleAccessor.java:103) ~[na:na]
	at java.base/java.lang.reflect.Method.invoke(Method.java:580) ~[na:na]
	at org.springframework.web.method.support.InvocableHandlerMethod.doInvoke(InvocableHandlerMethod.java:255) ~[spring-web-6.1.13.jar:6.1.13]
	at org.springframework.web.method.support.InvocableHandlerMethod.invokeForRequest(InvocableHandlerMethod.java:188) ~[spring-web-6.1.13.jar:6.1.13]
	at org.springframework.web.servlet.mvc.method.annotation.ServletInvocableHandlerMethod.invokeAndHandle(ServletInvocableHandlerMethod.java:118) ~[spring-webmvc-6.1.13.jar:6.1.13]
	at org.springframework.web.servlet.mvc.method.annotation.RequestMappingHandlerAdapter.invokeHandlerMethod(RequestMappingHandlerAdapter.java:926) ~[spring-webmvc-6.1.13.jar:6.1.13]
	at org.springframework.web.servlet.mvc.method.annotation.RequestMappingHandlerAdapter.handleInternal(RequestMappingHandlerAdapter.java:831) ~[spring-webmvc-6.1.13.jar:6.1.13]
	at org.springframework.web.servlet.mvc.method.AbstractHandlerMethodAdapter.handle(AbstractHandlerMethodAdapter.java:87) ~[spring-webmvc-6.1.13.jar:6.1.13]
	at org.springframework.web.servlet.DispatcherServlet.doDispatch(DispatcherServlet.java:1089) ~[spring-webmvc-6.1.13.jar:6.1.13]
	at org.springframework.web.servlet.DispatcherServlet.doService(DispatcherServlet.java:979) ~[spring-webmvc-6.1.13.jar:6.1.13]
	at org.springframework.web.servlet.FrameworkServlet.processRequest(FrameworkServlet.java:1014) ~[spring-webmvc-6.1.13.jar:6.1.13]
	at org.springframework.web.servlet.FrameworkServlet.doGet(FrameworkServlet.java:903) ~[spring-webmvc-6.1.13.jar:6.1.13]
	at jakarta.servlet.http.HttpServlet.service(HttpServlet.java:564) ~[tomcat-embed-core-10.1.30.jar:6.0]
	at org.springframework.web.servlet.FrameworkServlet.service(FrameworkServlet.java:885) ~[spring-webmvc-6.1.13.jar:6.1.13]
	at jakarta.servlet.http.HttpServlet.service(HttpServlet.java:658) ~[tomcat-embed-core-10.1.30.jar:6.0]
	at org.apache.catalina.core.ApplicationFilterChain.internalDoFilter(ApplicationFilterChain.java:195) ~[tomcat-embed-core-10.1.30.jar:10.1.30]
	at org.apache.catalina.core.ApplicationFilterChain.doFilter(ApplicationFilterChain.java:140) ~[tomcat-embed-core-10.1.30.jar:10.1.30]
	at org.apache.tomcat.websocket.server.WsFilter.doFilter(WsFilter.java:51) ~[tomcat-embed-websocket-10.1.30.jar:10.1.30]
	at org.apache.catalina.core.ApplicationFilterChain.internalDoFilter(ApplicationFilterChain.java:164) ~[tomcat-embed-core-10.1.30.jar:10.1.30]
	at org.apache.catalina.core.ApplicationFilterChain.doFilter(ApplicationFilterChain.java:140) ~[tomcat-embed-core-10.1.30.jar:10.1.30]
	at org.springframework.web.filter.OncePerRequestFilter.doFilter(OncePerRequestFilter.java:110) ~[spring-web-6.1.13.jar:6.1.13]
	at org.apache.catalina.core.ApplicationFilterChain.internalDoFilter(ApplicationFilterChain.java:164) ~[tomcat-embed-core-10.1.30.jar:10.1.30]
	at org.apache.catalina.core.ApplicationFilterChain.doFilter(ApplicationFilterChain.java:140) ~[tomcat-embed-core-10.1.30.jar:10.1.30]
	at org.springframework.web.filter.CompositeFilter$VirtualFilterChain.doFilter(CompositeFilter.java:108) ~[spring-web-6.1.13.jar:6.1.13]
	at org.springframework.security.web.FilterChainProxy.lambda$doFilterInternal$3(FilterChainProxy.java:231) ~[spring-security-web-6.3.3.jar:6.3.3]
	at org.springframework.security.web.ObservationFilterChainDecorator$FilterObservation$SimpleFilterObservation.lambda$wrap$1(ObservationFilterChainDecorator.java:479) ~[spring-security-web-6.3.3.jar:6.3.3]
	at org.springframework.security.web.ObservationFilterChainDecorator$AroundFilterObservation$SimpleAroundFilterObservation.lambda$wrap$1(ObservationFilterChainDecorator.java:340) ~[spring-security-web-6.3.3.jar:6.3.3]
	at org.springframework.security.web.ObservationFilterChainDecorator.lambda$wrapSecured$0(ObservationFilterChainDecorator.java:82) ~[spring-security-web-6.3.3.jar:6.3.3]
	at org.springframework.security.web.ObservationFilterChainDecorator$VirtualFilterChain.doFilter(ObservationFilterChainDecorator.java:128) ~[spring-security-web-6.3.3.jar:6.3.3]
	at org.springframework.security.web.access.intercept.AuthorizationFilter.doFilter(AuthorizationFilter.java:100) ~[spring-security-web-6.3.3.jar:6.3.3]
	at org.springframework.security.web.ObservationFilterChainDecorator$ObservationFilter.wrapFilter(ObservationFilterChainDecorator.java:240) ~[spring-security-web-6.3.3.jar:6.3.3]
	at org.springframework.security.web.ObservationFilterChainDecorator$ObservationFilter.doFilter(ObservationFilterChainDecorator.java:227) ~[spring-security-web-6.3.3.jar:6.3.3]
	at org.springframework.security.web.ObservationFilterChainDecorator$VirtualFilterChain.doFilter(ObservationFilterChainDecorator.java:137) ~[spring-security-web-6.3.3.jar:6.3.3]
	at org.springframework.security.web.access.ExceptionTranslationFilter.doFilter(ExceptionTranslationFilter.java:126) ~[spring-security-web-6.3.3.jar:6.3.3]
	at org.springframework.security.web.access.ExceptionTranslationFilter.doFilter(ExceptionTranslationFilter.java:120) ~[spring-security-web-6.3.3.jar:6.3.3]
	at org.springframework.security.web.ObservationFilterChainDecorator$ObservationFilter.wrapFilter(ObservationFilterChainDecorator.java:240) ~[spring-security-web-6.3.3.jar:6.3.3]
	at org.springframework.security.web.ObservationFilterChainDecorator$ObservationFilter.doFilter(ObservationFilterChainDecorator.java:227) ~[spring-security-web-6.3.3.jar:6.3.3]
	at org.springframework.security.web.ObservationFilterChainDecorator$VirtualFilterChain.doFilter(ObservationFilterChainDecorator.java:137) ~[spring-security-web-6.3.3.jar:6.3.3]
	at org.springframework.security.web.session.SessionManagementFilter.doFilter(SessionManagementFilter.java:131) ~[spring-security-web-6.3.3.jar:6.3.3]
	at org.springframework.security.web.session.SessionManagementFilter.doFilter(SessionManagementFilter.java:85) ~[spring-security-web-6.3.3.jar:6.3.3]
	at org.springframework.security.web.ObservationFilterChainDecorator$ObservationFilter.wrapFilter(ObservationFilterChainDecorator.java:240) ~[spring-security-web-6.3.3.jar:6.3.3]
	at org.springframework.security.web.ObservationFilterChainDecorator$ObservationFilter.doFilter(ObservationFilterChainDecorator.java:227) ~[spring-security-web-6.3.3.jar:6.3.3]
	at org.springframework.security.web.ObservationFilterChainDecorator$VirtualFilterChain.doFilter(ObservationFilterChainDecorator.java:137) ~[spring-security-web-6.3.3.jar:6.3.3]
	at org.springframework.security.web.authentication.AnonymousAuthenticationFilter.doFilter(AnonymousAuthenticationFilter.java:100) ~[spring-security-web-6.3.3.jar:6.3.3]
	at org.springframework.security.web.ObservationFilterChainDecorator$ObservationFilter.wrapFilter(ObservationFilterChainDecorator.java:240) ~[spring-security-web-6.3.3.jar:6.3.3]
	at org.springframework.security.web.ObservationFilterChainDecorator$ObservationFilter.doFilter(ObservationFilterChainDecorator.java:227) ~[spring-security-web-6.3.3.jar:6.3.3]
	at org.springframework.security.web.ObservationFilterChainDecorator$VirtualFilterChain.doFilter(ObservationFilterChainDecorator.java:137) ~[spring-security-web-6.3.3.jar:6.3.3]
	at org.springframework.security.web.servletapi.SecurityContextHolderAwareRequestFilter.doFilter(SecurityContextHolderAwareRequestFilter.java:179) ~[spring-security-web-6.3.3.jar:6.3.3]
	at org.springframework.security.web.ObservationFilterChainDecorator$ObservationFilter.wrapFilter(ObservationFilterChainDecorator.java:240) ~[spring-security-web-6.3.3.jar:6.3.3]
	at org.springframework.security.web.ObservationFilterChainDecorator$ObservationFilter.doFilter(ObservationFilterChainDecorator.java:227) ~[spring-security-web-6.3.3.jar:6.3.3]
	at org.springframework.security.web.ObservationFilterChainDecorator$VirtualFilterChain.doFilter(ObservationFilterChainDecorator.java:137) ~[spring-security-web-6.3.3.jar:6.3.3]
	at org.springframework.security.web.savedrequest.RequestCacheAwareFilter.doFilter(RequestCacheAwareFilter.java:63) ~[spring-security-web-6.3.3.jar:6.3.3]
	at org.springframework.security.web.ObservationFilterChainDecorator$ObservationFilter.wrapFilter(ObservationFilterChainDecorator.java:240) ~[spring-security-web-6.3.3.jar:6.3.3]
	at org.springframework.security.web.ObservationFilterChainDecorator$ObservationFilter.doFilter(ObservationFilterChainDecorator.java:227) ~[spring-security-web-6.3.3.jar:6.3.3]
	at org.springframework.security.web.ObservationFilterChainDecorator$VirtualFilterChain.doFilter(ObservationFilterChainDecorator.java:137) ~[spring-security-web-6.3.3.jar:6.3.3]
	at org.league.app.filter.JWTFilter.doFilterInternal(JWTFilter.java:78) ~[classes/:na]
	at org.springframework.web.filter.OncePerRequestFilter.doFilter(OncePerRequestFilter.java:116) ~[spring-web-6.1.13.jar:6.1.13]
	at org.springframework.security.web.ObservationFilterChainDecorator$ObservationFilter.wrapFilter(ObservationFilterChainDecorator.java:240) ~[spring-security-web-6.3.3.jar:6.3.3]
	at org.springframework.security.web.ObservationFilterChainDecorator$ObservationFilter.doFilter(ObservationFilterChainDecorator.java:227) ~[spring-security-web-6.3.3.jar:6.3.3]
	at org.springframework.security.web.ObservationFilterChainDecorator$VirtualFilterChain.doFilter(ObservationFilterChainDecorator.java:137) ~[spring-security-web-6.3.3.jar:6.3.3]
	at org.springframework.security.web.authentication.logout.LogoutFilter.doFilter(LogoutFilter.java:107) ~[spring-security-web-6.3.3.jar:6.3.3]
	at org.springframework.security.web.authentication.logout.LogoutFilter.doFilter(LogoutFilter.java:93) ~[spring-security-web-6.3.3.jar:6.3.3]
	at org.springframework.security.web.ObservationFilterChainDecorator$ObservationFilter.wrapFilter(ObservationFilterChainDecorator.java:240) ~[spring-security-web-6.3.3.jar:6.3.3]
	at org.springframework.security.web.ObservationFilterChainDecorator$ObservationFilter.doFilter(ObservationFilterChainDecorator.java:227) ~[spring-security-web-6.3.3.jar:6.3.3]
	at org.springframework.security.web.ObservationFilterChainDecorator$VirtualFilterChain.doFilter(ObservationFilterChainDecorator.java:137) ~[spring-security-web-6.3.3.jar:6.3.3]
	at org.springframework.security.web.header.HeaderWriterFilter.doHeadersAfter(HeaderWriterFilter.java:90) ~[spring-security-web-6.3.3.jar:6.3.3]
	at org.springframework.security.web.header.HeaderWriterFilter.doFilterInternal(HeaderWriterFilter.java:75) ~[spring-security-web-6.3.3.jar:6.3.3]
	at org.springframework.web.filter.OncePerRequestFilter.doFilter(OncePerRequestFilter.java:116) ~[spring-web-6.1.13.jar:6.1.13]
	at org.springframework.security.web.ObservationFilterChainDecorator$ObservationFilter.wrapFilter(ObservationFilterChainDecorator.java:240) ~[spring-security-web-6.3.3.jar:6.3.3]
	at org.springframework.security.web.ObservationFilterChainDecorator$ObservationFilter.doFilter(ObservationFilterChainDecorator.java:227) ~[spring-security-web-6.3.3.jar:6.3.3]
	at org.springframework.security.web.ObservationFilterChainDecorator$VirtualFilterChain.doFilter(ObservationFilterChainDecorator.java:137) ~[spring-security-web-6.3.3.jar:6.3.3]
	at org.springframework.security.web.context.SecurityContextHolderFilter.doFilter(SecurityContextHolderFilter.java:82) ~[spring-security-web-6.3.3.jar:6.3.3]
	at org.springframework.security.web.context.SecurityContextHolderFilter.doFilter(SecurityContextHolderFilter.java:69) ~[spring-security-web-6.3.3.jar:6.3.3]
	at org.springframework.security.web.ObservationFilterChainDecorator$ObservationFilter.wrapFilter(ObservationFilterChainDecorator.java:240) ~[spring-security-web-6.3.3.jar:6.3.3]
	at org.springframework.security.web.ObservationFilterChainDecorator$ObservationFilter.doFilter(ObservationFilterChainDecorator.java:227) ~[spring-security-web-6.3.3.jar:6.3.3]
	at org.springframework.security.web.ObservationFilterChainDecorator$VirtualFilterChain.doFilter(ObservationFilterChainDecorator.java:137) ~[spring-security-web-6.3.3.jar:6.3.3]
	at org.springframework.security.web.context.request.async.WebAsyncManagerIntegrationFilter.doFilterInternal(WebAsyncManagerIntegrationFilter.java:62) ~[spring-security-web-6.3.3.jar:6.3.3]
	at org.springframework.web.filter.OncePerRequestFilter.doFilter(OncePerRequestFilter.java:116) ~[spring-web-6.1.13.jar:6.1.13]
	at org.springframework.security.web.ObservationFilterChainDecorator$ObservationFilter.wrapFilter(ObservationFilterChainDecorator.java:240) ~[spring-security-web-6.3.3.jar:6.3.3]
	at org.springframework.security.web.ObservationFilterChainDecorator$ObservationFilter.doFilter(ObservationFilterChainDecorator.java:227) ~[spring-security-web-6.3.3.jar:6.3.3]
	at org.springframework.security.web.ObservationFilterChainDecorator$VirtualFilterChain.doFilter(ObservationFilterChainDecorator.java:137) ~[spring-security-web-6.3.3.jar:6.3.3]
	at org.springframework.security.web.session.DisableEncodeUrlFilter.doFilterInternal(DisableEncodeUrlFilter.java:42) ~[spring-security-web-6.3.3.jar:6.3.3]
	at org.springframework.web.filter.OncePerRequestFilter.doFilter(OncePerRequestFilter.java:116) ~[spring-web-6.1.13.jar:6.1.13]
	at org.springframework.security.web.ObservationFilterChainDecorator$ObservationFilter.wrapFilter(ObservationFilterChainDecorator.java:240) ~[spring-security-web-6.3.3.jar:6.3.3]
	at org.springframework.security.web.ObservationFilterChainDecorator$AroundFilterObservation$SimpleAroundFilterObservation.lambda$wrap$0(ObservationFilterChainDecorator.java:323) ~[spring-security-web-6.3.3.jar:6.3.3]
	at org.springframework.security.web.ObservationFilterChainDecorator$ObservationFilter.doFilter(ObservationFilterChainDecorator.java:224) ~[spring-security-web-6.3.3.jar:6.3.3]
	at org.springframework.security.web.ObservationFilterChainDecorator$VirtualFilterChain.doFilter(ObservationFilterChainDecorator.java:137) ~[spring-security-web-6.3.3.jar:6.3.3]
	at org.springframework.security.web.FilterChainProxy.doFilterInternal(FilterChainProxy.java:233) ~[spring-security-web-6.3.3.jar:6.3.3]
	at org.springframework.security.web.FilterChainProxy.doFilter(FilterChainProxy.java:191) ~[spring-security-web-6.3.3.jar:6.3.3]
	at org.springframework.web.filter.CompositeFilter$VirtualFilterChain.doFilter(CompositeFilter.java:113) ~[spring-web-6.1.13.jar:6.1.13]
	at org.springframework.web.servlet.handler.HandlerMappingIntrospector.lambda$createCacheFilter$3(HandlerMappingIntrospector.java:195) ~[spring-webmvc-6.1.13.jar:6.1.13]
	at org.springframework.web.filter.CompositeFilter$VirtualFilterChain.doFilter(CompositeFilter.java:113) ~[spring-web-6.1.13.jar:6.1.13]
	at org.springframework.web.filter.CompositeFilter.doFilter(CompositeFilter.java:74) ~[spring-web-6.1.13.jar:6.1.13]
	at org.springframework.security.config.annotation.web.configuration.WebMvcSecurityConfiguration$CompositeFilterChainProxy.doFilter(WebMvcSecurityConfiguration.java:230) ~[spring-security-config-6.3.3.jar:6.3.3]
	at org.springframework.web.filter.DelegatingFilterProxy.invokeDelegate(DelegatingFilterProxy.java:352) ~[spring-web-6.1.13.jar:6.1.13]
	at org.springframework.web.filter.DelegatingFilterProxy.doFilter(DelegatingFilterProxy.java:268) ~[spring-web-6.1.13.jar:6.1.13]
	at org.apache.catalina.core.ApplicationFilterChain.internalDoFilter(ApplicationFilterChain.java:164) ~[tomcat-embed-core-10.1.30.jar:10.1.30]
	at org.apache.catalina.core.ApplicationFilterChain.doFilter(ApplicationFilterChain.java:140) ~[tomcat-embed-core-10.1.30.jar:10.1.30]
	at org.springframework.web.filter.RequestContextFilter.doFilterInternal(RequestContextFilter.java:100) ~[spring-web-6.1.13.jar:6.1.13]
	at org.springframework.web.filter.OncePerRequestFilter.doFilter(OncePerRequestFilter.java:116) ~[spring-web-6.1.13.jar:6.1.13]
	at org.apache.catalina.core.ApplicationFilterChain.internalDoFilter(ApplicationFilterChain.java:164) ~[tomcat-embed-core-10.1.30.jar:10.1.30]
	at org.apache.catalina.core.ApplicationFilterChain.doFilter(ApplicationFilterChain.java:140) ~[tomcat-embed-core-10.1.30.jar:10.1.30]
	at org.springframework.web.filter.FormContentFilter.doFilterInternal(FormContentFilter.java:93) ~[spring-web-6.1.13.jar:6.1.13]
	at org.springframework.web.filter.OncePerRequestFilter.doFilter(OncePerRequestFilter.java:116) ~[spring-web-6.1.13.jar:6.1.13]
	at org.apache.catalina.core.ApplicationFilterChain.internalDoFilter(ApplicationFilterChain.java:164) ~[tomcat-embed-core-10.1.30.jar:10.1.30]
	at org.apache.catalina.core.ApplicationFilterChain.doFilter(ApplicationFilterChain.java:140) ~[tomcat-embed-core-10.1.30.jar:10.1.30]
	at org.springframework.web.filter.ServerHttpObservationFilter.doFilterInternal(ServerHttpObservationFilter.java:113) ~[spring-web-6.1.13.jar:6.1.13]
	at org.springframework.web.filter.OncePerRequestFilter.doFilter(OncePerRequestFilter.java:116) ~[spring-web-6.1.13.jar:6.1.13]
	at org.apache.catalina.core.ApplicationFilterChain.internalDoFilter(ApplicationFilterChain.java:164) ~[tomcat-embed-core-10.1.30.jar:10.1.30]
	at org.apache.catalina.core.ApplicationFilterChain.doFilter(ApplicationFilterChain.java:140) ~[tomcat-embed-core-10.1.30.jar:10.1.30]
	at org.springframework.web.filter.CharacterEncodingFilter.doFilterInternal(CharacterEncodingFilter.java:201) ~[spring-web-6.1.13.jar:6.1.13]
	at org.springframework.web.filter.OncePerRequestFilter.doFilter(OncePerRequestFilter.java:116) ~[spring-web-6.1.13.jar:6.1.13]
	at org.apache.catalina.core.ApplicationFilterChain.internalDoFilter(ApplicationFilterChain.java:164) ~[tomcat-embed-core-10.1.30.jar:10.1.30]
	at org.apache.catalina.core.ApplicationFilterChain.doFilter(ApplicationFilterChain.java:140) ~[tomcat-embed-core-10.1.30.jar:10.1.30]
	at org.apache.catalina.core.StandardWrapperValve.invoke(StandardWrapperValve.java:167) ~[tomcat-embed-core-10.1.30.jar:10.1.30]
	at org.apache.catalina.core.StandardContextValve.invoke(StandardContextValve.java:90) ~[tomcat-embed-core-10.1.30.jar:10.1.30]
	at org.apache.catalina.authenticator.AuthenticatorBase.invoke(AuthenticatorBase.java:483) ~[tomcat-embed-core-10.1.30.jar:10.1.30]
	at org.apache.catalina.core.StandardHostValve.invoke(StandardHostValve.java:115) ~[tomcat-embed-core-10.1.30.jar:10.1.30]
	at org.apache.catalina.valves.ErrorReportValve.invoke(ErrorReportValve.java:93) ~[tomcat-embed-core-10.1.30.jar:10.1.30]
	at org.apache.catalina.core.StandardEngineValve.invoke(StandardEngineValve.java:74) ~[tomcat-embed-core-10.1.30.jar:10.1.30]
	at org.apache.catalina.connector.CoyoteAdapter.service(CoyoteAdapter.java:344) ~[tomcat-embed-core-10.1.30.jar:10.1.30]
	at org.apache.coyote.http11.Http11Processor.service(Http11Processor.java:384) ~[tomcat-embed-core-10.1.30.jar:10.1.30]
	at org.apache.coyote.AbstractProcessorLight.process(AbstractProcessorLight.java:63) ~[tomcat-embed-core-10.1.30.jar:10.1.30]
	at org.apache.coyote.AbstractProtocol$ConnectionHandler.process(AbstractProtocol.java:905) ~[tomcat-embed-core-10.1.30.jar:10.1.30]
	at org.apache.tomcat.util.net.NioEndpoint$SocketProcessor.doRun(NioEndpoint.java:1741) ~[tomcat-embed-core-10.1.30.jar:10.1.30]
	at org.apache.tomcat.util.net.SocketProcessorBase.run(SocketProcessorBase.java:52) ~[tomcat-embed-core-10.1.30.jar:10.1.30]
	at org.apache.tomcat.util.threads.ThreadPoolExecutor.runWorker(ThreadPoolExecutor.java:1190) ~[tomcat-embed-core-10.1.30.jar:10.1.30]
	at org.apache.tomcat.util.threads.ThreadPoolExecutor$Worker.run(ThreadPoolExecutor.java:659) ~[tomcat-embed-core-10.1.30.jar:10.1.30]
	at org.apache.tomcat.util.threads.TaskThread$WrappingRunnable.run(TaskThread.java:63) ~[tomcat-embed-core-10.1.30.jar:10.1.30]
	at java.base/java.lang.Thread.run(Thread.java:1583) ~[na:na]

2025-01-14T20:14:51.865+01:00  INFO 65340 --- [competition-management-service] [http-nio-8084-exec-7] org.league.app.filter.JWTFilter          : Extracted email: ylopatkin@gmail.com
2025-01-14T20:14:51.866+01:00  INFO 65340 --- [competition-management-service] [http-nio-8084-exec-7] org.league.app.filter.JWTFilter          : User email: ylopatkin@gmail.com
2025-01-14T20:14:51.904+01:00 ERROR 65340 --- [competition-management-service] [http-nio-8084-exec-7] o.a.c.c.C.[.[.[/].[dispatcherServlet]    : Servlet.service() for servlet [dispatcherServlet] in context with path [] threw exception [Request processing failed: feign.FeignException$Forbidden: [403] during [GET] to [http://sport-service/api/sport/get-sports-by-name?sportName=CS2] [SportClientFeign#findByNameSearch(String)]: []] with root cause

feign.FeignException$Forbidden: [403] during [GET] to [http://sport-service/api/sport/get-sports-by-name?sportName=CS2] [SportClientFeign#findByNameSearch(String)]: []
	at feign.FeignException.clientErrorStatus(FeignException.java:226) ~[feign-core-13.3.jar:na]
	at feign.FeignException.errorStatus(FeignException.java:203) ~[feign-core-13.3.jar:na]
	at feign.FeignException.errorStatus(FeignException.java:194) ~[feign-core-13.3.jar:na]
	at feign.codec.ErrorDecoder$Default.decode(ErrorDecoder.java:103) ~[feign-core-13.3.jar:na]
	at feign.InvocationContext.decodeError(InvocationContext.java:126) ~[feign-core-13.3.jar:na]
	at feign.InvocationContext.proceed(InvocationContext.java:72) ~[feign-core-13.3.jar:na]
	at feign.ResponseHandler.handleResponse(ResponseHandler.java:63) ~[feign-core-13.3.jar:na]
	at feign.SynchronousMethodHandler.executeAndDecode(SynchronousMethodHandler.java:114) ~[feign-core-13.3.jar:na]
	at feign.SynchronousMethodHandler.invoke(SynchronousMethodHandler.java:70) ~[feign-core-13.3.jar:na]
	at feign.ReflectiveFeign$FeignInvocationHandler.invoke(ReflectiveFeign.java:99) ~[feign-core-13.3.jar:na]
	at jdk.proxy2/jdk.proxy2.$Proxy170.findByNameSearch(Unknown Source) ~[na:na]
	at org.league.app.service.GameSystemService.searchGameSystem(GameSystemService.java:66) ~[classes/:na]
	at java.base/jdk.internal.reflect.DirectMethodHandleAccessor.invoke(DirectMethodHandleAccessor.java:103) ~[na:na]
	at java.base/java.lang.reflect.Method.invoke(Method.java:580) ~[na:na]
	at org.springframework.aop.support.AopUtils.invokeJoinpointUsingReflection(AopUtils.java:355) ~[spring-aop-6.1.13.jar:6.1.13]
	at org.springframework.aop.framework.ReflectiveMethodInvocation.invokeJoinpoint(ReflectiveMethodInvocation.java:196) ~[spring-aop-6.1.13.jar:6.1.13]
	at org.springframework.aop.framework.ReflectiveMethodInvocation.proceed(ReflectiveMethodInvocation.java:163) ~[spring-aop-6.1.13.jar:6.1.13]
	at org.springframework.aop.framework.CglibAopProxy$CglibMethodInvocation.proceed(CglibAopProxy.java:768) ~[spring-aop-6.1.13.jar:6.1.13]
	at org.springframework.transaction.interceptor.TransactionAspectSupport.invokeWithinTransaction(TransactionAspectSupport.java:379) ~[spring-tx-6.1.13.jar:6.1.13]
	at org.springframework.transaction.interceptor.TransactionInterceptor.invoke(TransactionInterceptor.java:119) ~[spring-tx-6.1.13.jar:6.1.13]
	at org.springframework.aop.framework.ReflectiveMethodInvocation.proceed(ReflectiveMethodInvocation.java:184) ~[spring-aop-6.1.13.jar:6.1.13]
	at org.springframework.aop.framework.CglibAopProxy$CglibMethodInvocation.proceed(CglibAopProxy.java:768) ~[spring-aop-6.1.13.jar:6.1.13]
	at org.springframework.aop.framework.CglibAopProxy$DynamicAdvisedInterceptor.intercept(CglibAopProxy.java:720) ~[spring-aop-6.1.13.jar:6.1.13]
	at org.league.app.service.GameSystemService$$SpringCGLIB$$0.searchGameSystem(<generated>) ~[classes/:na]
	at org.league.app.controller.GameSystemController.searchGameSystem(GameSystemController.java:40) ~[classes/:na]
	at java.base/jdk.internal.reflect.DirectMethodHandleAccessor.invoke(DirectMethodHandleAccessor.java:103) ~[na:na]
	at java.base/java.lang.reflect.Method.invoke(Method.java:580) ~[na:na]
	at org.springframework.web.method.support.InvocableHandlerMethod.doInvoke(InvocableHandlerMethod.java:255) ~[spring-web-6.1.13.jar:6.1.13]
	at org.springframework.web.method.support.InvocableHandlerMethod.invokeForRequest(InvocableHandlerMethod.java:188) ~[spring-web-6.1.13.jar:6.1.13]
	at org.springframework.web.servlet.mvc.method.annotation.ServletInvocableHandlerMethod.invokeAndHandle(ServletInvocableHandlerMethod.java:118) ~[spring-webmvc-6.1.13.jar:6.1.13]
	at org.springframework.web.servlet.mvc.method.annotation.RequestMappingHandlerAdapter.invokeHandlerMethod(RequestMappingHandlerAdapter.java:926) ~[spring-webmvc-6.1.13.jar:6.1.13]
	at org.springframework.web.servlet.mvc.method.annotation.RequestMappingHandlerAdapter.handleInternal(RequestMappingHandlerAdapter.java:831) ~[spring-webmvc-6.1.13.jar:6.1.13]
	at org.springframework.web.servlet.mvc.method.AbstractHandlerMethodAdapter.handle(AbstractHandlerMethodAdapter.java:87) ~[spring-webmvc-6.1.13.jar:6.1.13]
	at org.springframework.web.servlet.DispatcherServlet.doDispatch(DispatcherServlet.java:1089) ~[spring-webmvc-6.1.13.jar:6.1.13]
	at org.springframework.web.servlet.DispatcherServlet.doService(DispatcherServlet.java:979) ~[spring-webmvc-6.1.13.jar:6.1.13]
	at org.springframework.web.servlet.FrameworkServlet.processRequest(FrameworkServlet.java:1014) ~[spring-webmvc-6.1.13.jar:6.1.13]
	at org.springframework.web.servlet.FrameworkServlet.doGet(FrameworkServlet.java:903) ~[spring-webmvc-6.1.13.jar:6.1.13]
	at jakarta.servlet.http.HttpServlet.service(HttpServlet.java:564) ~[tomcat-embed-core-10.1.30.jar:6.0]
	at org.springframework.web.servlet.FrameworkServlet.service(FrameworkServlet.java:885) ~[spring-webmvc-6.1.13.jar:6.1.13]
	at jakarta.servlet.http.HttpServlet.service(HttpServlet.java:658) ~[tomcat-embed-core-10.1.30.jar:6.0]
	at org.apache.catalina.core.ApplicationFilterChain.internalDoFilter(ApplicationFilterChain.java:195) ~[tomcat-embed-core-10.1.30.jar:10.1.30]
	at org.apache.catalina.core.ApplicationFilterChain.doFilter(ApplicationFilterChain.java:140) ~[tomcat-embed-core-10.1.30.jar:10.1.30]
	at org.apache.tomcat.websocket.server.WsFilter.doFilter(WsFilter.java:51) ~[tomcat-embed-websocket-10.1.30.jar:10.1.30]
	at org.apache.catalina.core.ApplicationFilterChain.internalDoFilter(ApplicationFilterChain.java:164) ~[tomcat-embed-core-10.1.30.jar:10.1.30]
	at org.apache.catalina.core.ApplicationFilterChain.doFilter(ApplicationFilterChain.java:140) ~[tomcat-embed-core-10.1.30.jar:10.1.30]
	at org.springframework.web.filter.OncePerRequestFilter.doFilter(OncePerRequestFilter.java:110) ~[spring-web-6.1.13.jar:6.1.13]
	at org.apache.catalina.core.ApplicationFilterChain.internalDoFilter(ApplicationFilterChain.java:164) ~[tomcat-embed-core-10.1.30.jar:10.1.30]
	at org.apache.catalina.core.ApplicationFilterChain.doFilter(ApplicationFilterChain.java:140) ~[tomcat-embed-core-10.1.30.jar:10.1.30]
	at org.springframework.web.filter.CompositeFilter$VirtualFilterChain.doFilter(CompositeFilter.java:108) ~[spring-web-6.1.13.jar:6.1.13]
	at org.springframework.security.web.FilterChainProxy.lambda$doFilterInternal$3(FilterChainProxy.java:231) ~[spring-security-web-6.3.3.jar:6.3.3]
	at org.springframework.security.web.ObservationFilterChainDecorator$FilterObservation$SimpleFilterObservation.lambda$wrap$1(ObservationFilterChainDecorator.java:479) ~[spring-security-web-6.3.3.jar:6.3.3]
	at org.springframework.security.web.ObservationFilterChainDecorator$AroundFilterObservation$SimpleAroundFilterObservation.lambda$wrap$1(ObservationFilterChainDecorator.java:340) ~[spring-security-web-6.3.3.jar:6.3.3]
	at org.springframework.security.web.ObservationFilterChainDecorator.lambda$wrapSecured$0(ObservationFilterChainDecorator.java:82) ~[spring-security-web-6.3.3.jar:6.3.3]
	at org.springframework.security.web.ObservationFilterChainDecorator$VirtualFilterChain.doFilter(ObservationFilterChainDecorator.java:128) ~[spring-security-web-6.3.3.jar:6.3.3]
	at org.springframework.security.web.access.intercept.AuthorizationFilter.doFilter(AuthorizationFilter.java:100) ~[spring-security-web-6.3.3.jar:6.3.3]
	at org.springframework.security.web.ObservationFilterChainDecorator$ObservationFilter.wrapFilter(ObservationFilterChainDecorator.java:240) ~[spring-security-web-6.3.3.jar:6.3.3]
	at org.springframework.security.web.ObservationFilterChainDecorator$ObservationFilter.doFilter(ObservationFilterChainDecorator.java:227) ~[spring-security-web-6.3.3.jar:6.3.3]
	at org.springframework.security.web.ObservationFilterChainDecorator$VirtualFilterChain.doFilter(ObservationFilterChainDecorator.java:137) ~[spring-security-web-6.3.3.jar:6.3.3]
	at org.springframework.security.web.access.ExceptionTranslationFilter.doFilter(ExceptionTranslationFilter.java:126) ~[spring-security-web-6.3.3.jar:6.3.3]
	at org.springframework.security.web.access.ExceptionTranslationFilter.doFilter(ExceptionTranslationFilter.java:120) ~[spring-security-web-6.3.3.jar:6.3.3]
	at org.springframework.security.web.ObservationFilterChainDecorator$ObservationFilter.wrapFilter(ObservationFilterChainDecorator.java:240) ~[spring-security-web-6.3.3.jar:6.3.3]
	at org.springframework.security.web.ObservationFilterChainDecorator$ObservationFilter.doFilter(ObservationFilterChainDecorator.java:227) ~[spring-security-web-6.3.3.jar:6.3.3]
	at org.springframework.security.web.ObservationFilterChainDecorator$VirtualFilterChain.doFilter(ObservationFilterChainDecorator.java:137) ~[spring-security-web-6.3.3.jar:6.3.3]
	at org.springframework.security.web.session.SessionManagementFilter.doFilter(SessionManagementFilter.java:131) ~[spring-security-web-6.3.3.jar:6.3.3]
	at org.springframework.security.web.session.SessionManagementFilter.doFilter(SessionManagementFilter.java:85) ~[spring-security-web-6.3.3.jar:6.3.3]
	at org.springframework.security.web.ObservationFilterChainDecorator$ObservationFilter.wrapFilter(ObservationFilterChainDecorator.java:240) ~[spring-security-web-6.3.3.jar:6.3.3]
	at org.springframework.security.web.ObservationFilterChainDecorator$ObservationFilter.doFilter(ObservationFilterChainDecorator.java:227) ~[spring-security-web-6.3.3.jar:6.3.3]
	at org.springframework.security.web.ObservationFilterChainDecorator$VirtualFilterChain.doFilter(ObservationFilterChainDecorator.java:137) ~[spring-security-web-6.3.3.jar:6.3.3]
	at org.springframework.security.web.authentication.AnonymousAuthenticationFilter.doFilter(AnonymousAuthenticationFilter.java:100) ~[spring-security-web-6.3.3.jar:6.3.3]
	at org.springframework.security.web.ObservationFilterChainDecorator$ObservationFilter.wrapFilter(ObservationFilterChainDecorator.java:240) ~[spring-security-web-6.3.3.jar:6.3.3]
	at org.springframework.security.web.ObservationFilterChainDecorator$ObservationFilter.doFilter(ObservationFilterChainDecorator.java:227) ~[spring-security-web-6.3.3.jar:6.3.3]
	at org.springframework.security.web.ObservationFilterChainDecorator$VirtualFilterChain.doFilter(ObservationFilterChainDecorator.java:137) ~[spring-security-web-6.3.3.jar:6.3.3]
	at org.springframework.security.web.servletapi.SecurityContextHolderAwareRequestFilter.doFilter(SecurityContextHolderAwareRequestFilter.java:179) ~[spring-security-web-6.3.3.jar:6.3.3]
	at org.springframework.security.web.ObservationFilterChainDecorator$ObservationFilter.wrapFilter(ObservationFilterChainDecorator.java:240) ~[spring-security-web-6.3.3.jar:6.3.3]
	at org.springframework.security.web.ObservationFilterChainDecorator$ObservationFilter.doFilter(ObservationFilterChainDecorator.java:227) ~[spring-security-web-6.3.3.jar:6.3.3]
	at org.springframework.security.web.ObservationFilterChainDecorator$VirtualFilterChain.doFilter(ObservationFilterChainDecorator.java:137) ~[spring-security-web-6.3.3.jar:6.3.3]
	at org.springframework.security.web.savedrequest.RequestCacheAwareFilter.doFilter(RequestCacheAwareFilter.java:63) ~[spring-security-web-6.3.3.jar:6.3.3]
	at org.springframework.security.web.ObservationFilterChainDecorator$ObservationFilter.wrapFilter(ObservationFilterChainDecorator.java:240) ~[spring-security-web-6.3.3.jar:6.3.3]
	at org.springframework.security.web.ObservationFilterChainDecorator$ObservationFilter.doFilter(ObservationFilterChainDecorator.java:227) ~[spring-security-web-6.3.3.jar:6.3.3]
	at org.springframework.security.web.ObservationFilterChainDecorator$VirtualFilterChain.doFilter(ObservationFilterChainDecorator.java:137) ~[spring-security-web-6.3.3.jar:6.3.3]
	at org.league.app.filter.JWTFilter.doFilterInternal(JWTFilter.java:78) ~[classes/:na]
	at org.springframework.web.filter.OncePerRequestFilter.doFilter(OncePerRequestFilter.java:116) ~[spring-web-6.1.13.jar:6.1.13]
	at org.springframework.security.web.ObservationFilterChainDecorator$ObservationFilter.wrapFilter(ObservationFilterChainDecorator.java:240) ~[spring-security-web-6.3.3.jar:6.3.3]
	at org.springframework.security.web.ObservationFilterChainDecorator$ObservationFilter.doFilter(ObservationFilterChainDecorator.java:227) ~[spring-security-web-6.3.3.jar:6.3.3]
	at org.springframework.security.web.ObservationFilterChainDecorator$VirtualFilterChain.doFilter(ObservationFilterChainDecorator.java:137) ~[spring-security-web-6.3.3.jar:6.3.3]
	at org.springframework.security.web.authentication.logout.LogoutFilter.doFilter(LogoutFilter.java:107) ~[spring-security-web-6.3.3.jar:6.3.3]
	at org.springframework.security.web.authentication.logout.LogoutFilter.doFilter(LogoutFilter.java:93) ~[spring-security-web-6.3.3.jar:6.3.3]
	at org.springframework.security.web.ObservationFilterChainDecorator$ObservationFilter.wrapFilter(ObservationFilterChainDecorator.java:240) ~[spring-security-web-6.3.3.jar:6.3.3]
	at org.springframework.security.web.ObservationFilterChainDecorator$ObservationFilter.doFilter(ObservationFilterChainDecorator.java:227) ~[spring-security-web-6.3.3.jar:6.3.3]
	at org.springframework.security.web.ObservationFilterChainDecorator$VirtualFilterChain.doFilter(ObservationFilterChainDecorator.java:137) ~[spring-security-web-6.3.3.jar:6.3.3]
	at org.springframework.security.web.header.HeaderWriterFilter.doHeadersAfter(HeaderWriterFilter.java:90) ~[spring-security-web-6.3.3.jar:6.3.3]
	at org.springframework.security.web.header.HeaderWriterFilter.doFilterInternal(HeaderWriterFilter.java:75) ~[spring-security-web-6.3.3.jar:6.3.3]
	at org.springframework.web.filter.OncePerRequestFilter.doFilter(OncePerRequestFilter.java:116) ~[spring-web-6.1.13.jar:6.1.13]
	at org.springframework.security.web.ObservationFilterChainDecorator$ObservationFilter.wrapFilter(ObservationFilterChainDecorator.java:240) ~[spring-security-web-6.3.3.jar:6.3.3]
	at org.springframework.security.web.ObservationFilterChainDecorator$ObservationFilter.doFilter(ObservationFilterChainDecorator.java:227) ~[spring-security-web-6.3.3.jar:6.3.3]
	at org.springframework.security.web.ObservationFilterChainDecorator$VirtualFilterChain.doFilter(ObservationFilterChainDecorator.java:137) ~[spring-security-web-6.3.3.jar:6.3.3]
	at org.springframework.security.web.context.SecurityContextHolderFilter.doFilter(SecurityContextHolderFilter.java:82) ~[spring-security-web-6.3.3.jar:6.3.3]
	at org.springframework.security.web.context.SecurityContextHolderFilter.doFilter(SecurityContextHolderFilter.java:69) ~[spring-security-web-6.3.3.jar:6.3.3]
	at org.springframework.security.web.ObservationFilterChainDecorator$ObservationFilter.wrapFilter(ObservationFilterChainDecorator.java:240) ~[spring-security-web-6.3.3.jar:6.3.3]
	at org.springframework.security.web.ObservationFilterChainDecorator$ObservationFilter.doFilter(ObservationFilterChainDecorator.java:227) ~[spring-security-web-6.3.3.jar:6.3.3]
	at org.springframework.security.web.ObservationFilterChainDecorator$VirtualFilterChain.doFilter(ObservationFilterChainDecorator.java:137) ~[spring-security-web-6.3.3.jar:6.3.3]
	at org.springframework.security.web.context.request.async.WebAsyncManagerIntegrationFilter.doFilterInternal(WebAsyncManagerIntegrationFilter.java:62) ~[spring-security-web-6.3.3.jar:6.3.3]
	at org.springframework.web.filter.OncePerRequestFilter.doFilter(OncePerRequestFilter.java:116) ~[spring-web-6.1.13.jar:6.1.13]
	at org.springframework.security.web.ObservationFilterChainDecorator$ObservationFilter.wrapFilter(ObservationFilterChainDecorator.java:240) ~[spring-security-web-6.3.3.jar:6.3.3]
	at org.springframework.security.web.ObservationFilterChainDecorator$ObservationFilter.doFilter(ObservationFilterChainDecorator.java:227) ~[spring-security-web-6.3.3.jar:6.3.3]
	at org.springframework.security.web.ObservationFilterChainDecorator$VirtualFilterChain.doFilter(ObservationFilterChainDecorator.java:137) ~[spring-security-web-6.3.3.jar:6.3.3]
	at org.springframework.security.web.session.DisableEncodeUrlFilter.doFilterInternal(DisableEncodeUrlFilter.java:42) ~[spring-security-web-6.3.3.jar:6.3.3]
	at org.springframework.web.filter.OncePerRequestFilter.doFilter(OncePerRequestFilter.java:116) ~[spring-web-6.1.13.jar:6.1.13]
	at org.springframework.security.web.ObservationFilterChainDecorator$ObservationFilter.wrapFilter(ObservationFilterChainDecorator.java:240) ~[spring-security-web-6.3.3.jar:6.3.3]
	at org.springframework.security.web.ObservationFilterChainDecorator$AroundFilterObservation$SimpleAroundFilterObservation.lambda$wrap$0(ObservationFilterChainDecorator.java:323) ~[spring-security-web-6.3.3.jar:6.3.3]
	at org.springframework.security.web.ObservationFilterChainDecorator$ObservationFilter.doFilter(ObservationFilterChainDecorator.java:224) ~[spring-security-web-6.3.3.jar:6.3.3]
	at org.springframework.security.web.ObservationFilterChainDecorator$VirtualFilterChain.doFilter(ObservationFilterChainDecorator.java:137) ~[spring-security-web-6.3.3.jar:6.3.3]
	at org.springframework.security.web.FilterChainProxy.doFilterInternal(FilterChainProxy.java:233) ~[spring-security-web-6.3.3.jar:6.3.3]
	at org.springframework.security.web.FilterChainProxy.doFilter(FilterChainProxy.java:191) ~[spring-security-web-6.3.3.jar:6.3.3]
	at org.springframework.web.filter.CompositeFilter$VirtualFilterChain.doFilter(CompositeFilter.java:113) ~[spring-web-6.1.13.jar:6.1.13]
	at org.springframework.web.servlet.handler.HandlerMappingIntrospector.lambda$createCacheFilter$3(HandlerMappingIntrospector.java:195) ~[spring-webmvc-6.1.13.jar:6.1.13]
	at org.springframework.web.filter.CompositeFilter$VirtualFilterChain.doFilter(CompositeFilter.java:113) ~[spring-web-6.1.13.jar:6.1.13]
	at org.springframework.web.filter.CompositeFilter.doFilter(CompositeFilter.java:74) ~[spring-web-6.1.13.jar:6.1.13]
	at org.springframework.security.config.annotation.web.configuration.WebMvcSecurityConfiguration$CompositeFilterChainProxy.doFilter(WebMvcSecurityConfiguration.java:230) ~[spring-security-config-6.3.3.jar:6.3.3]
	at org.springframework.web.filter.DelegatingFilterProxy.invokeDelegate(DelegatingFilterProxy.java:352) ~[spring-web-6.1.13.jar:6.1.13]
	at org.springframework.web.filter.DelegatingFilterProxy.doFilter(DelegatingFilterProxy.java:268) ~[spring-web-6.1.13.jar:6.1.13]
	at org.apache.catalina.core.ApplicationFilterChain.internalDoFilter(ApplicationFilterChain.java:164) ~[tomcat-embed-core-10.1.30.jar:10.1.30]
	at org.apache.catalina.core.ApplicationFilterChain.doFilter(ApplicationFilterChain.java:140) ~[tomcat-embed-core-10.1.30.jar:10.1.30]
	at org.springframework.web.filter.RequestContextFilter.doFilterInternal(RequestContextFilter.java:100) ~[spring-web-6.1.13.jar:6.1.13]
	at org.springframework.web.filter.OncePerRequestFilter.doFilter(OncePerRequestFilter.java:116) ~[spring-web-6.1.13.jar:6.1.13]
	at org.apache.catalina.core.ApplicationFilterChain.internalDoFilter(ApplicationFilterChain.java:164) ~[tomcat-embed-core-10.1.30.jar:10.1.30]
	at org.apache.catalina.core.ApplicationFilterChain.doFilter(ApplicationFilterChain.java:140) ~[tomcat-embed-core-10.1.30.jar:10.1.30]
	at org.springframework.web.filter.FormContentFilter.doFilterInternal(FormContentFilter.java:93) ~[spring-web-6.1.13.jar:6.1.13]
	at org.springframework.web.filter.OncePerRequestFilter.doFilter(OncePerRequestFilter.java:116) ~[spring-web-6.1.13.jar:6.1.13]
	at org.apache.catalina.core.ApplicationFilterChain.internalDoFilter(ApplicationFilterChain.java:164) ~[tomcat-embed-core-10.1.30.jar:10.1.30]
	at org.apache.catalina.core.ApplicationFilterChain.doFilter(ApplicationFilterChain.java:140) ~[tomcat-embed-core-10.1.30.jar:10.1.30]
	at org.springframework.web.filter.ServerHttpObservationFilter.doFilterInternal(ServerHttpObservationFilter.java:113) ~[spring-web-6.1.13.jar:6.1.13]
	at org.springframework.web.filter.OncePerRequestFilter.doFilter(OncePerRequestFilter.java:116) ~[spring-web-6.1.13.jar:6.1.13]
	at org.apache.catalina.core.ApplicationFilterChain.internalDoFilter(ApplicationFilterChain.java:164) ~[tomcat-embed-core-10.1.30.jar:10.1.30]
	at org.apache.catalina.core.ApplicationFilterChain.doFilter(ApplicationFilterChain.java:140) ~[tomcat-embed-core-10.1.30.jar:10.1.30]
	at org.springframework.web.filter.CharacterEncodingFilter.doFilterInternal(CharacterEncodingFilter.java:201) ~[spring-web-6.1.13.jar:6.1.13]
	at org.springframework.web.filter.OncePerRequestFilter.doFilter(OncePerRequestFilter.java:116) ~[spring-web-6.1.13.jar:6.1.13]
	at org.apache.catalina.core.ApplicationFilterChain.internalDoFilter(ApplicationFilterChain.java:164) ~[tomcat-embed-core-10.1.30.jar:10.1.30]
	at org.apache.catalina.core.ApplicationFilterChain.doFilter(ApplicationFilterChain.java:140) ~[tomcat-embed-core-10.1.30.jar:10.1.30]
	at org.apache.catalina.core.StandardWrapperValve.invoke(StandardWrapperValve.java:167) ~[tomcat-embed-core-10.1.30.jar:10.1.30]
	at org.apache.catalina.core.StandardContextValve.invoke(StandardContextValve.java:90) ~[tomcat-embed-core-10.1.30.jar:10.1.30]
	at org.apache.catalina.authenticator.AuthenticatorBase.invoke(AuthenticatorBase.java:483) ~[tomcat-embed-core-10.1.30.jar:10.1.30]
	at org.apache.catalina.core.StandardHostValve.invoke(StandardHostValve.java:115) ~[tomcat-embed-core-10.1.30.jar:10.1.30]
	at org.apache.catalina.valves.ErrorReportValve.invoke(ErrorReportValve.java:93) ~[tomcat-embed-core-10.1.30.jar:10.1.30]
	at org.apache.catalina.core.StandardEngineValve.invoke(StandardEngineValve.java:74) ~[tomcat-embed-core-10.1.30.jar:10.1.30]
	at org.apache.catalina.connector.CoyoteAdapter.service(CoyoteAdapter.java:344) ~[tomcat-embed-core-10.1.30.jar:10.1.30]
	at org.apache.coyote.http11.Http11Processor.service(Http11Processor.java:384) ~[tomcat-embed-core-10.1.30.jar:10.1.30]
	at org.apache.coyote.AbstractProcessorLight.process(AbstractProcessorLight.java:63) ~[tomcat-embed-core-10.1.30.jar:10.1.30]
	at org.apache.coyote.AbstractProtocol$ConnectionHandler.process(AbstractProtocol.java:905) ~[tomcat-embed-core-10.1.30.jar:10.1.30]
	at org.apache.tomcat.util.net.NioEndpoint$SocketProcessor.doRun(NioEndpoint.java:1741) ~[tomcat-embed-core-10.1.30.jar:10.1.30]
	at org.apache.tomcat.util.net.SocketProcessorBase.run(SocketProcessorBase.java:52) ~[tomcat-embed-core-10.1.30.jar:10.1.30]
	at org.apache.tomcat.util.threads.ThreadPoolExecutor.runWorker(ThreadPoolExecutor.java:1190) ~[tomcat-embed-core-10.1.30.jar:10.1.30]
	at org.apache.tomcat.util.threads.ThreadPoolExecutor$Worker.run(ThreadPoolExecutor.java:659) ~[tomcat-embed-core-10.1.30.jar:10.1.30]
	at org.apache.tomcat.util.threads.TaskThread$WrappingRunnable.run(TaskThread.java:63) ~[tomcat-embed-core-10.1.30.jar:10.1.30]
	at java.base/java.lang.Thread.run(Thread.java:1583) ~[na:na]

2025-01-14T20:14:54.590+01:00  INFO 65340 --- [competition-management-service] [http-nio-8084-exec-9] org.league.app.filter.JWTFilter          : Extracted email: ylopatkin@gmail.com
2025-01-14T20:14:54.590+01:00  INFO 65340 --- [competition-management-service] [http-nio-8084-exec-9] org.league.app.filter.JWTFilter          : User email: ylopatkin@gmail.com
2025-01-14T20:14:54.637+01:00 ERROR 65340 --- [competition-management-service] [http-nio-8084-exec-9] o.a.c.c.C.[.[.[/].[dispatcherServlet]    : Servlet.service() for servlet [dispatcherServlet] in context with path [] threw exception [Request processing failed: feign.FeignException$Forbidden: [403] during [GET] to [http://sport-service/api/sport/get-sports-by-name?sportName=Football] [SportClientFeign#findByNameSearch(String)]: []] with root cause

feign.FeignException$Forbidden: [403] during [GET] to [http://sport-service/api/sport/get-sports-by-name?sportName=Football] [SportClientFeign#findByNameSearch(String)]: []
	at feign.FeignException.clientErrorStatus(FeignException.java:226) ~[feign-core-13.3.jar:na]
	at feign.FeignException.errorStatus(FeignException.java:203) ~[feign-core-13.3.jar:na]
	at feign.FeignException.errorStatus(FeignException.java:194) ~[feign-core-13.3.jar:na]
	at feign.codec.ErrorDecoder$Default.decode(ErrorDecoder.java:103) ~[feign-core-13.3.jar:na]
	at feign.InvocationContext.decodeError(InvocationContext.java:126) ~[feign-core-13.3.jar:na]
	at feign.InvocationContext.proceed(InvocationContext.java:72) ~[feign-core-13.3.jar:na]
	at feign.ResponseHandler.handleResponse(ResponseHandler.java:63) ~[feign-core-13.3.jar:na]
	at feign.SynchronousMethodHandler.executeAndDecode(SynchronousMethodHandler.java:114) ~[feign-core-13.3.jar:na]
	at feign.SynchronousMethodHandler.invoke(SynchronousMethodHandler.java:70) ~[feign-core-13.3.jar:na]
	at feign.ReflectiveFeign$FeignInvocationHandler.invoke(ReflectiveFeign.java:99) ~[feign-core-13.3.jar:na]
	at jdk.proxy2/jdk.proxy2.$Proxy170.findByNameSearch(Unknown Source) ~[na:na]
	at org.league.app.service.GameSystemService.searchGameSystem(GameSystemService.java:66) ~[classes/:na]
	at java.base/jdk.internal.reflect.DirectMethodHandleAccessor.invoke(DirectMethodHandleAccessor.java:103) ~[na:na]
	at java.base/java.lang.reflect.Method.invoke(Method.java:580) ~[na:na]
	at org.springframework.aop.support.AopUtils.invokeJoinpointUsingReflection(AopUtils.java:355) ~[spring-aop-6.1.13.jar:6.1.13]
	at org.springframework.aop.framework.ReflectiveMethodInvocation.invokeJoinpoint(ReflectiveMethodInvocation.java:196) ~[spring-aop-6.1.13.jar:6.1.13]
	at org.springframework.aop.framework.ReflectiveMethodInvocation.proceed(ReflectiveMethodInvocation.java:163) ~[spring-aop-6.1.13.jar:6.1.13]
	at org.springframework.aop.framework.CglibAopProxy$CglibMethodInvocation.proceed(CglibAopProxy.java:768) ~[spring-aop-6.1.13.jar:6.1.13]
	at org.springframework.transaction.interceptor.TransactionAspectSupport.invokeWithinTransaction(TransactionAspectSupport.java:379) ~[spring-tx-6.1.13.jar:6.1.13]
	at org.springframework.transaction.interceptor.TransactionInterceptor.invoke(TransactionInterceptor.java:119) ~[spring-tx-6.1.13.jar:6.1.13]
	at org.springframework.aop.framework.ReflectiveMethodInvocation.proceed(ReflectiveMethodInvocation.java:184) ~[spring-aop-6.1.13.jar:6.1.13]
	at org.springframework.aop.framework.CglibAopProxy$CglibMethodInvocation.proceed(CglibAopProxy.java:768) ~[spring-aop-6.1.13.jar:6.1.13]
	at org.springframework.aop.framework.CglibAopProxy$DynamicAdvisedInterceptor.intercept(CglibAopProxy.java:720) ~[spring-aop-6.1.13.jar:6.1.13]
	at org.league.app.service.GameSystemService$$SpringCGLIB$$0.searchGameSystem(<generated>) ~[classes/:na]
	at org.league.app.controller.GameSystemController.searchGameSystem(GameSystemController.java:40) ~[classes/:na]
	at java.base/jdk.internal.reflect.DirectMethodHandleAccessor.invoke(DirectMethodHandleAccessor.java:103) ~[na:na]
	at java.base/java.lang.reflect.Method.invoke(Method.java:580) ~[na:na]
	at org.springframework.web.method.support.InvocableHandlerMethod.doInvoke(InvocableHandlerMethod.java:255) ~[spring-web-6.1.13.jar:6.1.13]
	at org.springframework.web.method.support.InvocableHandlerMethod.invokeForRequest(InvocableHandlerMethod.java:188) ~[spring-web-6.1.13.jar:6.1.13]
	at org.springframework.web.servlet.mvc.method.annotation.ServletInvocableHandlerMethod.invokeAndHandle(ServletInvocableHandlerMethod.java:118) ~[spring-webmvc-6.1.13.jar:6.1.13]
	at org.springframework.web.servlet.mvc.method.annotation.RequestMappingHandlerAdapter.invokeHandlerMethod(RequestMappingHandlerAdapter.java:926) ~[spring-webmvc-6.1.13.jar:6.1.13]
	at org.springframework.web.servlet.mvc.method.annotation.RequestMappingHandlerAdapter.handleInternal(RequestMappingHandlerAdapter.java:831) ~[spring-webmvc-6.1.13.jar:6.1.13]
	at org.springframework.web.servlet.mvc.method.AbstractHandlerMethodAdapter.handle(AbstractHandlerMethodAdapter.java:87) ~[spring-webmvc-6.1.13.jar:6.1.13]
	at org.springframework.web.servlet.DispatcherServlet.doDispatch(DispatcherServlet.java:1089) ~[spring-webmvc-6.1.13.jar:6.1.13]
	at org.springframework.web.servlet.DispatcherServlet.doService(DispatcherServlet.java:979) ~[spring-webmvc-6.1.13.jar:6.1.13]
	at org.springframework.web.servlet.FrameworkServlet.processRequest(FrameworkServlet.java:1014) ~[spring-webmvc-6.1.13.jar:6.1.13]
	at org.springframework.web.servlet.FrameworkServlet.doGet(FrameworkServlet.java:903) ~[spring-webmvc-6.1.13.jar:6.1.13]
	at jakarta.servlet.http.HttpServlet.service(HttpServlet.java:564) ~[tomcat-embed-core-10.1.30.jar:6.0]
	at org.springframework.web.servlet.FrameworkServlet.service(FrameworkServlet.java:885) ~[spring-webmvc-6.1.13.jar:6.1.13]
	at jakarta.servlet.http.HttpServlet.service(HttpServlet.java:658) ~[tomcat-embed-core-10.1.30.jar:6.0]
	at org.apache.catalina.core.ApplicationFilterChain.internalDoFilter(ApplicationFilterChain.java:195) ~[tomcat-embed-core-10.1.30.jar:10.1.30]
	at org.apache.catalina.core.ApplicationFilterChain.doFilter(ApplicationFilterChain.java:140) ~[tomcat-embed-core-10.1.30.jar:10.1.30]
	at org.apache.tomcat.websocket.server.WsFilter.doFilter(WsFilter.java:51) ~[tomcat-embed-websocket-10.1.30.jar:10.1.30]
	at org.apache.catalina.core.ApplicationFilterChain.internalDoFilter(ApplicationFilterChain.java:164) ~[tomcat-embed-core-10.1.30.jar:10.1.30]
	at org.apache.catalina.core.ApplicationFilterChain.doFilter(ApplicationFilterChain.java:140) ~[tomcat-embed-core-10.1.30.jar:10.1.30]
	at org.springframework.web.filter.OncePerRequestFilter.doFilter(OncePerRequestFilter.java:110) ~[spring-web-6.1.13.jar:6.1.13]
	at org.apache.catalina.core.ApplicationFilterChain.internalDoFilter(ApplicationFilterChain.java:164) ~[tomcat-embed-core-10.1.30.jar:10.1.30]
	at org.apache.catalina.core.ApplicationFilterChain.doFilter(ApplicationFilterChain.java:140) ~[tomcat-embed-core-10.1.30.jar:10.1.30]
	at org.springframework.web.filter.CompositeFilter$VirtualFilterChain.doFilter(CompositeFilter.java:108) ~[spring-web-6.1.13.jar:6.1.13]
	at org.springframework.security.web.FilterChainProxy.lambda$doFilterInternal$3(FilterChainProxy.java:231) ~[spring-security-web-6.3.3.jar:6.3.3]
	at org.springframework.security.web.ObservationFilterChainDecorator$FilterObservation$SimpleFilterObservation.lambda$wrap$1(ObservationFilterChainDecorator.java:479) ~[spring-security-web-6.3.3.jar:6.3.3]
	at org.springframework.security.web.ObservationFilterChainDecorator$AroundFilterObservation$SimpleAroundFilterObservation.lambda$wrap$1(ObservationFilterChainDecorator.java:340) ~[spring-security-web-6.3.3.jar:6.3.3]
	at org.springframework.security.web.ObservationFilterChainDecorator.lambda$wrapSecured$0(ObservationFilterChainDecorator.java:82) ~[spring-security-web-6.3.3.jar:6.3.3]
	at org.springframework.security.web.ObservationFilterChainDecorator$VirtualFilterChain.doFilter(ObservationFilterChainDecorator.java:128) ~[spring-security-web-6.3.3.jar:6.3.3]
	at org.springframework.security.web.access.intercept.AuthorizationFilter.doFilter(AuthorizationFilter.java:100) ~[spring-security-web-6.3.3.jar:6.3.3]
	at org.springframework.security.web.ObservationFilterChainDecorator$ObservationFilter.wrapFilter(ObservationFilterChainDecorator.java:240) ~[spring-security-web-6.3.3.jar:6.3.3]
	at org.springframework.security.web.ObservationFilterChainDecorator$ObservationFilter.doFilter(ObservationFilterChainDecorator.java:227) ~[spring-security-web-6.3.3.jar:6.3.3]
	at org.springframework.security.web.ObservationFilterChainDecorator$VirtualFilterChain.doFilter(ObservationFilterChainDecorator.java:137) ~[spring-security-web-6.3.3.jar:6.3.3]
	at org.springframework.security.web.access.ExceptionTranslationFilter.doFilter(ExceptionTranslationFilter.java:126) ~[spring-security-web-6.3.3.jar:6.3.3]
	at org.springframework.security.web.access.ExceptionTranslationFilter.doFilter(ExceptionTranslationFilter.java:120) ~[spring-security-web-6.3.3.jar:6.3.3]
	at org.springframework.security.web.ObservationFilterChainDecorator$ObservationFilter.wrapFilter(ObservationFilterChainDecorator.java:240) ~[spring-security-web-6.3.3.jar:6.3.3]
	at org.springframework.security.web.ObservationFilterChainDecorator$ObservationFilter.doFilter(ObservationFilterChainDecorator.java:227) ~[spring-security-web-6.3.3.jar:6.3.3]
	at org.springframework.security.web.ObservationFilterChainDecorator$VirtualFilterChain.doFilter(ObservationFilterChainDecorator.java:137) ~[spring-security-web-6.3.3.jar:6.3.3]
	at org.springframework.security.web.session.SessionManagementFilter.doFilter(SessionManagementFilter.java:131) ~[spring-security-web-6.3.3.jar:6.3.3]
	at org.springframework.security.web.session.SessionManagementFilter.doFilter(SessionManagementFilter.java:85) ~[spring-security-web-6.3.3.jar:6.3.3]
	at org.springframework.security.web.ObservationFilterChainDecorator$ObservationFilter.wrapFilter(ObservationFilterChainDecorator.java:240) ~[spring-security-web-6.3.3.jar:6.3.3]
	at org.springframework.security.web.ObservationFilterChainDecorator$ObservationFilter.doFilter(ObservationFilterChainDecorator.java:227) ~[spring-security-web-6.3.3.jar:6.3.3]
	at org.springframework.security.web.ObservationFilterChainDecorator$VirtualFilterChain.doFilter(ObservationFilterChainDecorator.java:137) ~[spring-security-web-6.3.3.jar:6.3.3]
	at org.springframework.security.web.authentication.AnonymousAuthenticationFilter.doFilter(AnonymousAuthenticationFilter.java:100) ~[spring-security-web-6.3.3.jar:6.3.3]
	at org.springframework.security.web.ObservationFilterChainDecorator$ObservationFilter.wrapFilter(ObservationFilterChainDecorator.java:240) ~[spring-security-web-6.3.3.jar:6.3.3]
	at org.springframework.security.web.ObservationFilterChainDecorator$ObservationFilter.doFilter(ObservationFilterChainDecorator.java:227) ~[spring-security-web-6.3.3.jar:6.3.3]
	at org.springframework.security.web.ObservationFilterChainDecorator$VirtualFilterChain.doFilter(ObservationFilterChainDecorator.java:137) ~[spring-security-web-6.3.3.jar:6.3.3]
	at org.springframework.security.web.servletapi.SecurityContextHolderAwareRequestFilter.doFilter(SecurityContextHolderAwareRequestFilter.java:179) ~[spring-security-web-6.3.3.jar:6.3.3]
	at org.springframework.security.web.ObservationFilterChainDecorator$ObservationFilter.wrapFilter(ObservationFilterChainDecorator.java:240) ~[spring-security-web-6.3.3.jar:6.3.3]
	at org.springframework.security.web.ObservationFilterChainDecorator$ObservationFilter.doFilter(ObservationFilterChainDecorator.java:227) ~[spring-security-web-6.3.3.jar:6.3.3]
	at org.springframework.security.web.ObservationFilterChainDecorator$VirtualFilterChain.doFilter(ObservationFilterChainDecorator.java:137) ~[spring-security-web-6.3.3.jar:6.3.3]
	at org.springframework.security.web.savedrequest.RequestCacheAwareFilter.doFilter(RequestCacheAwareFilter.java:63) ~[spring-security-web-6.3.3.jar:6.3.3]
	at org.springframework.security.web.ObservationFilterChainDecorator$ObservationFilter.wrapFilter(ObservationFilterChainDecorator.java:240) ~[spring-security-web-6.3.3.jar:6.3.3]
	at org.springframework.security.web.ObservationFilterChainDecorator$ObservationFilter.doFilter(ObservationFilterChainDecorator.java:227) ~[spring-security-web-6.3.3.jar:6.3.3]
	at org.springframework.security.web.ObservationFilterChainDecorator$VirtualFilterChain.doFilter(ObservationFilterChainDecorator.java:137) ~[spring-security-web-6.3.3.jar:6.3.3]
	at org.league.app.filter.JWTFilter.doFilterInternal(JWTFilter.java:78) ~[classes/:na]
	at org.springframework.web.filter.OncePerRequestFilter.doFilter(OncePerRequestFilter.java:116) ~[spring-web-6.1.13.jar:6.1.13]
	at org.springframework.security.web.ObservationFilterChainDecorator$ObservationFilter.wrapFilter(ObservationFilterChainDecorator.java:240) ~[spring-security-web-6.3.3.jar:6.3.3]
	at org.springframework.security.web.ObservationFilterChainDecorator$ObservationFilter.doFilter(ObservationFilterChainDecorator.java:227) ~[spring-security-web-6.3.3.jar:6.3.3]
	at org.springframework.security.web.ObservationFilterChainDecorator$VirtualFilterChain.doFilter(ObservationFilterChainDecorator.java:137) ~[spring-security-web-6.3.3.jar:6.3.3]
	at org.springframework.security.web.authentication.logout.LogoutFilter.doFilter(LogoutFilter.java:107) ~[spring-security-web-6.3.3.jar:6.3.3]
	at org.springframework.security.web.authentication.logout.LogoutFilter.doFilter(LogoutFilter.java:93) ~[spring-security-web-6.3.3.jar:6.3.3]
	at org.springframework.security.web.ObservationFilterChainDecorator$ObservationFilter.wrapFilter(ObservationFilterChainDecorator.java:240) ~[spring-security-web-6.3.3.jar:6.3.3]
	at org.springframework.security.web.ObservationFilterChainDecorator$ObservationFilter.doFilter(ObservationFilterChainDecorator.java:227) ~[spring-security-web-6.3.3.jar:6.3.3]
	at org.springframework.security.web.ObservationFilterChainDecorator$VirtualFilterChain.doFilter(ObservationFilterChainDecorator.java:137) ~[spring-security-web-6.3.3.jar:6.3.3]
	at org.springframework.security.web.header.HeaderWriterFilter.doHeadersAfter(HeaderWriterFilter.java:90) ~[spring-security-web-6.3.3.jar:6.3.3]
	at org.springframework.security.web.header.HeaderWriterFilter.doFilterInternal(HeaderWriterFilter.java:75) ~[spring-security-web-6.3.3.jar:6.3.3]
	at org.springframework.web.filter.OncePerRequestFilter.doFilter(OncePerRequestFilter.java:116) ~[spring-web-6.1.13.jar:6.1.13]
	at org.springframework.security.web.ObservationFilterChainDecorator$ObservationFilter.wrapFilter(ObservationFilterChainDecorator.java:240) ~[spring-security-web-6.3.3.jar:6.3.3]
	at org.springframework.security.web.ObservationFilterChainDecorator$ObservationFilter.doFilter(ObservationFilterChainDecorator.java:227) ~[spring-security-web-6.3.3.jar:6.3.3]
	at org.springframework.security.web.ObservationFilterChainDecorator$VirtualFilterChain.doFilter(ObservationFilterChainDecorator.java:137) ~[spring-security-web-6.3.3.jar:6.3.3]
	at org.springframework.security.web.context.SecurityContextHolderFilter.doFilter(SecurityContextHolderFilter.java:82) ~[spring-security-web-6.3.3.jar:6.3.3]
	at org.springframework.security.web.context.SecurityContextHolderFilter.doFilter(SecurityContextHolderFilter.java:69) ~[spring-security-web-6.3.3.jar:6.3.3]
	at org.springframework.security.web.ObservationFilterChainDecorator$ObservationFilter.wrapFilter(ObservationFilterChainDecorator.java:240) ~[spring-security-web-6.3.3.jar:6.3.3]
	at org.springframework.security.web.ObservationFilterChainDecorator$ObservationFilter.doFilter(ObservationFilterChainDecorator.java:227) ~[spring-security-web-6.3.3.jar:6.3.3]
	at org.springframework.security.web.ObservationFilterChainDecorator$VirtualFilterChain.doFilter(ObservationFilterChainDecorator.java:137) ~[spring-security-web-6.3.3.jar:6.3.3]
	at org.springframework.security.web.context.request.async.WebAsyncManagerIntegrationFilter.doFilterInternal(WebAsyncManagerIntegrationFilter.java:62) ~[spring-security-web-6.3.3.jar:6.3.3]
	at org.springframework.web.filter.OncePerRequestFilter.doFilter(OncePerRequestFilter.java:116) ~[spring-web-6.1.13.jar:6.1.13]
	at org.springframework.security.web.ObservationFilterChainDecorator$ObservationFilter.wrapFilter(ObservationFilterChainDecorator.java:240) ~[spring-security-web-6.3.3.jar:6.3.3]
	at org.springframework.security.web.ObservationFilterChainDecorator$ObservationFilter.doFilter(ObservationFilterChainDecorator.java:227) ~[spring-security-web-6.3.3.jar:6.3.3]
	at org.springframework.security.web.ObservationFilterChainDecorator$VirtualFilterChain.doFilter(ObservationFilterChainDecorator.java:137) ~[spring-security-web-6.3.3.jar:6.3.3]
	at org.springframework.security.web.session.DisableEncodeUrlFilter.doFilterInternal(DisableEncodeUrlFilter.java:42) ~[spring-security-web-6.3.3.jar:6.3.3]
	at org.springframework.web.filter.OncePerRequestFilter.doFilter(OncePerRequestFilter.java:116) ~[spring-web-6.1.13.jar:6.1.13]
	at org.springframework.security.web.ObservationFilterChainDecorator$ObservationFilter.wrapFilter(ObservationFilterChainDecorator.java:240) ~[spring-security-web-6.3.3.jar:6.3.3]
	at org.springframework.security.web.ObservationFilterChainDecorator$AroundFilterObservation$SimpleAroundFilterObservation.lambda$wrap$0(ObservationFilterChainDecorator.java:323) ~[spring-security-web-6.3.3.jar:6.3.3]
	at org.springframework.security.web.ObservationFilterChainDecorator$ObservationFilter.doFilter(ObservationFilterChainDecorator.java:224) ~[spring-security-web-6.3.3.jar:6.3.3]
	at org.springframework.security.web.ObservationFilterChainDecorator$VirtualFilterChain.doFilter(ObservationFilterChainDecorator.java:137) ~[spring-security-web-6.3.3.jar:6.3.3]
	at org.springframework.security.web.FilterChainProxy.doFilterInternal(FilterChainProxy.java:233) ~[spring-security-web-6.3.3.jar:6.3.3]
	at org.springframework.security.web.FilterChainProxy.doFilter(FilterChainProxy.java:191) ~[spring-security-web-6.3.3.jar:6.3.3]
	at org.springframework.web.filter.CompositeFilter$VirtualFilterChain.doFilter(CompositeFilter.java:113) ~[spring-web-6.1.13.jar:6.1.13]
	at org.springframework.web.servlet.handler.HandlerMappingIntrospector.lambda$createCacheFilter$3(HandlerMappingIntrospector.java:195) ~[spring-webmvc-6.1.13.jar:6.1.13]
	at org.springframework.web.filter.CompositeFilter$VirtualFilterChain.doFilter(CompositeFilter.java:113) ~[spring-web-6.1.13.jar:6.1.13]
	at org.springframework.web.filter.CompositeFilter.doFilter(CompositeFilter.java:74) ~[spring-web-6.1.13.jar:6.1.13]
	at org.springframework.security.config.annotation.web.configuration.WebMvcSecurityConfiguration$CompositeFilterChainProxy.doFilter(WebMvcSecurityConfiguration.java:230) ~[spring-security-config-6.3.3.jar:6.3.3]
	at org.springframework.web.filter.DelegatingFilterProxy.invokeDelegate(DelegatingFilterProxy.java:352) ~[spring-web-6.1.13.jar:6.1.13]
	at org.springframework.web.filter.DelegatingFilterProxy.doFilter(DelegatingFilterProxy.java:268) ~[spring-web-6.1.13.jar:6.1.13]
	at org.apache.catalina.core.ApplicationFilterChain.internalDoFilter(ApplicationFilterChain.java:164) ~[tomcat-embed-core-10.1.30.jar:10.1.30]
	at org.apache.catalina.core.ApplicationFilterChain.doFilter(ApplicationFilterChain.java:140) ~[tomcat-embed-core-10.1.30.jar:10.1.30]
	at org.springframework.web.filter.RequestContextFilter.doFilterInternal(RequestContextFilter.java:100) ~[spring-web-6.1.13.jar:6.1.13]
	at org.springframework.web.filter.OncePerRequestFilter.doFilter(OncePerRequestFilter.java:116) ~[spring-web-6.1.13.jar:6.1.13]
	at org.apache.catalina.core.ApplicationFilterChain.internalDoFilter(ApplicationFilterChain.java:164) ~[tomcat-embed-core-10.1.30.jar:10.1.30]
	at org.apache.catalina.core.ApplicationFilterChain.doFilter(ApplicationFilterChain.java:140) ~[tomcat-embed-core-10.1.30.jar:10.1.30]
	at org.springframework.web.filter.FormContentFilter.doFilterInternal(FormContentFilter.java:93) ~[spring-web-6.1.13.jar:6.1.13]
	at org.springframework.web.filter.OncePerRequestFilter.doFilter(OncePerRequestFilter.java:116) ~[spring-web-6.1.13.jar:6.1.13]
	at org.apache.catalina.core.ApplicationFilterChain.internalDoFilter(ApplicationFilterChain.java:164) ~[tomcat-embed-core-10.1.30.jar:10.1.30]
	at org.apache.catalina.core.ApplicationFilterChain.doFilter(ApplicationFilterChain.java:140) ~[tomcat-embed-core-10.1.30.jar:10.1.30]
	at org.springframework.web.filter.ServerHttpObservationFilter.doFilterInternal(ServerHttpObservationFilter.java:113) ~[spring-web-6.1.13.jar:6.1.13]
	at org.springframework.web.filter.OncePerRequestFilter.doFilter(OncePerRequestFilter.java:116) ~[spring-web-6.1.13.jar:6.1.13]
	at org.apache.catalina.core.ApplicationFilterChain.internalDoFilter(ApplicationFilterChain.java:164) ~[tomcat-embed-core-10.1.30.jar:10.1.30]
	at org.apache.catalina.core.ApplicationFilterChain.doFilter(ApplicationFilterChain.java:140) ~[tomcat-embed-core-10.1.30.jar:10.1.30]
	at org.springframework.web.filter.CharacterEncodingFilter.doFilterInternal(CharacterEncodingFilter.java:201) ~[spring-web-6.1.13.jar:6.1.13]
	at org.springframework.web.filter.OncePerRequestFilter.doFilter(OncePerRequestFilter.java:116) ~[spring-web-6.1.13.jar:6.1.13]
	at org.apache.catalina.core.ApplicationFilterChain.internalDoFilter(ApplicationFilterChain.java:164) ~[tomcat-embed-core-10.1.30.jar:10.1.30]
	at org.apache.catalina.core.ApplicationFilterChain.doFilter(ApplicationFilterChain.java:140) ~[tomcat-embed-core-10.1.30.jar:10.1.30]
	at org.apache.catalina.core.StandardWrapperValve.invoke(StandardWrapperValve.java:167) ~[tomcat-embed-core-10.1.30.jar:10.1.30]
	at org.apache.catalina.core.StandardContextValve.invoke(StandardContextValve.java:90) ~[tomcat-embed-core-10.1.30.jar:10.1.30]
	at org.apache.catalina.authenticator.AuthenticatorBase.invoke(AuthenticatorBase.java:483) ~[tomcat-embed-core-10.1.30.jar:10.1.30]
	at org.apache.catalina.core.StandardHostValve.invoke(StandardHostValve.java:115) ~[tomcat-embed-core-10.1.30.jar:10.1.30]
	at org.apache.catalina.valves.ErrorReportValve.invoke(ErrorReportValve.java:93) ~[tomcat-embed-core-10.1.30.jar:10.1.30]
	at org.apache.catalina.core.StandardEngineValve.invoke(StandardEngineValve.java:74) ~[tomcat-embed-core-10.1.30.jar:10.1.30]
	at org.apache.catalina.connector.CoyoteAdapter.service(CoyoteAdapter.java:344) ~[tomcat-embed-core-10.1.30.jar:10.1.30]
	at org.apache.coyote.http11.Http11Processor.service(Http11Processor.java:384) ~[tomcat-embed-core-10.1.30.jar:10.1.30]
	at org.apache.coyote.AbstractProcessorLight.process(AbstractProcessorLight.java:63) ~[tomcat-embed-core-10.1.30.jar:10.1.30]
	at org.apache.coyote.AbstractProtocol$ConnectionHandler.process(AbstractProtocol.java:905) ~[tomcat-embed-core-10.1.30.jar:10.1.30]
	at org.apache.tomcat.util.net.NioEndpoint$SocketProcessor.doRun(NioEndpoint.java:1741) ~[tomcat-embed-core-10.1.30.jar:10.1.30]
	at org.apache.tomcat.util.net.SocketProcessorBase.run(SocketProcessorBase.java:52) ~[tomcat-embed-core-10.1.30.jar:10.1.30]
	at org.apache.tomcat.util.threads.ThreadPoolExecutor.runWorker(ThreadPoolExecutor.java:1190) ~[tomcat-embed-core-10.1.30.jar:10.1.30]
	at org.apache.tomcat.util.threads.ThreadPoolExecutor$Worker.run(ThreadPoolExecutor.java:659) ~[tomcat-embed-core-10.1.30.jar:10.1.30]
	at org.apache.tomcat.util.threads.TaskThread$WrappingRunnable.run(TaskThread.java:63) ~[tomcat-embed-core-10.1.30.jar:10.1.30]
	at java.base/java.lang.Thread.run(Thread.java:1583) ~[na:na]

2025-01-14T20:17:07.197+01:00  INFO 65340 --- [competition-management-service] [http-nio-8084-exec-3] org.league.app.filter.JWTFilter          : Extracted email: ylopatkin@gmail.com
2025-01-14T20:17:07.197+01:00  INFO 65340 --- [competition-management-service] [http-nio-8084-exec-3] org.league.app.filter.JWTFilter          : User email: ylopatkin@gmail.com
2025-01-14T20:17:10.073+01:00  INFO 65340 --- [competition-management-service] [http-nio-8084-exec-5] org.league.app.filter.JWTFilter          : Extracted email: ylopatkin@gmail.com
2025-01-14T20:17:10.073+01:00  INFO 65340 --- [competition-management-service] [http-nio-8084-exec-5] org.league.app.filter.JWTFilter          : User email: ylopatkin@gmail.com
2025-01-14T20:17:12.409+01:00  INFO 65340 --- [competition-management-service] [http-nio-8084-exec-6] org.league.app.filter.JWTFilter          : Extracted email: ylopatkin@gmail.com
2025-01-14T20:17:12.409+01:00  INFO 65340 --- [competition-management-service] [http-nio-8084-exec-6] org.league.app.filter.JWTFilter          : User email: ylopatkin@gmail.com
2025-01-14T20:17:15.422+01:00  INFO 65340 --- [competition-management-service] [http-nio-8084-exec-8] org.league.app.filter.JWTFilter          : Extracted email: ylopatkin@gmail.com
2025-01-14T20:17:15.422+01:00  INFO 65340 --- [competition-management-service] [http-nio-8084-exec-8] org.league.app.filter.JWTFilter          : User email: ylopatkin@gmail.com
2025-01-14T20:17:19.048+01:00  INFO 65340 --- [competition-management-service] [http-nio-8084-exec-9] org.league.app.filter.JWTFilter          : Extracted email: ylopatkin@gmail.com
2025-01-14T20:17:19.048+01:00  INFO 65340 --- [competition-management-service] [http-nio-8084-exec-9] org.league.app.filter.JWTFilter          : User email: ylopatkin@gmail.com
2025-01-14T20:17:21.624+01:00  INFO 65340 --- [competition-management-service] [http-nio-8084-exec-10] org.league.app.filter.JWTFilter          : Extracted email: ylopatkin@gmail.com
2025-01-14T20:17:21.624+01:00  INFO 65340 --- [competition-management-service] [http-nio-8084-exec-10] org.league.app.filter.JWTFilter          : User email: ylopatkin@gmail.com
2025-01-14T20:17:27.040+01:00  INFO 65340 --- [competition-management-service] [http-nio-8084-exec-2] org.league.app.filter.JWTFilter          : Extracted email: ylopatkin@gmail.com
2025-01-14T20:17:27.042+01:00  INFO 65340 --- [competition-management-service] [http-nio-8084-exec-2] org.league.app.filter.JWTFilter          : User email: ylopatkin@gmail.com
2025-01-14T20:17:56.236+01:00  INFO 65340 --- [competition-management-service] [http-nio-8084-exec-6] org.league.app.filter.JWTFilter          : Extracted email: ylopatkin@gmail.com
2025-01-14T20:17:56.236+01:00  INFO 65340 --- [competition-management-service] [http-nio-8084-exec-6] org.league.app.filter.JWTFilter          : User email: ylopatkin@gmail.com
2025-01-14T20:17:58.733+01:00  INFO 65340 --- [competition-management-service] [http-nio-8084-exec-7] org.league.app.filter.JWTFilter          : Extracted email: ylopatkin@gmail.com
2025-01-14T20:17:58.733+01:00  INFO 65340 --- [competition-management-service] [http-nio-8084-exec-7] org.league.app.filter.JWTFilter          : User email: ylopatkin@gmail.com
2025-01-14T20:18:00.200+01:00  INFO 65340 --- [competition-management-service] [http-nio-8084-exec-8] org.league.app.filter.JWTFilter          : Extracted email: ylopatkin@gmail.com
2025-01-14T20:18:00.201+01:00  INFO 65340 --- [competition-management-service] [http-nio-8084-exec-8] org.league.app.filter.JWTFilter          : User email: ylopatkin@gmail.com
2025-01-14T20:18:01.591+01:00  INFO 65340 --- [competition-management-service] [http-nio-8084-exec-9] org.league.app.filter.JWTFilter          : Extracted email: ylopatkin@gmail.com
2025-01-14T20:18:01.591+01:00  INFO 65340 --- [competition-management-service] [http-nio-8084-exec-9] org.league.app.filter.JWTFilter          : User email: ylopatkin@gmail.com
2025-01-14T20:18:03.781+01:00  INFO 65340 --- [competition-management-service] [http-nio-8084-exec-10] org.league.app.filter.JWTFilter          : Extracted email: ylopatkin@gmail.com
2025-01-14T20:18:03.783+01:00  INFO 65340 --- [competition-management-service] [http-nio-8084-exec-10] org.league.app.filter.JWTFilter          : User email: ylopatkin@gmail.com
2025-01-14T20:18:06.068+01:00  INFO 65340 --- [competition-management-service] [http-nio-8084-exec-2] org.league.app.filter.JWTFilter          : Extracted email: ylopatkin@gmail.com
2025-01-14T20:18:06.068+01:00  INFO 65340 --- [competition-management-service] [http-nio-8084-exec-2] org.league.app.filter.JWTFilter          : User email: ylopatkin@gmail.com
2025-01-14T20:18:07.465+01:00  INFO 65340 --- [competition-management-service] [http-nio-8084-exec-4] org.league.app.filter.JWTFilter          : Extracted email: ylopatkin@gmail.com
2025-01-14T20:18:07.465+01:00  INFO 65340 --- [competition-management-service] [http-nio-8084-exec-4] org.league.app.filter.JWTFilter          : User email: ylopatkin@gmail.com
2025-01-14T20:18:08.654+01:00  INFO 65340 --- [competition-management-service] [http-nio-8084-exec-3] org.league.app.filter.JWTFilter          : Extracted email: ylopatkin@gmail.com
2025-01-14T20:18:08.654+01:00  INFO 65340 --- [competition-management-service] [http-nio-8084-exec-3] org.league.app.filter.JWTFilter          : User email: ylopatkin@gmail.com
2025-01-14T20:18:11.054+01:00  INFO 65340 --- [competition-management-service] [http-nio-8084-exec-5] org.league.app.filter.JWTFilter          : Extracted email: ylopatkin@gmail.com
2025-01-14T20:18:11.054+01:00  INFO 65340 --- [competition-management-service] [http-nio-8084-exec-5] org.league.app.filter.JWTFilter          : User email: ylopatkin@gmail.com
2025-01-14T20:18:12.059+01:00  INFO 65340 --- [competition-management-service] [http-nio-8084-exec-6] org.league.app.filter.JWTFilter          : Extracted email: ylopatkin@gmail.com
2025-01-14T20:18:12.059+01:00  INFO 65340 --- [competition-management-service] [http-nio-8084-exec-6] org.league.app.filter.JWTFilter          : User email: ylopatkin@gmail.com
2025-01-14T20:18:13.770+01:00  INFO 65340 --- [competition-management-service] [http-nio-8084-exec-7] org.league.app.filter.JWTFilter          : Extracted email: ylopatkin@gmail.com
2025-01-14T20:18:13.770+01:00  INFO 65340 --- [competition-management-service] [http-nio-8084-exec-7] org.league.app.filter.JWTFilter          : User email: ylopatkin@gmail.com
2025-01-14T20:18:16.470+01:00  INFO 65340 --- [competition-management-service] [http-nio-8084-exec-9] org.league.app.filter.JWTFilter          : Extracted email: ylopatkin@gmail.com
2025-01-14T20:18:16.470+01:00  INFO 65340 --- [competition-management-service] [http-nio-8084-exec-9] org.league.app.filter.JWTFilter          : User email: ylopatkin@gmail.com
2025-01-14T20:18:17.791+01:00  INFO 65340 --- [competition-management-service] [http-nio-8084-exec-10] org.league.app.filter.JWTFilter          : Extracted email: ylopatkin@gmail.com
2025-01-14T20:18:17.792+01:00  INFO 65340 --- [competition-management-service] [http-nio-8084-exec-10] org.league.app.filter.JWTFilter          : User email: ylopatkin@gmail.com
2025-01-14T20:18:21.736+01:00  INFO 65340 --- [competition-management-service] [http-nio-8084-exec-1] org.league.app.filter.JWTFilter          : Extracted email: ylopatkin@gmail.com
2025-01-14T20:18:21.736+01:00  INFO 65340 --- [competition-management-service] [http-nio-8084-exec-1] org.league.app.filter.JWTFilter          : User email: ylopatkin@gmail.com
2025-01-14T20:18:23.393+01:00  INFO 65340 --- [competition-management-service] [http-nio-8084-exec-2] org.league.app.filter.JWTFilter          : Extracted email: ylopatkin@gmail.com
2025-01-14T20:18:23.394+01:00  INFO 65340 --- [competition-management-service] [http-nio-8084-exec-2] org.league.app.filter.JWTFilter          : User email: ylopatkin@gmail.com
2025-01-14T20:18:24.750+01:00  INFO 65340 --- [competition-management-service] [http-nio-8084-exec-3] org.league.app.filter.JWTFilter          : Extracted email: ylopatkin@gmail.com
2025-01-14T20:18:24.750+01:00  INFO 65340 --- [competition-management-service] [http-nio-8084-exec-3] org.league.app.filter.JWTFilter          : User email: ylopatkin@gmail.com
2025-01-14T20:18:25.494+01:00  INFO 65340 --- [competition-management-service] [http-nio-8084-exec-5] org.league.app.filter.JWTFilter          : Extracted email: ylopatkin@gmail.com
2025-01-14T20:18:25.494+01:00  INFO 65340 --- [competition-management-service] [http-nio-8084-exec-5] org.league.app.filter.JWTFilter          : User email: ylopatkin@gmail.com
2025-01-14T20:28:49.106+01:00  INFO 65340 --- [competition-management-service] [http-nio-8084-exec-9] org.league.app.filter.JWTFilter          : Extracted email: ylopatkin@gmail.com
2025-01-14T20:28:49.106+01:00  INFO 65340 --- [competition-management-service] [http-nio-8084-exec-9] org.league.app.filter.JWTFilter          : User email: ylopatkin@gmail.com
2025-01-14T20:28:49.138+01:00  INFO 65340 --- [competition-management-service] [http-nio-8084-exec-9] o.league.app.service.GameSystemService   : Deleting game system: GameSystem(id=1, sportId=1, systemName=5v5 Tournament, rules=Standard rules apply. Overtime allowed in case of a draw., minTeamSize=5, maxTeamSize=10, playersPerTeam=5, allowSubs=true, maxSubs=3, isIndividual=false, minAge=18, maxAge=35, createdAt=2025-01-09T23:55:14.304475, updatedAt=2025-01-09T23:55:14.304475)
2025-01-14T20:28:51.890+01:00  INFO 65340 --- [competition-management-service] [http-nio-8084-exec-10] org.league.app.filter.JWTFilter          : Extracted email: ylopatkin@gmail.com
2025-01-14T20:28:51.890+01:00  INFO 65340 --- [competition-management-service] [http-nio-8084-exec-10] org.league.app.filter.JWTFilter          : User email: ylopatkin@gmail.com
2025-01-14T20:28:51.915+01:00 ERROR 65340 --- [competition-management-service] [http-nio-8084-exec-10] o.a.c.c.C.[.[.[/].[dispatcherServlet]    : Servlet.service() for servlet [dispatcherServlet] in context with path [] threw exception [Request processing failed: org.league.app.exception.GameSystemNotFoundException: Game system not found] with root cause

org.league.app.exception.GameSystemNotFoundException: Game system not found
	at org.league.app.service.GameSystemService.lambda$deleteGameSystemById$2(GameSystemService.java:55) ~[classes/:na]
	at java.base/java.util.Optional.orElseThrow(Optional.java:403) ~[na:na]
	at org.league.app.service.GameSystemService.deleteGameSystemById(GameSystemService.java:55) ~[classes/:na]
	at java.base/jdk.internal.reflect.DirectMethodHandleAccessor.invoke(DirectMethodHandleAccessor.java:103) ~[na:na]
	at java.base/java.lang.reflect.Method.invoke(Method.java:580) ~[na:na]
	at org.springframework.aop.support.AopUtils.invokeJoinpointUsingReflection(AopUtils.java:355) ~[spring-aop-6.1.13.jar:6.1.13]
	at org.springframework.aop.framework.ReflectiveMethodInvocation.invokeJoinpoint(ReflectiveMethodInvocation.java:196) ~[spring-aop-6.1.13.jar:6.1.13]
	at org.springframework.aop.framework.ReflectiveMethodInvocation.proceed(ReflectiveMethodInvocation.java:163) ~[spring-aop-6.1.13.jar:6.1.13]
	at org.springframework.aop.framework.CglibAopProxy$CglibMethodInvocation.proceed(CglibAopProxy.java:768) ~[spring-aop-6.1.13.jar:6.1.13]
	at org.springframework.transaction.interceptor.TransactionAspectSupport.invokeWithinTransaction(TransactionAspectSupport.java:379) ~[spring-tx-6.1.13.jar:6.1.13]
	at org.springframework.transaction.interceptor.TransactionInterceptor.invoke(TransactionInterceptor.java:119) ~[spring-tx-6.1.13.jar:6.1.13]
	at org.springframework.aop.framework.ReflectiveMethodInvocation.proceed(ReflectiveMethodInvocation.java:184) ~[spring-aop-6.1.13.jar:6.1.13]
	at org.springframework.aop.framework.CglibAopProxy$CglibMethodInvocation.proceed(CglibAopProxy.java:768) ~[spring-aop-6.1.13.jar:6.1.13]
	at org.springframework.aop.framework.CglibAopProxy$DynamicAdvisedInterceptor.intercept(CglibAopProxy.java:720) ~[spring-aop-6.1.13.jar:6.1.13]
	at org.league.app.service.GameSystemService$$SpringCGLIB$$0.deleteGameSystemById(<generated>) ~[classes/:na]
	at org.league.app.controller.GameSystemController.deleteGameSystem(GameSystemController.java:33) ~[classes/:na]
	at java.base/jdk.internal.reflect.DirectMethodHandleAccessor.invoke(DirectMethodHandleAccessor.java:103) ~[na:na]
	at java.base/java.lang.reflect.Method.invoke(Method.java:580) ~[na:na]
	at org.springframework.web.method.support.InvocableHandlerMethod.doInvoke(InvocableHandlerMethod.java:255) ~[spring-web-6.1.13.jar:6.1.13]
	at org.springframework.web.method.support.InvocableHandlerMethod.invokeForRequest(InvocableHandlerMethod.java:188) ~[spring-web-6.1.13.jar:6.1.13]
	at org.springframework.web.servlet.mvc.method.annotation.ServletInvocableHandlerMethod.invokeAndHandle(ServletInvocableHandlerMethod.java:118) ~[spring-webmvc-6.1.13.jar:6.1.13]
	at org.springframework.web.servlet.mvc.method.annotation.RequestMappingHandlerAdapter.invokeHandlerMethod(RequestMappingHandlerAdapter.java:926) ~[spring-webmvc-6.1.13.jar:6.1.13]
	at org.springframework.web.servlet.mvc.method.annotation.RequestMappingHandlerAdapter.handleInternal(RequestMappingHandlerAdapter.java:831) ~[spring-webmvc-6.1.13.jar:6.1.13]
	at org.springframework.web.servlet.mvc.method.AbstractHandlerMethodAdapter.handle(AbstractHandlerMethodAdapter.java:87) ~[spring-webmvc-6.1.13.jar:6.1.13]
	at org.springframework.web.servlet.DispatcherServlet.doDispatch(DispatcherServlet.java:1089) ~[spring-webmvc-6.1.13.jar:6.1.13]
	at org.springframework.web.servlet.DispatcherServlet.doService(DispatcherServlet.java:979) ~[spring-webmvc-6.1.13.jar:6.1.13]
	at org.springframework.web.servlet.FrameworkServlet.processRequest(FrameworkServlet.java:1014) ~[spring-webmvc-6.1.13.jar:6.1.13]
	at org.springframework.web.servlet.FrameworkServlet.doDelete(FrameworkServlet.java:936) ~[spring-webmvc-6.1.13.jar:6.1.13]
	at jakarta.servlet.http.HttpServlet.service(HttpServlet.java:596) ~[tomcat-embed-core-10.1.30.jar:6.0]
	at org.springframework.web.servlet.FrameworkServlet.service(FrameworkServlet.java:885) ~[spring-webmvc-6.1.13.jar:6.1.13]
	at jakarta.servlet.http.HttpServlet.service(HttpServlet.java:658) ~[tomcat-embed-core-10.1.30.jar:6.0]
	at org.apache.catalina.core.ApplicationFilterChain.internalDoFilter(ApplicationFilterChain.java:195) ~[tomcat-embed-core-10.1.30.jar:10.1.30]
	at org.apache.catalina.core.ApplicationFilterChain.doFilter(ApplicationFilterChain.java:140) ~[tomcat-embed-core-10.1.30.jar:10.1.30]
	at org.apache.tomcat.websocket.server.WsFilter.doFilter(WsFilter.java:51) ~[tomcat-embed-websocket-10.1.30.jar:10.1.30]
	at org.apache.catalina.core.ApplicationFilterChain.internalDoFilter(ApplicationFilterChain.java:164) ~[tomcat-embed-core-10.1.30.jar:10.1.30]
	at org.apache.catalina.core.ApplicationFilterChain.doFilter(ApplicationFilterChain.java:140) ~[tomcat-embed-core-10.1.30.jar:10.1.30]
	at org.springframework.web.filter.OncePerRequestFilter.doFilter(OncePerRequestFilter.java:110) ~[spring-web-6.1.13.jar:6.1.13]
	at org.apache.catalina.core.ApplicationFilterChain.internalDoFilter(ApplicationFilterChain.java:164) ~[tomcat-embed-core-10.1.30.jar:10.1.30]
	at org.apache.catalina.core.ApplicationFilterChain.doFilter(ApplicationFilterChain.java:140) ~[tomcat-embed-core-10.1.30.jar:10.1.30]
	at org.springframework.web.filter.CompositeFilter$VirtualFilterChain.doFilter(CompositeFilter.java:108) ~[spring-web-6.1.13.jar:6.1.13]
	at org.springframework.security.web.FilterChainProxy.lambda$doFilterInternal$3(FilterChainProxy.java:231) ~[spring-security-web-6.3.3.jar:6.3.3]
	at org.springframework.security.web.ObservationFilterChainDecorator$FilterObservation$SimpleFilterObservation.lambda$wrap$1(ObservationFilterChainDecorator.java:479) ~[spring-security-web-6.3.3.jar:6.3.3]
	at org.springframework.security.web.ObservationFilterChainDecorator$AroundFilterObservation$SimpleAroundFilterObservation.lambda$wrap$1(ObservationFilterChainDecorator.java:340) ~[spring-security-web-6.3.3.jar:6.3.3]
	at org.springframework.security.web.ObservationFilterChainDecorator.lambda$wrapSecured$0(ObservationFilterChainDecorator.java:82) ~[spring-security-web-6.3.3.jar:6.3.3]
	at org.springframework.security.web.ObservationFilterChainDecorator$VirtualFilterChain.doFilter(ObservationFilterChainDecorator.java:128) ~[spring-security-web-6.3.3.jar:6.3.3]
	at org.springframework.security.web.access.intercept.AuthorizationFilter.doFilter(AuthorizationFilter.java:100) ~[spring-security-web-6.3.3.jar:6.3.3]
	at org.springframework.security.web.ObservationFilterChainDecorator$ObservationFilter.wrapFilter(ObservationFilterChainDecorator.java:240) ~[spring-security-web-6.3.3.jar:6.3.3]
	at org.springframework.security.web.ObservationFilterChainDecorator$ObservationFilter.doFilter(ObservationFilterChainDecorator.java:227) ~[spring-security-web-6.3.3.jar:6.3.3]
	at org.springframework.security.web.ObservationFilterChainDecorator$VirtualFilterChain.doFilter(ObservationFilterChainDecorator.java:137) ~[spring-security-web-6.3.3.jar:6.3.3]
	at org.springframework.security.web.access.ExceptionTranslationFilter.doFilter(ExceptionTranslationFilter.java:126) ~[spring-security-web-6.3.3.jar:6.3.3]
	at org.springframework.security.web.access.ExceptionTranslationFilter.doFilter(ExceptionTranslationFilter.java:120) ~[spring-security-web-6.3.3.jar:6.3.3]
	at org.springframework.security.web.ObservationFilterChainDecorator$ObservationFilter.wrapFilter(ObservationFilterChainDecorator.java:240) ~[spring-security-web-6.3.3.jar:6.3.3]
	at org.springframework.security.web.ObservationFilterChainDecorator$ObservationFilter.doFilter(ObservationFilterChainDecorator.java:227) ~[spring-security-web-6.3.3.jar:6.3.3]
	at org.springframework.security.web.ObservationFilterChainDecorator$VirtualFilterChain.doFilter(ObservationFilterChainDecorator.java:137) ~[spring-security-web-6.3.3.jar:6.3.3]
	at org.springframework.security.web.session.SessionManagementFilter.doFilter(SessionManagementFilter.java:131) ~[spring-security-web-6.3.3.jar:6.3.3]
	at org.springframework.security.web.session.SessionManagementFilter.doFilter(SessionManagementFilter.java:85) ~[spring-security-web-6.3.3.jar:6.3.3]
	at org.springframework.security.web.ObservationFilterChainDecorator$ObservationFilter.wrapFilter(ObservationFilterChainDecorator.java:240) ~[spring-security-web-6.3.3.jar:6.3.3]
	at org.springframework.security.web.ObservationFilterChainDecorator$ObservationFilter.doFilter(ObservationFilterChainDecorator.java:227) ~[spring-security-web-6.3.3.jar:6.3.3]
	at org.springframework.security.web.ObservationFilterChainDecorator$VirtualFilterChain.doFilter(ObservationFilterChainDecorator.java:137) ~[spring-security-web-6.3.3.jar:6.3.3]
	at org.springframework.security.web.authentication.AnonymousAuthenticationFilter.doFilter(AnonymousAuthenticationFilter.java:100) ~[spring-security-web-6.3.3.jar:6.3.3]
	at org.springframework.security.web.ObservationFilterChainDecorator$ObservationFilter.wrapFilter(ObservationFilterChainDecorator.java:240) ~[spring-security-web-6.3.3.jar:6.3.3]
	at org.springframework.security.web.ObservationFilterChainDecorator$ObservationFilter.doFilter(ObservationFilterChainDecorator.java:227) ~[spring-security-web-6.3.3.jar:6.3.3]
	at org.springframework.security.web.ObservationFilterChainDecorator$VirtualFilterChain.doFilter(ObservationFilterChainDecorator.java:137) ~[spring-security-web-6.3.3.jar:6.3.3]
	at org.springframework.security.web.servletapi.SecurityContextHolderAwareRequestFilter.doFilter(SecurityContextHolderAwareRequestFilter.java:179) ~[spring-security-web-6.3.3.jar:6.3.3]
	at org.springframework.security.web.ObservationFilterChainDecorator$ObservationFilter.wrapFilter(ObservationFilterChainDecorator.java:240) ~[spring-security-web-6.3.3.jar:6.3.3]
	at org.springframework.security.web.ObservationFilterChainDecorator$ObservationFilter.doFilter(ObservationFilterChainDecorator.java:227) ~[spring-security-web-6.3.3.jar:6.3.3]
	at org.springframework.security.web.ObservationFilterChainDecorator$VirtualFilterChain.doFilter(ObservationFilterChainDecorator.java:137) ~[spring-security-web-6.3.3.jar:6.3.3]
	at org.springframework.security.web.savedrequest.RequestCacheAwareFilter.doFilter(RequestCacheAwareFilter.java:63) ~[spring-security-web-6.3.3.jar:6.3.3]
	at org.springframework.security.web.ObservationFilterChainDecorator$ObservationFilter.wrapFilter(ObservationFilterChainDecorator.java:240) ~[spring-security-web-6.3.3.jar:6.3.3]
	at org.springframework.security.web.ObservationFilterChainDecorator$ObservationFilter.doFilter(ObservationFilterChainDecorator.java:227) ~[spring-security-web-6.3.3.jar:6.3.3]
	at org.springframework.security.web.ObservationFilterChainDecorator$VirtualFilterChain.doFilter(ObservationFilterChainDecorator.java:137) ~[spring-security-web-6.3.3.jar:6.3.3]
	at org.league.app.filter.JWTFilter.doFilterInternal(JWTFilter.java:78) ~[classes/:na]
	at org.springframework.web.filter.OncePerRequestFilter.doFilter(OncePerRequestFilter.java:116) ~[spring-web-6.1.13.jar:6.1.13]
	at org.springframework.security.web.ObservationFilterChainDecorator$ObservationFilter.wrapFilter(ObservationFilterChainDecorator.java:240) ~[spring-security-web-6.3.3.jar:6.3.3]
	at org.springframework.security.web.ObservationFilterChainDecorator$ObservationFilter.doFilter(ObservationFilterChainDecorator.java:227) ~[spring-security-web-6.3.3.jar:6.3.3]
	at org.springframework.security.web.ObservationFilterChainDecorator$VirtualFilterChain.doFilter(ObservationFilterChainDecorator.java:137) ~[spring-security-web-6.3.3.jar:6.3.3]
	at org.springframework.security.web.authentication.logout.LogoutFilter.doFilter(LogoutFilter.java:107) ~[spring-security-web-6.3.3.jar:6.3.3]
	at org.springframework.security.web.authentication.logout.LogoutFilter.doFilter(LogoutFilter.java:93) ~[spring-security-web-6.3.3.jar:6.3.3]
	at org.springframework.security.web.ObservationFilterChainDecorator$ObservationFilter.wrapFilter(ObservationFilterChainDecorator.java:240) ~[spring-security-web-6.3.3.jar:6.3.3]
	at org.springframework.security.web.ObservationFilterChainDecorator$ObservationFilter.doFilter(ObservationFilterChainDecorator.java:227) ~[spring-security-web-6.3.3.jar:6.3.3]
	at org.springframework.security.web.ObservationFilterChainDecorator$VirtualFilterChain.doFilter(ObservationFilterChainDecorator.java:137) ~[spring-security-web-6.3.3.jar:6.3.3]
	at org.springframework.security.web.header.HeaderWriterFilter.doHeadersAfter(HeaderWriterFilter.java:90) ~[spring-security-web-6.3.3.jar:6.3.3]
	at org.springframework.security.web.header.HeaderWriterFilter.doFilterInternal(HeaderWriterFilter.java:75) ~[spring-security-web-6.3.3.jar:6.3.3]
	at org.springframework.web.filter.OncePerRequestFilter.doFilter(OncePerRequestFilter.java:116) ~[spring-web-6.1.13.jar:6.1.13]
	at org.springframework.security.web.ObservationFilterChainDecorator$ObservationFilter.wrapFilter(ObservationFilterChainDecorator.java:240) ~[spring-security-web-6.3.3.jar:6.3.3]
	at org.springframework.security.web.ObservationFilterChainDecorator$ObservationFilter.doFilter(ObservationFilterChainDecorator.java:227) ~[spring-security-web-6.3.3.jar:6.3.3]
	at org.springframework.security.web.ObservationFilterChainDecorator$VirtualFilterChain.doFilter(ObservationFilterChainDecorator.java:137) ~[spring-security-web-6.3.3.jar:6.3.3]
	at org.springframework.security.web.context.SecurityContextHolderFilter.doFilter(SecurityContextHolderFilter.java:82) ~[spring-security-web-6.3.3.jar:6.3.3]
	at org.springframework.security.web.context.SecurityContextHolderFilter.doFilter(SecurityContextHolderFilter.java:69) ~[spring-security-web-6.3.3.jar:6.3.3]
	at org.springframework.security.web.ObservationFilterChainDecorator$ObservationFilter.wrapFilter(ObservationFilterChainDecorator.java:240) ~[spring-security-web-6.3.3.jar:6.3.3]
	at org.springframework.security.web.ObservationFilterChainDecorator$ObservationFilter.doFilter(ObservationFilterChainDecorator.java:227) ~[spring-security-web-6.3.3.jar:6.3.3]
	at org.springframework.security.web.ObservationFilterChainDecorator$VirtualFilterChain.doFilter(ObservationFilterChainDecorator.java:137) ~[spring-security-web-6.3.3.jar:6.3.3]
	at org.springframework.security.web.context.request.async.WebAsyncManagerIntegrationFilter.doFilterInternal(WebAsyncManagerIntegrationFilter.java:62) ~[spring-security-web-6.3.3.jar:6.3.3]
	at org.springframework.web.filter.OncePerRequestFilter.doFilter(OncePerRequestFilter.java:116) ~[spring-web-6.1.13.jar:6.1.13]
	at org.springframework.security.web.ObservationFilterChainDecorator$ObservationFilter.wrapFilter(ObservationFilterChainDecorator.java:240) ~[spring-security-web-6.3.3.jar:6.3.3]
	at org.springframework.security.web.ObservationFilterChainDecorator$ObservationFilter.doFilter(ObservationFilterChainDecorator.java:227) ~[spring-security-web-6.3.3.jar:6.3.3]
	at org.springframework.security.web.ObservationFilterChainDecorator$VirtualFilterChain.doFilter(ObservationFilterChainDecorator.java:137) ~[spring-security-web-6.3.3.jar:6.3.3]
	at org.springframework.security.web.session.DisableEncodeUrlFilter.doFilterInternal(DisableEncodeUrlFilter.java:42) ~[spring-security-web-6.3.3.jar:6.3.3]
	at org.springframework.web.filter.OncePerRequestFilter.doFilter(OncePerRequestFilter.java:116) ~[spring-web-6.1.13.jar:6.1.13]
	at org.springframework.security.web.ObservationFilterChainDecorator$ObservationFilter.wrapFilter(ObservationFilterChainDecorator.java:240) ~[spring-security-web-6.3.3.jar:6.3.3]
	at org.springframework.security.web.ObservationFilterChainDecorator$AroundFilterObservation$SimpleAroundFilterObservation.lambda$wrap$0(ObservationFilterChainDecorator.java:323) ~[spring-security-web-6.3.3.jar:6.3.3]
	at org.springframework.security.web.ObservationFilterChainDecorator$ObservationFilter.doFilter(ObservationFilterChainDecorator.java:224) ~[spring-security-web-6.3.3.jar:6.3.3]
	at org.springframework.security.web.ObservationFilterChainDecorator$VirtualFilterChain.doFilter(ObservationFilterChainDecorator.java:137) ~[spring-security-web-6.3.3.jar:6.3.3]
	at org.springframework.security.web.FilterChainProxy.doFilterInternal(FilterChainProxy.java:233) ~[spring-security-web-6.3.3.jar:6.3.3]
	at org.springframework.security.web.FilterChainProxy.doFilter(FilterChainProxy.java:191) ~[spring-security-web-6.3.3.jar:6.3.3]
	at org.springframework.web.filter.CompositeFilter$VirtualFilterChain.doFilter(CompositeFilter.java:113) ~[spring-web-6.1.13.jar:6.1.13]
	at org.springframework.web.servlet.handler.HandlerMappingIntrospector.lambda$createCacheFilter$3(HandlerMappingIntrospector.java:195) ~[spring-webmvc-6.1.13.jar:6.1.13]
	at org.springframework.web.filter.CompositeFilter$VirtualFilterChain.doFilter(CompositeFilter.java:113) ~[spring-web-6.1.13.jar:6.1.13]
	at org.springframework.web.filter.CompositeFilter.doFilter(CompositeFilter.java:74) ~[spring-web-6.1.13.jar:6.1.13]
	at org.springframework.security.config.annotation.web.configuration.WebMvcSecurityConfiguration$CompositeFilterChainProxy.doFilter(WebMvcSecurityConfiguration.java:230) ~[spring-security-config-6.3.3.jar:6.3.3]
	at org.springframework.web.filter.DelegatingFilterProxy.invokeDelegate(DelegatingFilterProxy.java:352) ~[spring-web-6.1.13.jar:6.1.13]
	at org.springframework.web.filter.DelegatingFilterProxy.doFilter(DelegatingFilterProxy.java:268) ~[spring-web-6.1.13.jar:6.1.13]
	at org.apache.catalina.core.ApplicationFilterChain.internalDoFilter(ApplicationFilterChain.java:164) ~[tomcat-embed-core-10.1.30.jar:10.1.30]
	at org.apache.catalina.core.ApplicationFilterChain.doFilter(ApplicationFilterChain.java:140) ~[tomcat-embed-core-10.1.30.jar:10.1.30]
	at org.springframework.web.filter.RequestContextFilter.doFilterInternal(RequestContextFilter.java:100) ~[spring-web-6.1.13.jar:6.1.13]
	at org.springframework.web.filter.OncePerRequestFilter.doFilter(OncePerRequestFilter.java:116) ~[spring-web-6.1.13.jar:6.1.13]
	at org.apache.catalina.core.ApplicationFilterChain.internalDoFilter(ApplicationFilterChain.java:164) ~[tomcat-embed-core-10.1.30.jar:10.1.30]
	at org.apache.catalina.core.ApplicationFilterChain.doFilter(ApplicationFilterChain.java:140) ~[tomcat-embed-core-10.1.30.jar:10.1.30]
	at org.springframework.web.filter.FormContentFilter.doFilterInternal(FormContentFilter.java:93) ~[spring-web-6.1.13.jar:6.1.13]
	at org.springframework.web.filter.OncePerRequestFilter.doFilter(OncePerRequestFilter.java:116) ~[spring-web-6.1.13.jar:6.1.13]
	at org.apache.catalina.core.ApplicationFilterChain.internalDoFilter(ApplicationFilterChain.java:164) ~[tomcat-embed-core-10.1.30.jar:10.1.30]
	at org.apache.catalina.core.ApplicationFilterChain.doFilter(ApplicationFilterChain.java:140) ~[tomcat-embed-core-10.1.30.jar:10.1.30]
	at org.springframework.web.filter.ServerHttpObservationFilter.doFilterInternal(ServerHttpObservationFilter.java:113) ~[spring-web-6.1.13.jar:6.1.13]
	at org.springframework.web.filter.OncePerRequestFilter.doFilter(OncePerRequestFilter.java:116) ~[spring-web-6.1.13.jar:6.1.13]
	at org.apache.catalina.core.ApplicationFilterChain.internalDoFilter(ApplicationFilterChain.java:164) ~[tomcat-embed-core-10.1.30.jar:10.1.30]
	at org.apache.catalina.core.ApplicationFilterChain.doFilter(ApplicationFilterChain.java:140) ~[tomcat-embed-core-10.1.30.jar:10.1.30]
	at org.springframework.web.filter.CharacterEncodingFilter.doFilterInternal(CharacterEncodingFilter.java:201) ~[spring-web-6.1.13.jar:6.1.13]
	at org.springframework.web.filter.OncePerRequestFilter.doFilter(OncePerRequestFilter.java:116) ~[spring-web-6.1.13.jar:6.1.13]
	at org.apache.catalina.core.ApplicationFilterChain.internalDoFilter(ApplicationFilterChain.java:164) ~[tomcat-embed-core-10.1.30.jar:10.1.30]
	at org.apache.catalina.core.ApplicationFilterChain.doFilter(ApplicationFilterChain.java:140) ~[tomcat-embed-core-10.1.30.jar:10.1.30]
	at org.apache.catalina.core.StandardWrapperValve.invoke(StandardWrapperValve.java:167) ~[tomcat-embed-core-10.1.30.jar:10.1.30]
	at org.apache.catalina.core.StandardContextValve.invoke(StandardContextValve.java:90) ~[tomcat-embed-core-10.1.30.jar:10.1.30]
	at org.apache.catalina.authenticator.AuthenticatorBase.invoke(AuthenticatorBase.java:483) ~[tomcat-embed-core-10.1.30.jar:10.1.30]
	at org.apache.catalina.core.StandardHostValve.invoke(StandardHostValve.java:115) ~[tomcat-embed-core-10.1.30.jar:10.1.30]
	at org.apache.catalina.valves.ErrorReportValve.invoke(ErrorReportValve.java:93) ~[tomcat-embed-core-10.1.30.jar:10.1.30]
	at org.apache.catalina.core.StandardEngineValve.invoke(StandardEngineValve.java:74) ~[tomcat-embed-core-10.1.30.jar:10.1.30]
	at org.apache.catalina.connector.CoyoteAdapter.service(CoyoteAdapter.java:344) ~[tomcat-embed-core-10.1.30.jar:10.1.30]
	at org.apache.coyote.http11.Http11Processor.service(Http11Processor.java:384) ~[tomcat-embed-core-10.1.30.jar:10.1.30]
	at org.apache.coyote.AbstractProcessorLight.process(AbstractProcessorLight.java:63) ~[tomcat-embed-core-10.1.30.jar:10.1.30]
	at org.apache.coyote.AbstractProtocol$ConnectionHandler.process(AbstractProtocol.java:905) ~[tomcat-embed-core-10.1.30.jar:10.1.30]
	at org.apache.tomcat.util.net.NioEndpoint$SocketProcessor.doRun(NioEndpoint.java:1741) ~[tomcat-embed-core-10.1.30.jar:10.1.30]
	at org.apache.tomcat.util.net.SocketProcessorBase.run(SocketProcessorBase.java:52) ~[tomcat-embed-core-10.1.30.jar:10.1.30]
	at org.apache.tomcat.util.threads.ThreadPoolExecutor.runWorker(ThreadPoolExecutor.java:1190) ~[tomcat-embed-core-10.1.30.jar:10.1.30]
	at org.apache.tomcat.util.threads.ThreadPoolExecutor$Worker.run(ThreadPoolExecutor.java:659) ~[tomcat-embed-core-10.1.30.jar:10.1.30]
	at org.apache.tomcat.util.threads.TaskThread$WrappingRunnable.run(TaskThread.java:63) ~[tomcat-embed-core-10.1.30.jar:10.1.30]
	at java.base/java.lang.Thread.run(Thread.java:1583) ~[na:na]

2025-01-14T22:33:05.058+01:00  INFO 65340 --- [competition-management-service] [SpringApplicationShutdownHook] j.LocalContainerEntityManagerFactoryBean : Closing JPA EntityManagerFactory for persistence unit 'default'
2025-01-14T22:33:05.074+01:00  INFO 65340 --- [competition-management-service] [SpringApplicationShutdownHook] com.zaxxer.hikari.HikariDataSource       : HikariPool-1 - Shutdown initiated...
2025-01-14T22:33:05.097+01:00  INFO 65340 --- [competition-management-service] [SpringApplicationShutdownHook] com.zaxxer.hikari.HikariDataSource       : HikariPool-1 - Shutdown completed.
2025-01-14T22:33:05.100+01:00  INFO 65340 --- [competition-management-service] [SpringApplicationShutdownHook] o.s.c.c.s.ConsulServiceRegistry          : Deregistering service with consul: competition-management-service-8084
2025-01-14T22:33:13.591+01:00  INFO 56220 --- [competition-management-service] [main] .CompetitionManagementServiceApplication : Starting CompetitionManagementServiceApplication using Java 21.0.5 with PID 56220 (E:\important\ProLeagueManager\backend\competition-management-service\target\classes started by ylopa in E:\important\ProLeagueManager)
2025-01-14T22:33:13.596+01:00  INFO 56220 --- [competition-management-service] [main] .CompetitionManagementServiceApplication : No active profile set, falling back to 1 default profile: "default"
2025-01-14T22:33:15.122+01:00  INFO 56220 --- [competition-management-service] [main] .s.d.r.c.RepositoryConfigurationDelegate : Bootstrapping Spring Data JPA repositories in DEFAULT mode.
2025-01-14T22:33:15.298+01:00  INFO 56220 --- [competition-management-service] [main] .s.d.r.c.RepositoryConfigurationDelegate : Finished Spring Data repository scanning in 167 ms. Found 4 JPA repository interfaces.
2025-01-14T22:33:15.610+01:00  INFO 56220 --- [competition-management-service] [main] o.s.cloud.context.scope.GenericScope     : BeanFactory id=b2ebbacf-eead-341b-9a7c-8800e3b32452
2025-01-14T22:33:16.066+01:00  WARN 56220 --- [competition-management-service] [main] trationDelegate$BeanPostProcessorChecker : Bean 'org.springframework.cloud.client.loadbalancer.LoadBalancerAutoConfiguration$DeferringLoadBalancerInterceptorConfig' of type [org.springframework.cloud.client.loadbalancer.LoadBalancerAutoConfiguration$DeferringLoadBalancerInterceptorConfig] is not eligible for getting processed by all BeanPostProcessors (for example: not eligible for auto-proxying). The currently created BeanPostProcessor [lbRestClientPostProcessor] is declared through a non-static factory method on that class; consider declaring it as static instead.
2025-01-14T22:33:16.074+01:00  WARN 56220 --- [competition-management-service] [main] trationDelegate$BeanPostProcessorChecker : Bean 'deferringLoadBalancerInterceptor' of type [org.springframework.cloud.client.loadbalancer.DeferringLoadBalancerInterceptor] is not eligible for getting processed by all BeanPostProcessors (for example: not eligible for auto-proxying). Is this bean getting eagerly injected into a currently created BeanPostProcessor [lbRestClientPostProcessor]? Check the corresponding BeanPostProcessor declaration and its dependencies.
2025-01-14T22:33:16.379+01:00  INFO 56220 --- [competition-management-service] [main] o.s.b.w.embedded.tomcat.TomcatWebServer  : Tomcat initialized with port 8084 (http)
2025-01-14T22:33:16.395+01:00  INFO 56220 --- [competition-management-service] [main] o.apache.catalina.core.StandardService   : Starting service [Tomcat]
2025-01-14T22:33:16.395+01:00  INFO 56220 --- [competition-management-service] [main] o.apache.catalina.core.StandardEngine    : Starting Servlet engine: [Apache Tomcat/10.1.30]
2025-01-14T22:33:16.486+01:00  INFO 56220 --- [competition-management-service] [main] o.a.c.c.C.[Tomcat].[localhost].[/]       : Initializing Spring embedded WebApplicationContext
2025-01-14T22:33:16.486+01:00  INFO 56220 --- [competition-management-service] [main] w.s.c.ServletWebServerApplicationContext : Root WebApplicationContext: initialization completed in 2818 ms
2025-01-14T22:33:16.738+01:00  INFO 56220 --- [competition-management-service] [main] o.s.c.openfeign.FeignClientFactoryBean   : For 'user-service' URL not provided. Will try picking an instance via load-balancing.
2025-01-14T22:33:17.278+01:00  INFO 56220 --- [competition-management-service] [main] o.hibernate.jpa.internal.util.LogHelper  : HHH000204: Processing PersistenceUnitInfo [name: default]
2025-01-14T22:33:17.330+01:00  INFO 56220 --- [competition-management-service] [main] org.hibernate.Version                    : HHH000412: Hibernate ORM core version 6.5.3.Final
2025-01-14T22:33:17.361+01:00  INFO 56220 --- [competition-management-service] [main] o.h.c.internal.RegionFactoryInitiator    : HHH000026: Second-level cache disabled
2025-01-14T22:33:17.641+01:00  INFO 56220 --- [competition-management-service] [main] o.s.o.j.p.SpringPersistenceUnitInfo      : No LoadTimeWeaver setup: ignoring JPA class transformer
2025-01-14T22:33:17.669+01:00  INFO 56220 --- [competition-management-service] [main] com.zaxxer.hikari.HikariDataSource       : HikariPool-1 - Starting...
2025-01-14T22:33:17.897+01:00  INFO 56220 --- [competition-management-service] [main] com.zaxxer.hikari.pool.HikariPool        : HikariPool-1 - Added connection org.postgresql.jdbc.PgConnection@5039c2cf
2025-01-14T22:33:17.899+01:00  INFO 56220 --- [competition-management-service] [main] com.zaxxer.hikari.HikariDataSource       : HikariPool-1 - Start completed.
2025-01-14T22:33:18.928+01:00  INFO 56220 --- [competition-management-service] [main] o.h.e.t.j.p.i.JtaPlatformInitiator       : HHH000489: No JTA platform available (set 'hibernate.transaction.jta.platform' to enable JTA platform integration)
2025-01-14T22:33:19.146+01:00  INFO 56220 --- [competition-management-service] [main] j.LocalContainerEntityManagerFactoryBean : Initialized JPA EntityManagerFactory for persistence unit 'default'
2025-01-14T22:33:19.622+01:00  INFO 56220 --- [competition-management-service] [main] o.s.c.openfeign.FeignClientFactoryBean   : For 'sport-service' URL not provided. Will try picking an instance via load-balancing.
2025-01-14T22:33:19.685+01:00  WARN 56220 --- [competition-management-service] [main] .s.s.UserDetailsServiceAutoConfiguration : 

Using generated security password: f3926c83-6e74-48da-aa00-d77ea8919bc9

This generated password is for development use only. Your security configuration must be updated before running your application in production.

2025-01-14T22:33:19.700+01:00  INFO 56220 --- [competition-management-service] [main] r$InitializeUserDetailsManagerConfigurer : Global AuthenticationManager configured with UserDetailsService bean with name inMemoryUserDetailsManager
2025-01-14T22:33:20.278+01:00  INFO 56220 --- [competition-management-service] [main] o.s.b.a.e.web.EndpointLinksResolver      : Exposing 1 endpoint beneath base path '/actuator'
2025-01-14T22:33:20.847+01:00  WARN 56220 --- [competition-management-service] [main] iguration$LoadBalancerCaffeineWarnLogger : Spring Cloud LoadBalancer is currently working with the default cache. While this cache implementation is useful for development and tests, it's recommended to use Caffeine cache in production.You can switch to using Caffeine cache, by adding it and org.springframework.cache.caffeine.CaffeineCacheManager to the classpath.
2025-01-14T22:33:20.968+01:00  INFO 56220 --- [competition-management-service] [main] o.s.b.w.embedded.tomcat.TomcatWebServer  : Tomcat started on port 8084 (http) with context path '/'
2025-01-14T22:33:20.970+01:00  INFO 56220 --- [competition-management-service] [main] o.s.c.c.s.ConsulServiceRegistry          : Registering service with consul: NewService{id='competition-management-service-8084', name='competition-management-service', tags=[], address='100.106.2.30', meta={secure=false}, port=8084, enableTagOverride=null, check=Check{script='null', dockerContainerID='null', shell='null', interval='10s', ttl='null', http='http://100.106.2.30:8084/actuator/health', method='null', header={}, tcp='null', timeout='null', deregisterCriticalServiceAfter='null', tlsSkipVerify=null, status='null', grpc='null', grpcUseTLS=null}, checks=null}
2025-01-14T22:33:21.005+01:00  INFO 56220 --- [competition-management-service] [main] .CompetitionManagementServiceApplication : Started CompetitionManagementServiceApplication in 8.682 seconds (process running for 9.75)
2025-01-14T22:33:21.660+01:00  INFO 56220 --- [competition-management-service] [RMI TCP Connection(2)-172.25.208.1] o.a.c.c.C.[Tomcat].[localhost].[/]       : Initializing Spring DispatcherServlet 'dispatcherServlet'
2025-01-14T22:33:21.660+01:00  INFO 56220 --- [competition-management-service] [RMI TCP Connection(2)-172.25.208.1] o.s.web.servlet.DispatcherServlet        : Initializing Servlet 'dispatcherServlet'
2025-01-14T22:33:21.664+01:00  INFO 56220 --- [competition-management-service] [RMI TCP Connection(2)-172.25.208.1] o.s.web.servlet.DispatcherServlet        : Completed initialization in 3 ms
2025-01-14T22:35:57.344+01:00  INFO 56220 --- [competition-management-service] [http-nio-8084-exec-7] org.league.app.filter.JWTFilter          : Extracted email: ylopatkin@gmail.com
2025-01-14T22:35:57.344+01:00  INFO 56220 --- [competition-management-service] [http-nio-8084-exec-7] org.league.app.filter.JWTFilter          : User email: ylopatkin@gmail.com
2025-01-14T22:43:32.704+01:00  INFO 56220 --- [competition-management-service] [SpringApplicationShutdownHook] j.LocalContainerEntityManagerFactoryBean : Closing JPA EntityManagerFactory for persistence unit 'default'
2025-01-14T22:43:32.709+01:00  INFO 56220 --- [competition-management-service] [SpringApplicationShutdownHook] com.zaxxer.hikari.HikariDataSource       : HikariPool-1 - Shutdown initiated...
2025-01-14T22:43:32.722+01:00  INFO 56220 --- [competition-management-service] [SpringApplicationShutdownHook] com.zaxxer.hikari.HikariDataSource       : HikariPool-1 - Shutdown completed.
2025-01-14T22:43:32.723+01:00  INFO 56220 --- [competition-management-service] [SpringApplicationShutdownHook] o.s.c.c.s.ConsulServiceRegistry          : Deregistering service with consul: competition-management-service-8084
2025-01-14T22:44:12.242+01:00  INFO 53572 --- [competition-management-service] [main] .CompetitionManagementServiceApplication : Starting CompetitionManagementServiceApplication using Java 21.0.5 with PID 53572 (E:\important\ProLeagueManager\backend\competition-management-service\target\classes started by ylopa in E:\important\ProLeagueManager)
2025-01-14T22:44:12.245+01:00  INFO 53572 --- [competition-management-service] [main] .CompetitionManagementServiceApplication : No active profile set, falling back to 1 default profile: "default"
2025-01-14T22:44:13.794+01:00  INFO 53572 --- [competition-management-service] [main] .s.d.r.c.RepositoryConfigurationDelegate : Bootstrapping Spring Data JPA repositories in DEFAULT mode.
2025-01-14T22:44:14.091+01:00  INFO 53572 --- [competition-management-service] [main] .s.d.r.c.RepositoryConfigurationDelegate : Finished Spring Data repository scanning in 287 ms. Found 4 JPA repository interfaces.
2025-01-14T22:44:14.634+01:00  INFO 53572 --- [competition-management-service] [main] o.s.cloud.context.scope.GenericScope     : BeanFactory id=b2ebbacf-eead-341b-9a7c-8800e3b32452
2025-01-14T22:44:15.218+01:00  WARN 53572 --- [competition-management-service] [main] trationDelegate$BeanPostProcessorChecker : Bean 'org.springframework.cloud.client.loadbalancer.LoadBalancerAutoConfiguration$DeferringLoadBalancerInterceptorConfig' of type [org.springframework.cloud.client.loadbalancer.LoadBalancerAutoConfiguration$DeferringLoadBalancerInterceptorConfig] is not eligible for getting processed by all BeanPostProcessors (for example: not eligible for auto-proxying). The currently created BeanPostProcessor [lbRestClientPostProcessor] is declared through a non-static factory method on that class; consider declaring it as static instead.
2025-01-14T22:44:15.225+01:00  WARN 53572 --- [competition-management-service] [main] trationDelegate$BeanPostProcessorChecker : Bean 'deferringLoadBalancerInterceptor' of type [org.springframework.cloud.client.loadbalancer.DeferringLoadBalancerInterceptor] is not eligible for getting processed by all BeanPostProcessors (for example: not eligible for auto-proxying). Is this bean getting eagerly injected into a currently created BeanPostProcessor [lbRestClientPostProcessor]? Check the corresponding BeanPostProcessor declaration and its dependencies.
2025-01-14T22:44:15.771+01:00  INFO 53572 --- [competition-management-service] [main] o.s.b.w.embedded.tomcat.TomcatWebServer  : Tomcat initialized with port 8084 (http)
2025-01-14T22:44:15.809+01:00  INFO 53572 --- [competition-management-service] [main] o.apache.catalina.core.StandardService   : Starting service [Tomcat]
2025-01-14T22:44:15.810+01:00  INFO 53572 --- [competition-management-service] [main] o.apache.catalina.core.StandardEngine    : Starting Servlet engine: [Apache Tomcat/10.1.30]
2025-01-14T22:44:15.968+01:00  INFO 53572 --- [competition-management-service] [main] o.a.c.c.C.[Tomcat].[localhost].[/]       : Initializing Spring embedded WebApplicationContext
2025-01-14T22:44:15.969+01:00  INFO 53572 --- [competition-management-service] [main] w.s.c.ServletWebServerApplicationContext : Root WebApplicationContext: initialization completed in 3663 ms
2025-01-14T22:44:16.401+01:00  INFO 53572 --- [competition-management-service] [main] o.s.c.openfeign.FeignClientFactoryBean   : For 'user-service' URL not provided. Will try picking an instance via load-balancing.
2025-01-14T22:44:17.213+01:00  INFO 53572 --- [competition-management-service] [main] o.hibernate.jpa.internal.util.LogHelper  : HHH000204: Processing PersistenceUnitInfo [name: default]
2025-01-14T22:44:17.301+01:00  INFO 53572 --- [competition-management-service] [main] org.hibernate.Version                    : HHH000412: Hibernate ORM core version 6.5.3.Final
2025-01-14T22:44:17.341+01:00  INFO 53572 --- [competition-management-service] [main] o.h.c.internal.RegionFactoryInitiator    : HHH000026: Second-level cache disabled
2025-01-14T22:44:17.834+01:00  INFO 53572 --- [competition-management-service] [main] o.s.o.j.p.SpringPersistenceUnitInfo      : No LoadTimeWeaver setup: ignoring JPA class transformer
2025-01-14T22:44:17.875+01:00  INFO 53572 --- [competition-management-service] [main] com.zaxxer.hikari.HikariDataSource       : HikariPool-1 - Starting...
2025-01-14T22:44:18.132+01:00  INFO 53572 --- [competition-management-service] [main] com.zaxxer.hikari.pool.HikariPool        : HikariPool-1 - Added connection org.postgresql.jdbc.PgConnection@5039c2cf
2025-01-14T22:44:18.134+01:00  INFO 53572 --- [competition-management-service] [main] com.zaxxer.hikari.HikariDataSource       : HikariPool-1 - Start completed.
2025-01-14T22:44:19.516+01:00  INFO 53572 --- [competition-management-service] [main] o.h.e.t.j.p.i.JtaPlatformInitiator       : HHH000489: No JTA platform available (set 'hibernate.transaction.jta.platform' to enable JTA platform integration)
2025-01-14T22:44:19.775+01:00  INFO 53572 --- [competition-management-service] [main] j.LocalContainerEntityManagerFactoryBean : Initialized JPA EntityManagerFactory for persistence unit 'default'
2025-01-14T22:44:20.251+01:00  INFO 53572 --- [competition-management-service] [main] o.s.c.openfeign.FeignClientFactoryBean   : For 'sport-service' URL not provided. Will try picking an instance via load-balancing.
2025-01-14T22:44:20.317+01:00  WARN 53572 --- [competition-management-service] [main] .s.s.UserDetailsServiceAutoConfiguration : 

Using generated security password: d87fcfbb-7ccb-4b67-b958-8844df7b3304

This generated password is for development use only. Your security configuration must be updated before running your application in production.

2025-01-14T22:44:20.335+01:00  INFO 53572 --- [competition-management-service] [main] r$InitializeUserDetailsManagerConfigurer : Global AuthenticationManager configured with UserDetailsService bean with name inMemoryUserDetailsManager
2025-01-14T22:44:20.876+01:00  INFO 53572 --- [competition-management-service] [main] o.s.b.a.e.web.EndpointLinksResolver      : Exposing 1 endpoint beneath base path '/actuator'
2025-01-14T22:44:21.429+01:00  WARN 53572 --- [competition-management-service] [main] iguration$LoadBalancerCaffeineWarnLogger : Spring Cloud LoadBalancer is currently working with the default cache. While this cache implementation is useful for development and tests, it's recommended to use Caffeine cache in production.You can switch to using Caffeine cache, by adding it and org.springframework.cache.caffeine.CaffeineCacheManager to the classpath.
2025-01-14T22:44:21.527+01:00  INFO 53572 --- [competition-management-service] [main] o.s.b.w.embedded.tomcat.TomcatWebServer  : Tomcat started on port 8084 (http) with context path '/'
2025-01-14T22:44:21.530+01:00  INFO 53572 --- [competition-management-service] [main] o.s.c.c.s.ConsulServiceRegistry          : Registering service with consul: NewService{id='competition-management-service-8084', name='competition-management-service', tags=[], address='100.106.2.30', meta={secure=false}, port=8084, enableTagOverride=null, check=Check{script='null', dockerContainerID='null', shell='null', interval='10s', ttl='null', http='http://100.106.2.30:8084/actuator/health', method='null', header={}, tcp='null', timeout='null', deregisterCriticalServiceAfter='null', tlsSkipVerify=null, status='null', grpc='null', grpcUseTLS=null}, checks=null}
2025-01-14T22:44:21.570+01:00  INFO 53572 --- [competition-management-service] [main] .CompetitionManagementServiceApplication : Started CompetitionManagementServiceApplication in 10.484 seconds (process running for 11.561)
2025-01-14T22:44:22.200+01:00  INFO 53572 --- [competition-management-service] [RMI TCP Connection(4)-172.25.208.1] o.a.c.c.C.[Tomcat].[localhost].[/]       : Initializing Spring DispatcherServlet 'dispatcherServlet'
2025-01-14T22:44:22.201+01:00  INFO 53572 --- [competition-management-service] [RMI TCP Connection(4)-172.25.208.1] o.s.web.servlet.DispatcherServlet        : Initializing Servlet 'dispatcherServlet'
2025-01-14T22:44:22.203+01:00  INFO 53572 --- [competition-management-service] [RMI TCP Connection(4)-172.25.208.1] o.s.web.servlet.DispatcherServlet        : Completed initialization in 2 ms
2025-01-14T22:44:41.334+01:00  INFO 53572 --- [competition-management-service] [http-nio-8084-exec-3] org.league.app.filter.JWTFilter          : Extracted email: ylopatkin@gmail.com
2025-01-14T22:44:41.335+01:00  INFO 53572 --- [competition-management-service] [http-nio-8084-exec-3] org.league.app.filter.JWTFilter          : User email: ylopatkin@gmail.com
2025-01-14T22:51:14.610+01:00  INFO 53572 --- [competition-management-service] [SpringApplicationShutdownHook] j.LocalContainerEntityManagerFactoryBean : Closing JPA EntityManagerFactory for persistence unit 'default'
2025-01-14T22:51:14.613+01:00  INFO 53572 --- [competition-management-service] [SpringApplicationShutdownHook] com.zaxxer.hikari.HikariDataSource       : HikariPool-1 - Shutdown initiated...
2025-01-14T22:51:14.620+01:00  INFO 53572 --- [competition-management-service] [SpringApplicationShutdownHook] com.zaxxer.hikari.HikariDataSource       : HikariPool-1 - Shutdown completed.
2025-01-14T22:51:14.622+01:00  INFO 53572 --- [competition-management-service] [SpringApplicationShutdownHook] o.s.c.c.s.ConsulServiceRegistry          : Deregistering service with consul: competition-management-service-8084
2025-01-14T22:51:23.055+01:00  INFO 40480 --- [competition-management-service] [main] .CompetitionManagementServiceApplication : Starting CompetitionManagementServiceApplication using Java 21.0.5 with PID 40480 (E:\important\ProLeagueManager\backend\competition-management-service\target\classes started by ylopa in E:\important\ProLeagueManager)
2025-01-14T22:51:23.057+01:00  INFO 40480 --- [competition-management-service] [main] .CompetitionManagementServiceApplication : No active profile set, falling back to 1 default profile: "default"
2025-01-14T22:51:23.947+01:00  INFO 40480 --- [competition-management-service] [main] .s.d.r.c.RepositoryConfigurationDelegate : Bootstrapping Spring Data JPA repositories in DEFAULT mode.
2025-01-14T22:51:24.085+01:00  INFO 40480 --- [competition-management-service] [main] .s.d.r.c.RepositoryConfigurationDelegate : Finished Spring Data repository scanning in 131 ms. Found 4 JPA repository interfaces.
2025-01-14T22:51:24.333+01:00  INFO 40480 --- [competition-management-service] [main] o.s.cloud.context.scope.GenericScope     : BeanFactory id=b2ebbacf-eead-341b-9a7c-8800e3b32452
2025-01-14T22:51:24.633+01:00  WARN 40480 --- [competition-management-service] [main] trationDelegate$BeanPostProcessorChecker : Bean 'org.springframework.cloud.client.loadbalancer.LoadBalancerAutoConfiguration$DeferringLoadBalancerInterceptorConfig' of type [org.springframework.cloud.client.loadbalancer.LoadBalancerAutoConfiguration$DeferringLoadBalancerInterceptorConfig] is not eligible for getting processed by all BeanPostProcessors (for example: not eligible for auto-proxying). The currently created BeanPostProcessor [lbRestClientPostProcessor] is declared through a non-static factory method on that class; consider declaring it as static instead.
2025-01-14T22:51:24.636+01:00  WARN 40480 --- [competition-management-service] [main] trationDelegate$BeanPostProcessorChecker : Bean 'deferringLoadBalancerInterceptor' of type [org.springframework.cloud.client.loadbalancer.DeferringLoadBalancerInterceptor] is not eligible for getting processed by all BeanPostProcessors (for example: not eligible for auto-proxying). Is this bean getting eagerly injected into a currently created BeanPostProcessor [lbRestClientPostProcessor]? Check the corresponding BeanPostProcessor declaration and its dependencies.
2025-01-14T22:51:24.925+01:00  INFO 40480 --- [competition-management-service] [main] o.s.b.w.embedded.tomcat.TomcatWebServer  : Tomcat initialized with port 8084 (http)
2025-01-14T22:51:24.941+01:00  INFO 40480 --- [competition-management-service] [main] o.apache.catalina.core.StandardService   : Starting service [Tomcat]
2025-01-14T22:51:24.942+01:00  INFO 40480 --- [competition-management-service] [main] o.apache.catalina.core.StandardEngine    : Starting Servlet engine: [Apache Tomcat/10.1.30]
2025-01-14T22:51:25.017+01:00  INFO 40480 --- [competition-management-service] [main] o.a.c.c.C.[Tomcat].[localhost].[/]       : Initializing Spring embedded WebApplicationContext
2025-01-14T22:51:25.019+01:00  INFO 40480 --- [competition-management-service] [main] w.s.c.ServletWebServerApplicationContext : Root WebApplicationContext: initialization completed in 1920 ms
2025-01-14T22:51:25.259+01:00  INFO 40480 --- [competition-management-service] [main] o.s.c.openfeign.FeignClientFactoryBean   : For 'user-service' URL not provided. Will try picking an instance via load-balancing.
2025-01-14T22:51:25.692+01:00  INFO 40480 --- [competition-management-service] [main] o.hibernate.jpa.internal.util.LogHelper  : HHH000204: Processing PersistenceUnitInfo [name: default]
2025-01-14T22:51:25.755+01:00  INFO 40480 --- [competition-management-service] [main] org.hibernate.Version                    : HHH000412: Hibernate ORM core version 6.5.3.Final
2025-01-14T22:51:25.790+01:00  INFO 40480 --- [competition-management-service] [main] o.h.c.internal.RegionFactoryInitiator    : HHH000026: Second-level cache disabled
2025-01-14T22:51:26.067+01:00  INFO 40480 --- [competition-management-service] [main] o.s.o.j.p.SpringPersistenceUnitInfo      : No LoadTimeWeaver setup: ignoring JPA class transformer
2025-01-14T22:51:26.099+01:00  INFO 40480 --- [competition-management-service] [main] com.zaxxer.hikari.HikariDataSource       : HikariPool-1 - Starting...
2025-01-14T22:51:26.256+01:00  INFO 40480 --- [competition-management-service] [main] com.zaxxer.hikari.pool.HikariPool        : HikariPool-1 - Added connection org.postgresql.jdbc.PgConnection@7d49fe37
2025-01-14T22:51:26.257+01:00  INFO 40480 --- [competition-management-service] [main] com.zaxxer.hikari.HikariDataSource       : HikariPool-1 - Start completed.
2025-01-14T22:51:27.284+01:00  INFO 40480 --- [competition-management-service] [main] o.h.e.t.j.p.i.JtaPlatformInitiator       : HHH000489: No JTA platform available (set 'hibernate.transaction.jta.platform' to enable JTA platform integration)
2025-01-14T22:51:27.439+01:00  INFO 40480 --- [competition-management-service] [main] j.LocalContainerEntityManagerFactoryBean : Initialized JPA EntityManagerFactory for persistence unit 'default'
2025-01-14T22:51:27.804+01:00  INFO 40480 --- [competition-management-service] [main] o.s.c.openfeign.FeignClientFactoryBean   : For 'sport-service' URL not provided. Will try picking an instance via load-balancing.
2025-01-14T22:51:27.880+01:00  WARN 40480 --- [competition-management-service] [main] .s.s.UserDetailsServiceAutoConfiguration : 

Using generated security password: c2fb377f-d249-4996-95b2-bb3b764a2f44

This generated password is for development use only. Your security configuration must be updated before running your application in production.

2025-01-14T22:51:27.894+01:00  INFO 40480 --- [competition-management-service] [main] r$InitializeUserDetailsManagerConfigurer : Global AuthenticationManager configured with UserDetailsService bean with name inMemoryUserDetailsManager
2025-01-14T22:51:28.339+01:00  INFO 40480 --- [competition-management-service] [main] o.s.b.a.e.web.EndpointLinksResolver      : Exposing 1 endpoint beneath base path '/actuator'
2025-01-14T22:51:28.905+01:00  WARN 40480 --- [competition-management-service] [main] iguration$LoadBalancerCaffeineWarnLogger : Spring Cloud LoadBalancer is currently working with the default cache. While this cache implementation is useful for development and tests, it's recommended to use Caffeine cache in production.You can switch to using Caffeine cache, by adding it and org.springframework.cache.caffeine.CaffeineCacheManager to the classpath.
2025-01-14T22:51:29.016+01:00  INFO 40480 --- [competition-management-service] [main] o.s.b.w.embedded.tomcat.TomcatWebServer  : Tomcat started on port 8084 (http) with context path '/'
2025-01-14T22:51:29.019+01:00  INFO 40480 --- [competition-management-service] [main] o.s.c.c.s.ConsulServiceRegistry          : Registering service with consul: NewService{id='competition-management-service-8084', name='competition-management-service', tags=[], address='100.106.2.30', meta={secure=false}, port=8084, enableTagOverride=null, check=Check{script='null', dockerContainerID='null', shell='null', interval='10s', ttl='null', http='http://100.106.2.30:8084/actuator/health', method='null', header={}, tcp='null', timeout='null', deregisterCriticalServiceAfter='null', tlsSkipVerify=null, status='null', grpc='null', grpcUseTLS=null}, checks=null}
2025-01-14T22:51:29.059+01:00  INFO 40480 --- [competition-management-service] [main] .CompetitionManagementServiceApplication : Started CompetitionManagementServiceApplication in 6.848 seconds (process running for 7.667)
2025-01-14T22:51:29.404+01:00  INFO 40480 --- [competition-management-service] [RMI TCP Connection(1)-172.25.208.1] o.a.c.c.C.[Tomcat].[localhost].[/]       : Initializing Spring DispatcherServlet 'dispatcherServlet'
2025-01-14T22:51:29.404+01:00  INFO 40480 --- [competition-management-service] [RMI TCP Connection(1)-172.25.208.1] o.s.web.servlet.DispatcherServlet        : Initializing Servlet 'dispatcherServlet'
2025-01-14T22:51:29.407+01:00  INFO 40480 --- [competition-management-service] [RMI TCP Connection(1)-172.25.208.1] o.s.web.servlet.DispatcherServlet        : Completed initialization in 2 ms
2025-01-14T22:51:53.382+01:00  INFO 40480 --- [competition-management-service] [http-nio-8084-exec-4] org.league.app.filter.JWTFilter          : Extracted email: ylopatkin@gmail.com
2025-01-14T22:51:53.382+01:00  INFO 40480 --- [competition-management-service] [http-nio-8084-exec-4] org.league.app.filter.JWTFilter          : User email: ylopatkin@gmail.com
2025-01-14T22:51:53.465+01:00  WARN 40480 --- [competition-management-service] [http-nio-8084-exec-4] .w.s.m.s.DefaultHandlerExceptionResolver : Resolved [org.springframework.http.converter.HttpMessageNotReadableException: JSON parse error: Cannot deserialize value of type `java.time.LocalDateTime` from String "2025-01-14": Failed to deserialize java.time.LocalDateTime: (java.time.format.DateTimeParseException) Text '2025-01-14' could not be parsed at index 10]
2025-01-14T22:53:10.726+01:00  INFO 40480 --- [competition-management-service] [http-nio-8084-exec-4] org.league.app.filter.JWTFilter          : Extracted email: ylopatkin@gmail.com
2025-01-14T22:53:10.727+01:00  INFO 40480 --- [competition-management-service] [http-nio-8084-exec-4] org.league.app.filter.JWTFilter          : User email: ylopatkin@gmail.com
2025-01-14T22:53:10.765+01:00  WARN 40480 --- [competition-management-service] [http-nio-8084-exec-4] .w.s.m.s.DefaultHandlerExceptionResolver : Resolved [org.springframework.http.converter.HttpMessageNotReadableException: JSON parse error: Cannot deserialize value of type `java.time.LocalDateTime` from String "2025-01-30:20:00:00": Failed to deserialize java.time.LocalDateTime: (java.time.format.DateTimeParseException) Text '2025-01-30:20:00:00' could not be parsed at index 10]
2025-01-14T22:53:19.605+01:00  INFO 40480 --- [competition-management-service] [http-nio-8084-exec-5] org.league.app.filter.JWTFilter          : Extracted email: ylopatkin@gmail.com
2025-01-14T22:53:19.606+01:00  INFO 40480 --- [competition-management-service] [http-nio-8084-exec-5] org.league.app.filter.JWTFilter          : User email: ylopatkin@gmail.com
2025-01-14T22:53:29.046+01:00  INFO 40480 --- [competition-management-service] [http-nio-8084-exec-7] org.league.app.filter.JWTFilter          : Extracted email: ylopatkin@gmail.com
2025-01-14T22:53:29.046+01:00  INFO 40480 --- [competition-management-service] [http-nio-8084-exec-7] org.league.app.filter.JWTFilter          : User email: ylopatkin@gmail.com
2025-01-14T22:53:29.094+01:00  WARN 40480 --- [competition-management-service] [http-nio-8084-exec-7] .w.s.m.s.DefaultHandlerExceptionResolver : Resolved [org.springframework.http.converter.HttpMessageNotReadableException: JSON parse error: Cannot deserialize value of type `java.time.LocalDateTime` from String "2025-01-2717:30:00": Failed to deserialize java.time.LocalDateTime: (java.time.format.DateTimeParseException) Text '2025-01-2717:30:00' could not be parsed at index 10]
2025-01-14T22:53:34.421+01:00  INFO 40480 --- [competition-management-service] [http-nio-8084-exec-8] org.league.app.filter.JWTFilter          : Extracted email: ylopatkin@gmail.com
2025-01-14T22:53:34.421+01:00  INFO 40480 --- [competition-management-service] [http-nio-8084-exec-8] org.league.app.filter.JWTFilter          : User email: ylopatkin@gmail.com
2025-01-14T22:53:34.452+01:00  WARN 40480 --- [competition-management-service] [http-nio-8084-exec-8] .w.s.m.s.DefaultHandlerExceptionResolver : Resolved [org.springframework.http.converter.HttpMessageNotReadableException: JSON parse error: Cannot deserialize value of type `java.time.LocalDateTime` from String "2025-01-2717:30:00": Failed to deserialize java.time.LocalDateTime: (java.time.format.DateTimeParseException) Text '2025-01-2717:30:00' could not be parsed at index 10]
2025-01-14T22:53:48.198+01:00  INFO 40480 --- [competition-management-service] [http-nio-8084-exec-1] org.league.app.filter.JWTFilter          : Extracted email: ylopatkin@gmail.com
2025-01-14T22:53:48.198+01:00  INFO 40480 --- [competition-management-service] [http-nio-8084-exec-1] org.league.app.filter.JWTFilter          : User email: ylopatkin@gmail.com
2025-01-14T22:53:48.220+01:00  WARN 40480 --- [competition-management-service] [http-nio-8084-exec-1] .w.s.m.s.DefaultHandlerExceptionResolver : Resolved [org.springframework.http.converter.HttpMessageNotReadableException: JSON parse error: Cannot deserialize value of type `java.time.LocalDateTime` from String "2025-01-27 17:30:00": Failed to deserialize java.time.LocalDateTime: (java.time.format.DateTimeParseException) Text '2025-01-27 17:30:00' could not be parsed at index 10]
2025-01-14T22:54:25.604+01:00  INFO 40480 --- [competition-management-service] [http-nio-8084-exec-5] org.league.app.filter.JWTFilter          : Extracted email: ylopatkin@gmail.com
2025-01-14T22:54:25.604+01:00  INFO 40480 --- [competition-management-service] [http-nio-8084-exec-5] org.league.app.filter.JWTFilter          : User email: ylopatkin@gmail.com
2025-01-14T22:55:07.326+01:00  INFO 40480 --- [competition-management-service] [SpringApplicationShutdownHook] j.LocalContainerEntityManagerFactoryBean : Closing JPA EntityManagerFactory for persistence unit 'default'
2025-01-14T22:55:07.329+01:00  INFO 40480 --- [competition-management-service] [SpringApplicationShutdownHook] com.zaxxer.hikari.HikariDataSource       : HikariPool-1 - Shutdown initiated...
2025-01-14T22:55:07.335+01:00  INFO 40480 --- [competition-management-service] [SpringApplicationShutdownHook] com.zaxxer.hikari.HikariDataSource       : HikariPool-1 - Shutdown completed.
2025-01-14T22:55:07.336+01:00  INFO 40480 --- [competition-management-service] [SpringApplicationShutdownHook] o.s.c.c.s.ConsulServiceRegistry          : Deregistering service with consul: competition-management-service-8084
2025-01-14T22:55:12.524+01:00  INFO 59960 --- [competition-management-service] [main] .CompetitionManagementServiceApplication : Starting CompetitionManagementServiceApplication using Java 21.0.5 with PID 59960 (E:\important\ProLeagueManager\backend\competition-management-service\target\classes started by ylopa in E:\important\ProLeagueManager)
2025-01-14T22:55:12.526+01:00  INFO 59960 --- [competition-management-service] [main] .CompetitionManagementServiceApplication : No active profile set, falling back to 1 default profile: "default"
2025-01-14T22:55:13.637+01:00  INFO 59960 --- [competition-management-service] [main] .s.d.r.c.RepositoryConfigurationDelegate : Bootstrapping Spring Data JPA repositories in DEFAULT mode.
2025-01-14T22:55:13.792+01:00  INFO 59960 --- [competition-management-service] [main] .s.d.r.c.RepositoryConfigurationDelegate : Finished Spring Data repository scanning in 148 ms. Found 4 JPA repository interfaces.
2025-01-14T22:55:14.074+01:00  INFO 59960 --- [competition-management-service] [main] o.s.cloud.context.scope.GenericScope     : BeanFactory id=b2ebbacf-eead-341b-9a7c-8800e3b32452
2025-01-14T22:55:14.401+01:00  WARN 59960 --- [competition-management-service] [main] trationDelegate$BeanPostProcessorChecker : Bean 'org.springframework.cloud.client.loadbalancer.LoadBalancerAutoConfiguration$DeferringLoadBalancerInterceptorConfig' of type [org.springframework.cloud.client.loadbalancer.LoadBalancerAutoConfiguration$DeferringLoadBalancerInterceptorConfig] is not eligible for getting processed by all BeanPostProcessors (for example: not eligible for auto-proxying). The currently created BeanPostProcessor [lbRestClientPostProcessor] is declared through a non-static factory method on that class; consider declaring it as static instead.
2025-01-14T22:55:14.405+01:00  WARN 59960 --- [competition-management-service] [main] trationDelegate$BeanPostProcessorChecker : Bean 'deferringLoadBalancerInterceptor' of type [org.springframework.cloud.client.loadbalancer.DeferringLoadBalancerInterceptor] is not eligible for getting processed by all BeanPostProcessors (for example: not eligible for auto-proxying). Is this bean getting eagerly injected into a currently created BeanPostProcessor [lbRestClientPostProcessor]? Check the corresponding BeanPostProcessor declaration and its dependencies.
2025-01-14T22:55:14.760+01:00  INFO 59960 --- [competition-management-service] [main] o.s.b.w.embedded.tomcat.TomcatWebServer  : Tomcat initialized with port 8084 (http)
2025-01-14T22:55:14.774+01:00  INFO 59960 --- [competition-management-service] [main] o.apache.catalina.core.StandardService   : Starting service [Tomcat]
2025-01-14T22:55:14.774+01:00  INFO 59960 --- [competition-management-service] [main] o.apache.catalina.core.StandardEngine    : Starting Servlet engine: [Apache Tomcat/10.1.30]
2025-01-14T22:55:14.853+01:00  INFO 59960 --- [competition-management-service] [main] o.a.c.c.C.[Tomcat].[localhost].[/]       : Initializing Spring embedded WebApplicationContext
2025-01-14T22:55:14.854+01:00  INFO 59960 --- [competition-management-service] [main] w.s.c.ServletWebServerApplicationContext : Root WebApplicationContext: initialization completed in 2278 ms
2025-01-14T22:55:15.131+01:00  INFO 59960 --- [competition-management-service] [main] o.s.c.openfeign.FeignClientFactoryBean   : For 'user-service' URL not provided. Will try picking an instance via load-balancing.
2025-01-14T22:55:15.655+01:00  INFO 59960 --- [competition-management-service] [main] o.hibernate.jpa.internal.util.LogHelper  : HHH000204: Processing PersistenceUnitInfo [name: default]
2025-01-14T22:55:15.713+01:00  INFO 59960 --- [competition-management-service] [main] org.hibernate.Version                    : HHH000412: Hibernate ORM core version 6.5.3.Final
2025-01-14T22:55:15.742+01:00  INFO 59960 --- [competition-management-service] [main] o.h.c.internal.RegionFactoryInitiator    : HHH000026: Second-level cache disabled
2025-01-14T22:55:16.003+01:00  INFO 59960 --- [competition-management-service] [main] o.s.o.j.p.SpringPersistenceUnitInfo      : No LoadTimeWeaver setup: ignoring JPA class transformer
2025-01-14T22:55:16.039+01:00  INFO 59960 --- [competition-management-service] [main] com.zaxxer.hikari.HikariDataSource       : HikariPool-1 - Starting...
2025-01-14T22:55:16.221+01:00  INFO 59960 --- [competition-management-service] [main] com.zaxxer.hikari.pool.HikariPool        : HikariPool-1 - Added connection org.postgresql.jdbc.PgConnection@1be3a294
2025-01-14T22:55:16.223+01:00  INFO 59960 --- [competition-management-service] [main] com.zaxxer.hikari.HikariDataSource       : HikariPool-1 - Start completed.
2025-01-14T22:55:17.429+01:00  INFO 59960 --- [competition-management-service] [main] o.h.e.t.j.p.i.JtaPlatformInitiator       : HHH000489: No JTA platform available (set 'hibernate.transaction.jta.platform' to enable JTA platform integration)
2025-01-14T22:55:17.623+01:00  INFO 59960 --- [competition-management-service] [main] j.LocalContainerEntityManagerFactoryBean : Initialized JPA EntityManagerFactory for persistence unit 'default'
2025-01-14T22:55:18.073+01:00  INFO 59960 --- [competition-management-service] [main] o.s.c.openfeign.FeignClientFactoryBean   : For 'sport-service' URL not provided. Will try picking an instance via load-balancing.
2025-01-14T22:55:18.142+01:00  WARN 59960 --- [competition-management-service] [main] .s.s.UserDetailsServiceAutoConfiguration : 

Using generated security password: c6a40193-6a39-4a97-8007-2d0e5cbc28f6

This generated password is for development use only. Your security configuration must be updated before running your application in production.

2025-01-14T22:55:18.158+01:00  INFO 59960 --- [competition-management-service] [main] r$InitializeUserDetailsManagerConfigurer : Global AuthenticationManager configured with UserDetailsService bean with name inMemoryUserDetailsManager
2025-01-14T22:55:18.737+01:00  INFO 59960 --- [competition-management-service] [main] o.s.b.a.e.web.EndpointLinksResolver      : Exposing 1 endpoint beneath base path '/actuator'
2025-01-14T22:55:19.347+01:00  WARN 59960 --- [competition-management-service] [main] iguration$LoadBalancerCaffeineWarnLogger : Spring Cloud LoadBalancer is currently working with the default cache. While this cache implementation is useful for development and tests, it's recommended to use Caffeine cache in production.You can switch to using Caffeine cache, by adding it and org.springframework.cache.caffeine.CaffeineCacheManager to the classpath.
2025-01-14T22:55:19.457+01:00  INFO 59960 --- [competition-management-service] [main] o.s.b.w.embedded.tomcat.TomcatWebServer  : Tomcat started on port 8084 (http) with context path '/'
2025-01-14T22:55:19.460+01:00  INFO 59960 --- [competition-management-service] [main] o.s.c.c.s.ConsulServiceRegistry          : Registering service with consul: NewService{id='competition-management-service-8084', name='competition-management-service', tags=[], address='100.106.2.30', meta={secure=false}, port=8084, enableTagOverride=null, check=Check{script='null', dockerContainerID='null', shell='null', interval='10s', ttl='null', http='http://100.106.2.30:8084/actuator/health', method='null', header={}, tcp='null', timeout='null', deregisterCriticalServiceAfter='null', tlsSkipVerify=null, status='null', grpc='null', grpcUseTLS=null}, checks=null}
2025-01-14T22:55:19.500+01:00  INFO 59960 --- [competition-management-service] [main] .CompetitionManagementServiceApplication : Started CompetitionManagementServiceApplication in 7.883 seconds (process running for 8.688)
2025-01-14T22:55:19.647+01:00  INFO 59960 --- [competition-management-service] [RMI TCP Connection(3)-172.25.208.1] o.a.c.c.C.[Tomcat].[localhost].[/]       : Initializing Spring DispatcherServlet 'dispatcherServlet'
2025-01-14T22:55:19.647+01:00  INFO 59960 --- [competition-management-service] [RMI TCP Connection(3)-172.25.208.1] o.s.web.servlet.DispatcherServlet        : Initializing Servlet 'dispatcherServlet'
2025-01-14T22:55:19.650+01:00  INFO 59960 --- [competition-management-service] [RMI TCP Connection(3)-172.25.208.1] o.s.web.servlet.DispatcherServlet        : Completed initialization in 3 ms
2025-01-14T22:55:22.740+01:00  INFO 59960 --- [competition-management-service] [http-nio-8084-exec-2] org.league.app.filter.JWTFilter          : Extracted email: ylopatkin@gmail.com
2025-01-14T22:55:22.741+01:00  INFO 59960 --- [competition-management-service] [http-nio-8084-exec-2] org.league.app.filter.JWTFilter          : User email: ylopatkin@gmail.com
2025-01-14T22:58:33.037+01:00  INFO 59960 --- [competition-management-service] [SpringApplicationShutdownHook] j.LocalContainerEntityManagerFactoryBean : Closing JPA EntityManagerFactory for persistence unit 'default'
2025-01-14T22:58:33.040+01:00  INFO 59960 --- [competition-management-service] [SpringApplicationShutdownHook] com.zaxxer.hikari.HikariDataSource       : HikariPool-1 - Shutdown initiated...
2025-01-14T22:58:33.048+01:00  INFO 59960 --- [competition-management-service] [SpringApplicationShutdownHook] com.zaxxer.hikari.HikariDataSource       : HikariPool-1 - Shutdown completed.
2025-01-14T22:58:33.048+01:00  INFO 59960 --- [competition-management-service] [SpringApplicationShutdownHook] o.s.c.c.s.ConsulServiceRegistry          : Deregistering service with consul: competition-management-service-8084
2025-01-14T22:58:38.622+01:00  INFO 48260 --- [competition-management-service] [main] .CompetitionManagementServiceApplication : Starting CompetitionManagementServiceApplication using Java 21.0.5 with PID 48260 (E:\important\ProLeagueManager\backend\competition-management-service\target\classes started by ylopa in E:\important\ProLeagueManager)
2025-01-14T22:58:38.624+01:00  INFO 48260 --- [competition-management-service] [main] .CompetitionManagementServiceApplication : No active profile set, falling back to 1 default profile: "default"
2025-01-14T22:58:39.693+01:00  INFO 48260 --- [competition-management-service] [main] .s.d.r.c.RepositoryConfigurationDelegate : Bootstrapping Spring Data JPA repositories in DEFAULT mode.
2025-01-14T22:58:39.835+01:00  INFO 48260 --- [competition-management-service] [main] .s.d.r.c.RepositoryConfigurationDelegate : Finished Spring Data repository scanning in 135 ms. Found 4 JPA repository interfaces.
2025-01-14T22:58:40.118+01:00  INFO 48260 --- [competition-management-service] [main] o.s.cloud.context.scope.GenericScope     : BeanFactory id=b2ebbacf-eead-341b-9a7c-8800e3b32452
2025-01-14T22:58:40.396+01:00  WARN 48260 --- [competition-management-service] [main] trationDelegate$BeanPostProcessorChecker : Bean 'org.springframework.cloud.client.loadbalancer.LoadBalancerAutoConfiguration$DeferringLoadBalancerInterceptorConfig' of type [org.springframework.cloud.client.loadbalancer.LoadBalancerAutoConfiguration$DeferringLoadBalancerInterceptorConfig] is not eligible for getting processed by all BeanPostProcessors (for example: not eligible for auto-proxying). The currently created BeanPostProcessor [lbRestClientPostProcessor] is declared through a non-static factory method on that class; consider declaring it as static instead.
2025-01-14T22:58:40.399+01:00  WARN 48260 --- [competition-management-service] [main] trationDelegate$BeanPostProcessorChecker : Bean 'deferringLoadBalancerInterceptor' of type [org.springframework.cloud.client.loadbalancer.DeferringLoadBalancerInterceptor] is not eligible for getting processed by all BeanPostProcessors (for example: not eligible for auto-proxying). Is this bean getting eagerly injected into a currently created BeanPostProcessor [lbRestClientPostProcessor]? Check the corresponding BeanPostProcessor declaration and its dependencies.
2025-01-14T22:58:40.659+01:00  INFO 48260 --- [competition-management-service] [main] o.s.b.w.embedded.tomcat.TomcatWebServer  : Tomcat initialized with port 8084 (http)
2025-01-14T22:58:40.673+01:00  INFO 48260 --- [competition-management-service] [main] o.apache.catalina.core.StandardService   : Starting service [Tomcat]
2025-01-14T22:58:40.674+01:00  INFO 48260 --- [competition-management-service] [main] o.apache.catalina.core.StandardEngine    : Starting Servlet engine: [Apache Tomcat/10.1.30]
2025-01-14T22:58:40.746+01:00  INFO 48260 --- [competition-management-service] [main] o.a.c.c.C.[Tomcat].[localhost].[/]       : Initializing Spring embedded WebApplicationContext
2025-01-14T22:58:40.746+01:00  INFO 48260 --- [competition-management-service] [main] w.s.c.ServletWebServerApplicationContext : Root WebApplicationContext: initialization completed in 2082 ms
2025-01-14T22:58:40.948+01:00  INFO 48260 --- [competition-management-service] [main] o.s.c.openfeign.FeignClientFactoryBean   : For 'user-service' URL not provided. Will try picking an instance via load-balancing.
2025-01-14T22:58:41.350+01:00  INFO 48260 --- [competition-management-service] [main] o.hibernate.jpa.internal.util.LogHelper  : HHH000204: Processing PersistenceUnitInfo [name: default]
2025-01-14T22:58:41.398+01:00  INFO 48260 --- [competition-management-service] [main] org.hibernate.Version                    : HHH000412: Hibernate ORM core version 6.5.3.Final
2025-01-14T22:58:41.429+01:00  INFO 48260 --- [competition-management-service] [main] o.h.c.internal.RegionFactoryInitiator    : HHH000026: Second-level cache disabled
2025-01-14T22:58:41.694+01:00  INFO 48260 --- [competition-management-service] [main] o.s.o.j.p.SpringPersistenceUnitInfo      : No LoadTimeWeaver setup: ignoring JPA class transformer
2025-01-14T22:58:41.718+01:00  INFO 48260 --- [competition-management-service] [main] com.zaxxer.hikari.HikariDataSource       : HikariPool-1 - Starting...
2025-01-14T22:58:41.861+01:00  INFO 48260 --- [competition-management-service] [main] com.zaxxer.hikari.pool.HikariPool        : HikariPool-1 - Added connection org.postgresql.jdbc.PgConnection@7d49fe37
2025-01-14T22:58:41.863+01:00  INFO 48260 --- [competition-management-service] [main] com.zaxxer.hikari.HikariDataSource       : HikariPool-1 - Start completed.
2025-01-14T22:58:42.826+01:00  INFO 48260 --- [competition-management-service] [main] o.h.e.t.j.p.i.JtaPlatformInitiator       : HHH000489: No JTA platform available (set 'hibernate.transaction.jta.platform' to enable JTA platform integration)
2025-01-14T22:58:42.970+01:00  INFO 48260 --- [competition-management-service] [main] j.LocalContainerEntityManagerFactoryBean : Initialized JPA EntityManagerFactory for persistence unit 'default'
2025-01-14T22:58:43.332+01:00  INFO 48260 --- [competition-management-service] [main] o.s.c.openfeign.FeignClientFactoryBean   : For 'sport-service' URL not provided. Will try picking an instance via load-balancing.
2025-01-14T22:58:43.395+01:00  WARN 48260 --- [competition-management-service] [main] .s.s.UserDetailsServiceAutoConfiguration : 

Using generated security password: 5c6532b7-d629-42ee-aa39-4ab869715ea2

This generated password is for development use only. Your security configuration must be updated before running your application in production.

2025-01-14T22:58:43.410+01:00  INFO 48260 --- [competition-management-service] [main] r$InitializeUserDetailsManagerConfigurer : Global AuthenticationManager configured with UserDetailsService bean with name inMemoryUserDetailsManager
2025-01-14T22:58:43.877+01:00  INFO 48260 --- [competition-management-service] [main] o.s.b.a.e.web.EndpointLinksResolver      : Exposing 1 endpoint beneath base path '/actuator'
2025-01-14T22:58:44.360+01:00  WARN 48260 --- [competition-management-service] [main] iguration$LoadBalancerCaffeineWarnLogger : Spring Cloud LoadBalancer is currently working with the default cache. While this cache implementation is useful for development and tests, it's recommended to use Caffeine cache in production.You can switch to using Caffeine cache, by adding it and org.springframework.cache.caffeine.CaffeineCacheManager to the classpath.
2025-01-14T22:58:44.454+01:00  INFO 48260 --- [competition-management-service] [main] o.s.b.w.embedded.tomcat.TomcatWebServer  : Tomcat started on port 8084 (http) with context path '/'
2025-01-14T22:58:44.457+01:00  INFO 48260 --- [competition-management-service] [main] o.s.c.c.s.ConsulServiceRegistry          : Registering service with consul: NewService{id='competition-management-service-8084', name='competition-management-service', tags=[], address='100.106.2.30', meta={secure=false}, port=8084, enableTagOverride=null, check=Check{script='null', dockerContainerID='null', shell='null', interval='10s', ttl='null', http='http://100.106.2.30:8084/actuator/health', method='null', header={}, tcp='null', timeout='null', deregisterCriticalServiceAfter='null', tlsSkipVerify=null, status='null', grpc='null', grpcUseTLS=null}, checks=null}
2025-01-14T22:58:44.499+01:00  INFO 48260 --- [competition-management-service] [main] .CompetitionManagementServiceApplication : Started CompetitionManagementServiceApplication in 6.782 seconds (process running for 7.598)
2025-01-14T22:58:44.756+01:00  INFO 48260 --- [competition-management-service] [RMI TCP Connection(2)-172.25.208.1] o.a.c.c.C.[Tomcat].[localhost].[/]       : Initializing Spring DispatcherServlet 'dispatcherServlet'
2025-01-14T22:58:44.757+01:00  INFO 48260 --- [competition-management-service] [RMI TCP Connection(2)-172.25.208.1] o.s.web.servlet.DispatcherServlet        : Initializing Servlet 'dispatcherServlet'
2025-01-14T22:58:44.759+01:00  INFO 48260 --- [competition-management-service] [RMI TCP Connection(2)-172.25.208.1] o.s.web.servlet.DispatcherServlet        : Completed initialization in 2 ms
2025-01-14T22:59:07.946+01:00  INFO 48260 --- [competition-management-service] [http-nio-8084-exec-2] org.league.app.filter.JWTFilter          : Extracted email: ylopatkin@gmail.com
2025-01-14T22:59:07.946+01:00  INFO 48260 --- [competition-management-service] [http-nio-8084-exec-2] org.league.app.filter.JWTFilter          : User email: ylopatkin@gmail.com
2025-01-14T22:59:59.128+01:00  INFO 48260 --- [competition-management-service] [http-nio-8084-exec-9] org.league.app.filter.JWTFilter          : Extracted email: ylopatkin@gmail.com
2025-01-14T22:59:59.128+01:00  INFO 48260 --- [competition-management-service] [http-nio-8084-exec-9] org.league.app.filter.JWTFilter          : User email: ylopatkin@gmail.com
2025-01-14T23:00:09.705+01:00  INFO 48260 --- [competition-management-service] [http-nio-8084-exec-1] org.league.app.filter.JWTFilter          : Extracted email: ylopatkin@gmail.com
2025-01-14T23:00:09.705+01:00  INFO 48260 --- [competition-management-service] [http-nio-8084-exec-1] org.league.app.filter.JWTFilter          : User email: ylopatkin@gmail.com
2025-01-14T23:06:11.052+01:00  INFO 48260 --- [competition-management-service] [SpringApplicationShutdownHook] j.LocalContainerEntityManagerFactoryBean : Closing JPA EntityManagerFactory for persistence unit 'default'
2025-01-14T23:06:11.056+01:00  INFO 48260 --- [competition-management-service] [SpringApplicationShutdownHook] com.zaxxer.hikari.HikariDataSource       : HikariPool-1 - Shutdown initiated...
2025-01-14T23:06:11.063+01:00  INFO 48260 --- [competition-management-service] [SpringApplicationShutdownHook] com.zaxxer.hikari.HikariDataSource       : HikariPool-1 - Shutdown completed.
2025-01-14T23:06:11.064+01:00  INFO 48260 --- [competition-management-service] [SpringApplicationShutdownHook] o.s.c.c.s.ConsulServiceRegistry          : Deregistering service with consul: competition-management-service-8084
2025-01-14T23:06:16.583+01:00  INFO 47908 --- [competition-management-service] [main] .CompetitionManagementServiceApplication : Starting CompetitionManagementServiceApplication using Java 21.0.5 with PID 47908 (E:\important\ProLeagueManager\backend\competition-management-service\target\classes started by ylopa in E:\important\ProLeagueManager)
2025-01-14T23:06:16.585+01:00  INFO 47908 --- [competition-management-service] [main] .CompetitionManagementServiceApplication : No active profile set, falling back to 1 default profile: "default"
2025-01-14T23:06:17.590+01:00  INFO 47908 --- [competition-management-service] [main] .s.d.r.c.RepositoryConfigurationDelegate : Bootstrapping Spring Data JPA repositories in DEFAULT mode.
2025-01-14T23:06:17.730+01:00  INFO 47908 --- [competition-management-service] [main] .s.d.r.c.RepositoryConfigurationDelegate : Finished Spring Data repository scanning in 133 ms. Found 4 JPA repository interfaces.
2025-01-14T23:06:17.959+01:00  INFO 47908 --- [competition-management-service] [main] o.s.cloud.context.scope.GenericScope     : BeanFactory id=83684c42-c191-30a2-bf3c-cb41d8601a8c
2025-01-14T23:06:18.266+01:00  WARN 47908 --- [competition-management-service] [main] trationDelegate$BeanPostProcessorChecker : Bean 'org.springframework.cloud.client.loadbalancer.LoadBalancerAutoConfiguration$DeferringLoadBalancerInterceptorConfig' of type [org.springframework.cloud.client.loadbalancer.LoadBalancerAutoConfiguration$DeferringLoadBalancerInterceptorConfig] is not eligible for getting processed by all BeanPostProcessors (for example: not eligible for auto-proxying). The currently created BeanPostProcessor [lbRestClientPostProcessor] is declared through a non-static factory method on that class; consider declaring it as static instead.
2025-01-14T23:06:18.269+01:00  WARN 47908 --- [competition-management-service] [main] trationDelegate$BeanPostProcessorChecker : Bean 'deferringLoadBalancerInterceptor' of type [org.springframework.cloud.client.loadbalancer.DeferringLoadBalancerInterceptor] is not eligible for getting processed by all BeanPostProcessors (for example: not eligible for auto-proxying). Is this bean getting eagerly injected into a currently created BeanPostProcessor [lbRestClientPostProcessor]? Check the corresponding BeanPostProcessor declaration and its dependencies.
2025-01-14T23:06:18.511+01:00  INFO 47908 --- [competition-management-service] [main] o.s.b.w.embedded.tomcat.TomcatWebServer  : Tomcat initialized with port 8084 (http)
2025-01-14T23:06:18.524+01:00  INFO 47908 --- [competition-management-service] [main] o.apache.catalina.core.StandardService   : Starting service [Tomcat]
2025-01-14T23:06:18.524+01:00  INFO 47908 --- [competition-management-service] [main] o.apache.catalina.core.StandardEngine    : Starting Servlet engine: [Apache Tomcat/10.1.30]
2025-01-14T23:06:18.594+01:00  INFO 47908 --- [competition-management-service] [main] o.a.c.c.C.[Tomcat].[localhost].[/]       : Initializing Spring embedded WebApplicationContext
2025-01-14T23:06:18.595+01:00  INFO 47908 --- [competition-management-service] [main] w.s.c.ServletWebServerApplicationContext : Root WebApplicationContext: initialization completed in 1957 ms
2025-01-14T23:06:18.817+01:00  INFO 47908 --- [competition-management-service] [main] o.s.c.openfeign.FeignClientFactoryBean   : For 'user-service' URL not provided. Will try picking an instance via load-balancing.
2025-01-14T23:06:19.324+01:00  INFO 47908 --- [competition-management-service] [main] o.hibernate.jpa.internal.util.LogHelper  : HHH000204: Processing PersistenceUnitInfo [name: default]
2025-01-14T23:06:19.373+01:00  INFO 47908 --- [competition-management-service] [main] org.hibernate.Version                    : HHH000412: Hibernate ORM core version 6.5.3.Final
2025-01-14T23:06:19.400+01:00  INFO 47908 --- [competition-management-service] [main] o.h.c.internal.RegionFactoryInitiator    : HHH000026: Second-level cache disabled
2025-01-14T23:06:19.658+01:00  INFO 47908 --- [competition-management-service] [main] o.s.o.j.p.SpringPersistenceUnitInfo      : No LoadTimeWeaver setup: ignoring JPA class transformer
2025-01-14T23:06:19.686+01:00  INFO 47908 --- [competition-management-service] [main] com.zaxxer.hikari.HikariDataSource       : HikariPool-1 - Starting...
2025-01-14T23:06:19.836+01:00  INFO 47908 --- [competition-management-service] [main] com.zaxxer.hikari.pool.HikariPool        : HikariPool-1 - Added connection org.postgresql.jdbc.PgConnection@279e85eb
2025-01-14T23:06:19.838+01:00  INFO 47908 --- [competition-management-service] [main] com.zaxxer.hikari.HikariDataSource       : HikariPool-1 - Start completed.
2025-01-14T23:06:20.782+01:00  INFO 47908 --- [competition-management-service] [main] o.h.e.t.j.p.i.JtaPlatformInitiator       : HHH000489: No JTA platform available (set 'hibernate.transaction.jta.platform' to enable JTA platform integration)
2025-01-14T23:06:20.919+01:00  INFO 47908 --- [competition-management-service] [main] j.LocalContainerEntityManagerFactoryBean : Initialized JPA EntityManagerFactory for persistence unit 'default'
2025-01-14T23:06:21.286+01:00  INFO 47908 --- [competition-management-service] [main] o.s.c.openfeign.FeignClientFactoryBean   : For 'sport-service' URL not provided. Will try picking an instance via load-balancing.
2025-01-14T23:06:21.358+01:00  WARN 47908 --- [competition-management-service] [main] .s.s.UserDetailsServiceAutoConfiguration : 

Using generated security password: 08cfe9ee-b8d1-4b47-9242-e8efce172915

This generated password is for development use only. Your security configuration must be updated before running your application in production.

2025-01-14T23:06:21.376+01:00  INFO 47908 --- [competition-management-service] [main] r$InitializeUserDetailsManagerConfigurer : Global AuthenticationManager configured with UserDetailsService bean with name inMemoryUserDetailsManager
2025-01-14T23:06:21.764+01:00  INFO 47908 --- [competition-management-service] [main] o.s.b.a.e.web.EndpointLinksResolver      : Exposing 1 endpoint beneath base path '/actuator'
2025-01-14T23:06:22.259+01:00  WARN 47908 --- [competition-management-service] [main] iguration$LoadBalancerCaffeineWarnLogger : Spring Cloud LoadBalancer is currently working with the default cache. While this cache implementation is useful for development and tests, it's recommended to use Caffeine cache in production.You can switch to using Caffeine cache, by adding it and org.springframework.cache.caffeine.CaffeineCacheManager to the classpath.
2025-01-14T23:06:22.356+01:00  INFO 47908 --- [competition-management-service] [main] o.s.b.w.embedded.tomcat.TomcatWebServer  : Tomcat started on port 8084 (http) with context path '/'
2025-01-14T23:06:22.358+01:00  INFO 47908 --- [competition-management-service] [main] o.s.c.c.s.ConsulServiceRegistry          : Registering service with consul: NewService{id='competition-management-service-8084', name='competition-management-service', tags=[], address='100.106.2.30', meta={secure=false}, port=8084, enableTagOverride=null, check=Check{script='null', dockerContainerID='null', shell='null', interval='10s', ttl='null', http='http://100.106.2.30:8084/actuator/health', method='null', header={}, tcp='null', timeout='null', deregisterCriticalServiceAfter='null', tlsSkipVerify=null, status='null', grpc='null', grpcUseTLS=null}, checks=null}
2025-01-14T23:06:22.397+01:00  INFO 47908 --- [competition-management-service] [main] .CompetitionManagementServiceApplication : Started CompetitionManagementServiceApplication in 6.707 seconds (process running for 7.552)
2025-01-14T23:06:22.993+01:00  INFO 47908 --- [competition-management-service] [RMI TCP Connection(3)-172.25.208.1] o.a.c.c.C.[Tomcat].[localhost].[/]       : Initializing Spring DispatcherServlet 'dispatcherServlet'
2025-01-14T23:06:22.994+01:00  INFO 47908 --- [competition-management-service] [RMI TCP Connection(3)-172.25.208.1] o.s.web.servlet.DispatcherServlet        : Initializing Servlet 'dispatcherServlet'
2025-01-14T23:06:22.998+01:00  INFO 47908 --- [competition-management-service] [RMI TCP Connection(3)-172.25.208.1] o.s.web.servlet.DispatcherServlet        : Completed initialization in 4 ms
2025-01-14T23:06:31.440+01:00 ERROR 47908 --- [competition-management-service] [http-nio-8084-exec-1] org.league.app.filter.RouteFilter        : Path not found: /api/competition/create-combvpetition
2025-01-14T23:06:37.239+01:00  INFO 47908 --- [competition-management-service] [http-nio-8084-exec-2] org.league.app.filter.JWTFilter          : Extracted email: ylopatkin@gmail.com
2025-01-14T23:06:37.239+01:00  INFO 47908 --- [competition-management-service] [http-nio-8084-exec-2] org.league.app.filter.JWTFilter          : User email: ylopatkin@gmail.com
2025-01-14T23:06:56.122+01:00 ERROR 47908 --- [competition-management-service] [http-nio-8084-exec-6] org.league.app.filter.RouteFilter        : Path not found: /api/competition/create-competitigon
2025-01-14T23:09:25.718+01:00 ERROR 47908 --- [competition-management-service] [http-nio-8084-exec-2] org.league.app.filter.RouteFilter        : Path not found: /api/competition/create-competitigon
2025-01-14T23:09:32.854+01:00 ERROR 47908 --- [competition-management-service] [http-nio-8084-exec-5] org.league.app.filter.RouteFilter        : Path not found: /api/competition/create-competitigon
2025-01-14T23:09:41.164+01:00 ERROR 47908 --- [competition-management-service] [http-nio-8084-exec-6] org.league.app.filter.RouteFilter        : Path not found: /api/competition/create-comgpetitigon
2025-01-14T23:09:48.475+01:00 ERROR 47908 --- [competition-management-service] [http-nio-8084-exec-8] org.league.app.filter.RouteFilter        : Path not found: /api/competition/create-comgpetitigon
2025-01-14T23:10:37.259+01:00 ERROR 47908 --- [competition-management-service] [http-nio-8084-exec-4] org.league.app.filter.RouteFilter        : Path not found: /api/competition/create- competitigon
2025-01-14T23:11:08.615+01:00  INFO 47908 --- [competition-management-service] [SpringApplicationShutdownHook] j.LocalContainerEntityManagerFactoryBean : Closing JPA EntityManagerFactory for persistence unit 'default'
2025-01-14T23:11:08.618+01:00  INFO 47908 --- [competition-management-service] [SpringApplicationShutdownHook] com.zaxxer.hikari.HikariDataSource       : HikariPool-1 - Shutdown initiated...
2025-01-14T23:11:08.625+01:00  INFO 47908 --- [competition-management-service] [SpringApplicationShutdownHook] com.zaxxer.hikari.HikariDataSource       : HikariPool-1 - Shutdown completed.
2025-01-14T23:11:08.626+01:00  INFO 47908 --- [competition-management-service] [SpringApplicationShutdownHook] o.s.c.c.s.ConsulServiceRegistry          : Deregistering service with consul: competition-management-service-8084
2025-01-14T23:11:13.290+01:00  INFO 39032 --- [competition-management-service] [main] .CompetitionManagementServiceApplication : Starting CompetitionManagementServiceApplication using Java 21.0.5 with PID 39032 (E:\important\ProLeagueManager\backend\competition-management-service\target\classes started by ylopa in E:\important\ProLeagueManager)
2025-01-14T23:11:13.292+01:00  INFO 39032 --- [competition-management-service] [main] .CompetitionManagementServiceApplication : No active profile set, falling back to 1 default profile: "default"
2025-01-14T23:11:14.111+01:00  INFO 39032 --- [competition-management-service] [main] .s.d.r.c.RepositoryConfigurationDelegate : Bootstrapping Spring Data JPA repositories in DEFAULT mode.
2025-01-14T23:11:14.247+01:00  INFO 39032 --- [competition-management-service] [main] .s.d.r.c.RepositoryConfigurationDelegate : Finished Spring Data repository scanning in 130 ms. Found 4 JPA repository interfaces.
2025-01-14T23:11:14.468+01:00  INFO 39032 --- [competition-management-service] [main] o.s.cloud.context.scope.GenericScope     : BeanFactory id=83684c42-c191-30a2-bf3c-cb41d8601a8c
2025-01-14T23:11:14.770+01:00  WARN 39032 --- [competition-management-service] [main] trationDelegate$BeanPostProcessorChecker : Bean 'org.springframework.cloud.client.loadbalancer.LoadBalancerAutoConfiguration$DeferringLoadBalancerInterceptorConfig' of type [org.springframework.cloud.client.loadbalancer.LoadBalancerAutoConfiguration$DeferringLoadBalancerInterceptorConfig] is not eligible for getting processed by all BeanPostProcessors (for example: not eligible for auto-proxying). The currently created BeanPostProcessor [lbRestClientPostProcessor] is declared through a non-static factory method on that class; consider declaring it as static instead.
2025-01-14T23:11:14.773+01:00  WARN 39032 --- [competition-management-service] [main] trationDelegate$BeanPostProcessorChecker : Bean 'deferringLoadBalancerInterceptor' of type [org.springframework.cloud.client.loadbalancer.DeferringLoadBalancerInterceptor] is not eligible for getting processed by all BeanPostProcessors (for example: not eligible for auto-proxying). Is this bean getting eagerly injected into a currently created BeanPostProcessor [lbRestClientPostProcessor]? Check the corresponding BeanPostProcessor declaration and its dependencies.
2025-01-14T23:11:15.002+01:00  INFO 39032 --- [competition-management-service] [main] o.s.b.w.embedded.tomcat.TomcatWebServer  : Tomcat initialized with port 8084 (http)
2025-01-14T23:11:15.014+01:00  INFO 39032 --- [competition-management-service] [main] o.apache.catalina.core.StandardService   : Starting service [Tomcat]
2025-01-14T23:11:15.014+01:00  INFO 39032 --- [competition-management-service] [main] o.apache.catalina.core.StandardEngine    : Starting Servlet engine: [Apache Tomcat/10.1.30]
2025-01-14T23:11:15.083+01:00  INFO 39032 --- [competition-management-service] [main] o.a.c.c.C.[Tomcat].[localhost].[/]       : Initializing Spring embedded WebApplicationContext
2025-01-14T23:11:15.084+01:00  INFO 39032 --- [competition-management-service] [main] w.s.c.ServletWebServerApplicationContext : Root WebApplicationContext: initialization completed in 1747 ms
2025-01-14T23:11:15.359+01:00  INFO 39032 --- [competition-management-service] [main] o.s.c.openfeign.FeignClientFactoryBean   : For 'user-service' URL not provided. Will try picking an instance via load-balancing.
2025-01-14T23:11:15.915+01:00  INFO 39032 --- [competition-management-service] [main] o.hibernate.jpa.internal.util.LogHelper  : HHH000204: Processing PersistenceUnitInfo [name: default]
2025-01-14T23:11:15.964+01:00  INFO 39032 --- [competition-management-service] [main] org.hibernate.Version                    : HHH000412: Hibernate ORM core version 6.5.3.Final
2025-01-14T23:11:15.989+01:00  INFO 39032 --- [competition-management-service] [main] o.h.c.internal.RegionFactoryInitiator    : HHH000026: Second-level cache disabled
2025-01-14T23:11:16.241+01:00  INFO 39032 --- [competition-management-service] [main] o.s.o.j.p.SpringPersistenceUnitInfo      : No LoadTimeWeaver setup: ignoring JPA class transformer
2025-01-14T23:11:16.266+01:00  INFO 39032 --- [competition-management-service] [main] com.zaxxer.hikari.HikariDataSource       : HikariPool-1 - Starting...
2025-01-14T23:11:16.440+01:00  INFO 39032 --- [competition-management-service] [main] com.zaxxer.hikari.pool.HikariPool        : HikariPool-1 - Added connection org.postgresql.jdbc.PgConnection@1828ab51
2025-01-14T23:11:16.442+01:00  INFO 39032 --- [competition-management-service] [main] com.zaxxer.hikari.HikariDataSource       : HikariPool-1 - Start completed.
2025-01-14T23:11:17.413+01:00  INFO 39032 --- [competition-management-service] [main] o.h.e.t.j.p.i.JtaPlatformInitiator       : HHH000489: No JTA platform available (set 'hibernate.transaction.jta.platform' to enable JTA platform integration)
2025-01-14T23:11:17.554+01:00  INFO 39032 --- [competition-management-service] [main] j.LocalContainerEntityManagerFactoryBean : Initialized JPA EntityManagerFactory for persistence unit 'default'
2025-01-14T23:11:17.930+01:00  INFO 39032 --- [competition-management-service] [main] o.s.c.openfeign.FeignClientFactoryBean   : For 'sport-service' URL not provided. Will try picking an instance via load-balancing.
2025-01-14T23:11:18.000+01:00  WARN 39032 --- [competition-management-service] [main] .s.s.UserDetailsServiceAutoConfiguration : 

Using generated security password: 004fc387-ef6c-4a1c-a121-f51e5148ffcf

This generated password is for development use only. Your security configuration must be updated before running your application in production.

2025-01-14T23:11:18.016+01:00  INFO 39032 --- [competition-management-service] [main] r$InitializeUserDetailsManagerConfigurer : Global AuthenticationManager configured with UserDetailsService bean with name inMemoryUserDetailsManager
2025-01-14T23:11:18.416+01:00  INFO 39032 --- [competition-management-service] [main] o.s.b.a.e.web.EndpointLinksResolver      : Exposing 1 endpoint beneath base path '/actuator'
2025-01-14T23:11:19.089+01:00  WARN 39032 --- [competition-management-service] [main] iguration$LoadBalancerCaffeineWarnLogger : Spring Cloud LoadBalancer is currently working with the default cache. While this cache implementation is useful for development and tests, it's recommended to use Caffeine cache in production.You can switch to using Caffeine cache, by adding it and org.springframework.cache.caffeine.CaffeineCacheManager to the classpath.
2025-01-14T23:11:19.204+01:00  INFO 39032 --- [competition-management-service] [main] o.s.b.w.embedded.tomcat.TomcatWebServer  : Tomcat started on port 8084 (http) with context path '/'
2025-01-14T23:11:19.207+01:00  INFO 39032 --- [competition-management-service] [main] o.s.c.c.s.ConsulServiceRegistry          : Registering service with consul: NewService{id='competition-management-service-8084', name='competition-management-service', tags=[], address='100.106.2.30', meta={secure=false}, port=8084, enableTagOverride=null, check=Check{script='null', dockerContainerID='null', shell='null', interval='10s', ttl='null', http='http://100.106.2.30:8084/actuator/health', method='null', header={}, tcp='null', timeout='null', deregisterCriticalServiceAfter='null', tlsSkipVerify=null, status='null', grpc='null', grpcUseTLS=null}, checks=null}
2025-01-14T23:11:19.245+01:00  INFO 39032 --- [competition-management-service] [main] .CompetitionManagementServiceApplication : Started CompetitionManagementServiceApplication in 6.755 seconds (process running for 7.428)
2025-01-14T23:11:19.785+01:00  INFO 39032 --- [competition-management-service] [RMI TCP Connection(1)-172.25.208.1] o.a.c.c.C.[Tomcat].[localhost].[/]       : Initializing Spring DispatcherServlet 'dispatcherServlet'
2025-01-14T23:11:19.785+01:00  INFO 39032 --- [competition-management-service] [RMI TCP Connection(1)-172.25.208.1] o.s.web.servlet.DispatcherServlet        : Initializing Servlet 'dispatcherServlet'
2025-01-14T23:11:19.789+01:00  INFO 39032 --- [competition-management-service] [RMI TCP Connection(1)-172.25.208.1] o.s.web.servlet.DispatcherServlet        : Completed initialization in 4 ms
2025-01-14T23:11:23.479+01:00 ERROR 39032 --- [competition-management-service] [http-nio-8084-exec-3] org.league.app.filter.RouteFilter        : Path not found: /api/competition/create-cghompetitigon
2025-01-14T23:11:27.492+01:00 ERROR 39032 --- [competition-management-service] [http-nio-8084-exec-2] org.league.app.filter.RouteFilter        : Path not found: /api/competition/create-comfpetitigon
2025-01-14T23:11:32.654+01:00 ERROR 39032 --- [competition-management-service] [http-nio-8084-exec-4] org.league.app.filter.RouteFilter        : Path not found: /api/competition/create-competitigon
2025-01-14T23:11:39.391+01:00  INFO 39032 --- [competition-management-service] [http-nio-8084-exec-6] org.league.app.filter.JWTFilter          : Extracted email: ylopatkin@gmail.com
2025-01-14T23:11:39.391+01:00  INFO 39032 --- [competition-management-service] [http-nio-8084-exec-6] org.league.app.filter.JWTFilter          : User email: ylopatkin@gmail.com
2025-01-14T23:11:39.466+01:00  WARN 39032 --- [competition-management-service] [http-nio-8084-exec-6] .w.s.m.s.DefaultHandlerExceptionResolver : Resolved [org.springframework.web.bind.MissingServletRequestParameterException: Required request parameter 'sportId' for method parameter type Integer is not present]
2025-01-14T23:11:44.855+01:00  INFO 39032 --- [competition-management-service] [http-nio-8084-exec-8] org.league.app.filter.JWTFilter          : Extracted email: ylopatkin@gmail.com
2025-01-14T23:11:44.855+01:00  INFO 39032 --- [competition-management-service] [http-nio-8084-exec-8] org.league.app.filter.JWTFilter          : User email: ylopatkin@gmail.com
2025-01-14T23:11:49.747+01:00  INFO 39032 --- [competition-management-service] [http-nio-8084-exec-9] org.league.app.filter.JWTFilter          : Extracted email: ylopatkin@gmail.com
2025-01-14T23:11:49.748+01:00  INFO 39032 --- [competition-management-service] [http-nio-8084-exec-9] org.league.app.filter.JWTFilter          : User email: ylopatkin@gmail.com
2025-01-14T23:11:49.772+01:00  WARN 39032 --- [competition-management-service] [http-nio-8084-exec-9] .w.s.m.s.DefaultHandlerExceptionResolver : Resolved [org.springframework.web.bind.MissingServletRequestParameterException: Required request parameter 'gameSystemId' for method parameter type Integer is not present]
2025-01-14T23:11:53.502+01:00 ERROR 39032 --- [competition-management-service] [http-nio-8084-exec-1] org.league.app.filter.RouteFilter        : Path not found: /api/competition/create-competitiong
2025-01-14T23:15:32.041+01:00  INFO 39032 --- [competition-management-service] [configWatchTaskScheduler-1] o.s.c.e.event.RefreshEventListener       : Refresh keys changed: [logging.level.org.springframework, logging.file.name, logging.level.root]
2025-01-14T23:21:54.263+01:00  INFO 39032 --- [competition-management-service] [SpringApplicationShutdownHook] j.LocalContainerEntityManagerFactoryBean : Closing JPA EntityManagerFactory for persistence unit 'default'
2025-01-14T23:21:54.270+01:00  INFO 39032 --- [competition-management-service] [SpringApplicationShutdownHook] com.zaxxer.hikari.HikariDataSource       : HikariPool-1 - Shutdown initiated...
2025-01-14T23:21:54.297+01:00  INFO 39032 --- [competition-management-service] [SpringApplicationShutdownHook] com.zaxxer.hikari.HikariDataSource       : HikariPool-1 - Shutdown completed.
2025-01-14T23:21:54.298+01:00  INFO 39032 --- [competition-management-service] [SpringApplicationShutdownHook] o.s.c.c.s.ConsulServiceRegistry          : Deregistering service with consul: competition-management-service-8084
